
===== native route and fill (688.07s) =====
OPENROAD: /OpenROAD-flow-scripts/tools/OpenROAD
rm -f ./results/nangate45/similarity_asic_transfer_broadcast/base/1_* ./results/nangate45/similarity_asic_transfer_broadcast/base/mem*.json
rm -rf ./results/nangate45/similarity_asic_transfer_broadcast/base/memories
rm -f ./reports/nangate45/similarity_asic_transfer_broadcast/base/synth_*
rm -f ./logs/nangate45/similarity_asic_transfer_broadcast/base/1_*
rm -f 
rm -f ./results/nangate45/similarity_asic_transfer_broadcast/base/clock_period.txt
rm -f ./results/nangate45/similarity_asic_transfer_broadcast/base/2_*floorplan*.odb ./results/nangate45/similarity_asic_transfer_broadcast/base/2_floorplan.sdc ./results/nangate45/similarity_asic_transfer_broadcast/base/2_*.v ./results/nangate45/similarity_asic_transfer_broadcast/base/2_*.def
rm -f ./reports/nangate45/similarity_asic_transfer_broadcast/base/2_*
rm -f ./logs/nangate45/similarity_asic_transfer_broadcast/base/2_*
rm -f ./results/nangate45/similarity_asic_transfer_broadcast/base/3_*place*.odb
rm -f ./results/nangate45/similarity_asic_transfer_broadcast/base/3_place.sdc
rm -f ./results/nangate45/similarity_asic_transfer_broadcast/base/3_*.def ./results/nangate45/similarity_asic_transfer_broadcast/base/3_*.v
rm -f ./reports/nangate45/similarity_asic_transfer_broadcast/base/3_*
rm -f ./logs/nangate45/similarity_asic_transfer_broadcast/base/3_*
rm -rf ./results/nangate45/similarity_asic_transfer_broadcast/base/4_*cts*.odb ./results/nangate45/similarity_asic_transfer_broadcast/base/4_cts.sdc ./results/nangate45/similarity_asic_transfer_broadcast/base/4_*.v ./results/nangate45/similarity_asic_transfer_broadcast/base/4_*.def
rm -f  ./reports/nangate45/similarity_asic_transfer_broadcast/base/4_*
rm -rf ./logs/nangate45/similarity_asic_transfer_broadcast/base/4_*
rm -rf ./results/nangate45/similarity_asic_transfer_broadcast/base/route.guide ./results/nangate45/similarity_asic_transfer_broadcast/base/output_guide.mod ./results/nangate45/similarity_asic_transfer_broadcast/base/updated_clks.sdc
rm -rf ./results/nangate45/similarity_asic_transfer_broadcast/base/5_*.odb ./results/nangate45/similarity_asic_transfer_broadcast/base/5_route.sdc ./results/nangate45/similarity_asic_transfer_broadcast/base/5_*.def ./results/nangate45/similarity_asic_transfer_broadcast/base/5_*.v
rm -f  ./reports/nangate45/similarity_asic_transfer_broadcast/base/5_*
rm -f  ./logs/nangate45/similarity_asic_transfer_broadcast/base/5_*
rm -rf ./results/nangate45/similarity_asic_transfer_broadcast/base/6_*.gds ./results/nangate45/similarity_asic_transfer_broadcast/base/6_*.oas ./results/nangate45/similarity_asic_transfer_broadcast/base/6_*.odb ./results/nangate45/similarity_asic_transfer_broadcast/base/6_*.v ./results/nangate45/similarity_asic_transfer_broadcast/base/6_*.def ./results/nangate45/similarity_asic_transfer_broadcast/base/6_*.sdc ./results/nangate45/similarity_asic_transfer_broadcast/base/6_*.spef
rm -rf ./reports/nangate45/similarity_asic_transfer_broadcast/base/6_*.rpt
rm -f  ./logs/nangate45/similarity_asic_transfer_broadcast/base/6_*
rm -f ./reports/nangate45/similarity_asic_transfer_broadcast/base/design-dir.txt
rm -f ./reports/nangate45/similarity_asic_transfer_broadcast/base/metadata*.*
rm -f ./results/nangate45/similarity_asic_transfer_broadcast/base/similarity_asic_transfer_broadcast.lib ./results/nangate45/similarity_asic_transfer_broadcast/base/similarity_asic_transfer_broadcast.lef
rm -rf ./objects/nangate45/similarity_asic_transfer_broadcast/base
mkdir -p ./results/nangate45/similarity_asic_transfer_broadcast/base/
echo 20.0 > ./results/nangate45/similarity_asic_transfer_broadcast/base/clock_period.txt
/OpenROAD-flow-scripts/flow/scripts/synth.sh /OpenROAD-flow-scripts/flow/scripts/synth_canonicalize.tcl ./logs/nangate45/similarity_asic_transfer_broadcast/base/1_1_yosys_canonicalize.log
Using ABC speed script.
Extracting clock period from SDC file: ./results/nangate45/similarity_asic_transfer_broadcast/base/clock_period.txt
Setting clock period to 20.0
1. Executing Liberty frontend: /OpenROAD-flow-scripts/flow/platforms/nangate45/lib/NangateOpenCellLibrary_typical.lib
2. Executing Liberty frontend: /OpenROAD-flow-scripts/flow/platforms/nangate45/lib/NangateOpenCellLibrary_typical.lib
3. Executing Verilog-2005 frontend: /work/rtl/kernellum_mac_array.sv
4. Executing Verilog-2005 frontend: /work/rtl/kernellum_local_mac_array.sv
5. Executing Verilog-2005 frontend: /work/rtl/similarity_asic_transfer_top.sv
6. Executing Verilog-2005 frontend: /OpenROAD-flow-scripts/flow/platforms/nangate45/cells_clkgate.v
7. Executing HIERARCHY pass (managing design hierarchy).
8. Executing AST frontend in derive mode using pre-parsed AST for module `\similarity_asic_transfer_broadcast'.
8.1. Analyzing design hierarchy..
8.2. Executing AST frontend in derive mode using pre-parsed AST for module `\similarity_asic_transport_core'.
8.3. Analyzing design hierarchy..
8.4. Executing AST frontend in derive mode using pre-parsed AST for module `\kernellum_mac_array'.
8.5. Analyzing design hierarchy..
8.6. Analyzing design hierarchy..
9. Executing OPT_CLEAN pass (remove unused cells and wires).
Warning: Ignoring module $paramod$c56ce9bbb64cd8a9970356c5fafd7ae45fd022ac\similarity_asic_transport_core because it contains processes (run 'proc' command first).
Warning: Ignoring module $paramod$8202cbc24011cca005bb32354eb35c802cbaf2e8\kernellum_mac_array because it contains processes (run 'proc' command first).
10. Executing RTLIL backend.
Warnings: 2 unique messages, 2 total
End of script. Logfile hash: 2d8addfaf8, time: 0.16s, user: 0.12s, system: 0.02s, MEM: 42.93 MB peak
Yosys 0.68+post (git sha1 UNKNOWN, Release, GNU /usr/local/bin/wrapped-cc/g++ 11.4.0)
Time spent: 58% 4x read_liberty (0 sec), 23% 1x hierarchy (0 sec), ...
Elapsed time: 0:00.17[h:]min:sec. CPU time: user 0.14 sys 0.02 (99%). Peak memory: 47056KB.
Log                       Ext     Elapsed/s Peak Memory/MB sha1sum result [0:20)
1_1_yosys_canonicalize    .rtlil          0             45 743271d649a40f9222ba
/OpenROAD-flow-scripts/flow/scripts/synth.sh /OpenROAD-flow-scripts/flow/scripts/synth.tcl ./logs/nangate45/similarity_asic_transfer_broadcast/base/1_2_yosys.log
Using ABC speed script.
Extracting clock period from SDC file: ./results/nangate45/similarity_asic_transfer_broadcast/base/clock_period.txt
Setting clock period to 20.0
1. Executing RTLIL frontend.
2. Executing HIERARCHY pass (managing design hierarchy).
2.1. Analyzing design hierarchy..
2.2. Analyzing design hierarchy..
3. Executing SYNTH pass.
3.1. Executing HIERARCHY pass (managing design hierarchy).
3.1.1. Analyzing design hierarchy..
3.1.2. Analyzing design hierarchy..
3.2. Executing PROC pass (convert processes to netlists).
3.2.1. Executing PROC_CLEAN pass (remove empty switches from decision trees).
3.2.2. Executing PROC_RMDEAD pass (remove dead branches from decision trees).
3.2.3. Executing PROC_PRUNE pass (remove redundant assignments in processes).
3.2.4. Executing PROC_INIT pass (extract init attributes).
3.2.5. Executing PROC_ARST pass (detect async resets in processes).
3.2.6. Executing PROC_ROM pass (convert switches to ROMs).
3.2.7. Executing PROC_MUX pass (convert decision trees to multiplexers).
3.2.8. Executing PROC_DLATCH pass (convert process syncs to latches).
3.2.9. Executing PROC_DFF pass (convert process syncs to FFs).
3.2.10. Executing PROC_MEMWR pass (convert process memory writes to cells).
3.2.11. Executing PROC_CLEAN pass (remove empty switches from decision trees).
3.2.12. Executing OPT_EXPR pass (perform const folding).
3.3. Executing CHECK pass (checking for obvious problems).
3.4. Executing FLATTEN pass (flatten design).
3.5. Executing OPT_EXPR pass (perform const folding).
3.6. Executing OPT_CLEAN pass (remove unused cells and wires).
3.7. Executing CHECK pass (checking for obvious problems).
3.8. Executing OPT pass (performing simple optimizations).
3.8.1. Executing OPT_EXPR pass (perform const folding).
3.8.2. Executing OPT_MERGE pass (detect identical cells).
3.8.3. Executing OPT_MUXTREE pass (detect dead branches in mux trees).
3.8.4. Executing OPT_REDUCE pass (consolidate $*mux and $reduce_* inputs).
3.8.5. Executing OPT_MERGE pass (detect identical cells).
3.8.6. Executing OPT_DFF pass (perform DFF optimizations).
3.8.7. Executing OPT_CLEAN pass (remove unused cells and wires).
3.8.8. Executing OPT_EXPR pass (perform const folding).
3.8.9. Rerunning OPT passes. (Maybe there is more to do..)
3.8.10. Executing OPT_MUXTREE pass (detect dead branches in mux trees).
3.8.11. Executing OPT_REDUCE pass (consolidate $*mux and $reduce_* inputs).
3.8.12. Executing OPT_MERGE pass (detect identical cells).
3.8.13. Executing OPT_DFF pass (perform DFF optimizations).
3.8.14. Executing OPT_CLEAN pass (remove unused cells and wires).
3.8.15. Executing OPT_EXPR pass (perform const folding).
3.8.16. Finished fast OPT passes. (There is nothing left to do.)
3.9. Executing FSM pass (extract and optimize FSM).
3.9.1. Executing FSM_DETECT pass (finding FSMs in design).
3.9.2. Executing FSM_EXTRACT pass (extracting FSM from design).
3.9.3. Executing FSM_OPT pass (simple optimizations of FSMs).
3.9.4. Executing OPT_CLEAN pass (remove unused cells and wires).
3.9.5. Executing FSM_OPT pass (simple optimizations of FSMs).
3.9.6. Executing FSM_RECODE pass (re-assigning FSM state encoding).
3.9.7. Executing FSM_INFO pass (dumping all available information on FSM cells).
3.9.8. Executing FSM_MAP pass (mapping FSMs to basic logic).
3.10. Executing OPT pass (performing simple optimizations).
3.10.1. Executing OPT_EXPR pass (perform const folding).
3.10.2. Executing OPT_MERGE pass (detect identical cells).
3.10.3. Executing OPT_MUXTREE pass (detect dead branches in mux trees).
3.10.4. Executing OPT_REDUCE pass (consolidate $*mux and $reduce_* inputs).
3.10.5. Executing OPT_MERGE pass (detect identical cells).
3.10.6. Executing OPT_DFF pass (perform DFF optimizations).
3.10.7. Executing OPT_CLEAN pass (remove unused cells and wires).
3.10.8. Executing OPT_EXPR pass (perform const folding).
3.10.9. Rerunning OPT passes. (Maybe there is more to do..)
3.10.10. Executing OPT_MUXTREE pass (detect dead branches in mux trees).
3.10.11. Executing OPT_REDUCE pass (consolidate $*mux and $reduce_* inputs).
3.10.12. Executing OPT_MERGE pass (detect identical cells).
3.10.13. Executing OPT_DFF pass (perform DFF optimizations).
3.10.14. Executing OPT_CLEAN pass (remove unused cells and wires).
3.10.15. Executing OPT_EXPR pass (perform const folding).
3.10.16. Finished fast OPT passes. (There is nothing left to do.)
3.11. Executing WREDUCE pass (reducing word size of cells).
3.12. Executing PEEPOPT pass (run peephole optimizers).
3.13. Executing OPT_CLEAN pass (remove unused cells and wires).
3.14. Executing ALUMACC pass (create $alu and $macc cells).
3.15. Executing SHARE pass (SAT-based resource sharing).
3.16. Executing OPT pass (performing simple optimizations).
3.16.1. Executing OPT_EXPR pass (perform const folding).
3.16.2. Executing OPT_MERGE pass (detect identical cells).
3.16.3. Executing OPT_MUXTREE pass (detect dead branches in mux trees).
3.16.4. Executing OPT_REDUCE pass (consolidate $*mux and $reduce_* inputs).
3.16.5. Executing OPT_MERGE pass (detect identical cells).
3.16.6. Executing OPT_DFF pass (perform DFF optimizations).
3.16.7. Executing OPT_CLEAN pass (remove unused cells and wires).
3.16.8. Executing OPT_EXPR pass (perform const folding).
3.16.9. Rerunning OPT passes. (Maybe there is more to do..)
3.16.10. Executing OPT_MUXTREE pass (detect dead branches in mux trees).
3.16.11. Executing OPT_REDUCE pass (consolidate $*mux and $reduce_* inputs).
3.16.12. Executing OPT_MERGE pass (detect identical cells).
3.16.13. Executing OPT_DFF pass (perform DFF optimizations).
3.16.14. Executing OPT_CLEAN pass (remove unused cells and wires).
3.16.15. Executing OPT_EXPR pass (perform const folding).
3.16.16. Finished fast OPT passes. (There is nothing left to do.)
3.17. Executing MEMORY pass.
3.17.1. Executing OPT_MEM pass (optimize memories).
3.17.2. Executing OPT_MEM_PRIORITY pass (removing unnecessary memory write priority relations).
3.17.3. Executing OPT_MEM_FEEDBACK pass (finding memory read-to-write feedback paths).
3.17.4. Executing MEMORY_BMUX2ROM pass (converting muxes to ROMs).
3.17.5. Executing MEMORY_DFF pass (merging $dff cells to $memrd).
3.17.6. Executing OPT_CLEAN pass (remove unused cells and wires).
3.17.7. Executing MEMORY_SHARE pass (consolidating $memrd/$memwr cells).
3.17.8. Executing OPT_MEM_WIDEN pass (optimize memories where all ports are wide).
3.17.9. Executing OPT_CLEAN pass (remove unused cells and wires).
3.17.10. Executing MEMORY_COLLECT pass (generating $mem cells).
3.18. Executing OPT_CLEAN pass (remove unused cells and wires).
4. Executing SYNTH pass.
4.1. Executing OPT pass (performing simple optimizations).
4.1.1. Executing OPT_EXPR pass (perform const folding).
4.1.2. Executing OPT_MERGE pass (detect identical cells).
4.1.3. Executing OPT_DFF pass (perform DFF optimizations).
4.1.4. Executing OPT_CLEAN pass (remove unused cells and wires).
4.1.5. Finished fast OPT passes.
4.2. Executing MEMORY_MAP pass (converting memories to logic and flip-flops).
4.3. Executing OPT pass (performing simple optimizations).
4.3.1. Executing OPT_EXPR pass (perform const folding).
4.3.2. Executing OPT_MERGE pass (detect identical cells).
4.3.3. Executing OPT_MUXTREE pass (detect dead branches in mux trees).
4.3.4. Executing OPT_REDUCE pass (consolidate $*mux and $reduce_* inputs).
4.3.5. Executing OPT_MERGE pass (detect identical cells).
4.3.6. Executing OPT_SHARE pass.
4.3.7. Executing OPT_DFF pass (perform DFF optimizations).
4.3.8. Executing OPT_CLEAN pass (remove unused cells and wires).
4.3.9. Executing OPT_EXPR pass (perform const folding).
4.3.10. Rerunning OPT passes. (Maybe there is more to do..)
4.3.11. Executing OPT_MUXTREE pass (detect dead branches in mux trees).
4.3.12. Executing OPT_REDUCE pass (consolidate $*mux and $reduce_* inputs).
4.3.13. Executing OPT_MERGE pass (detect identical cells).
4.3.14. Executing OPT_SHARE pass.
4.3.15. Executing OPT_DFF pass (perform DFF optimizations).
4.3.16. Executing OPT_CLEAN pass (remove unused cells and wires).
4.3.17. Executing OPT_EXPR pass (perform const folding).
4.3.18. Finished fast OPT passes. (There is nothing left to do.)
4.4. Executing TECHMAP pass (map to technology primitives).
4.4.1. Executing Verilog-2005 frontend: /OpenROAD-flow-scripts/tools/install/yosys/bin/../share/yosys/techmap.v
4.4.2. Executing Verilog-2005 frontend: /OpenROAD-flow-scripts/flow/platforms/common/lcu_kogge_stone.v
4.4.3. Continuing TECHMAP pass.
4.5. Executing OPT pass (performing simple optimizations).
4.5.1. Executing OPT_EXPR pass (perform const folding).
4.5.2. Executing OPT_MERGE pass (detect identical cells).
4.5.3. Executing OPT_DFF pass (perform DFF optimizations).
4.5.4. Executing OPT_CLEAN pass (remove unused cells and wires).
4.5.5. Finished fast OPT passes.
4.6. Executing HIERARCHY pass (managing design hierarchy).
4.6.1. Analyzing design hierarchy..
4.6.2. Analyzing design hierarchy..
4.7. Printing statistics.
4.8. Executing CHECK pass (checking for obvious problems).
5. Executing OPT pass (performing simple optimizations).
5.1. Executing OPT_EXPR pass (perform const folding).
5.2. Executing OPT_MERGE pass (detect identical cells).
5.3. Executing OPT_MUXTREE pass (detect dead branches in mux trees).
5.4. Executing OPT_REDUCE pass (consolidate $*mux and $reduce_* inputs).
5.5. Executing OPT_MERGE pass (detect identical cells).
5.6. Executing OPT_DFF pass (perform DFF optimizations).
5.7. Executing OPT_CLEAN pass (remove unused cells and wires).
5.8. Executing OPT_EXPR pass (perform const folding).
5.9. Rerunning OPT passes. (Maybe there is more to do..)
5.10. Executing OPT_MUXTREE pass (detect dead branches in mux trees).
5.11. Executing OPT_REDUCE pass (consolidate $*mux and $reduce_* inputs).
5.12. Executing OPT_MERGE pass (detect identical cells).
5.13. Executing OPT_DFF pass (perform DFF optimizations).
5.14. Executing OPT_CLEAN pass (remove unused cells and wires).
5.15. Executing OPT_EXPR pass (perform const folding).
5.16. Finished fast OPT passes. (There is nothing left to do.)
6. Executing EXTRACT_FA pass (find and extract full/half adders).
7. Executing TECHMAP pass (map to technology primitives).
7.1. Executing Verilog-2005 frontend: /OpenROAD-flow-scripts/flow/platforms/nangate45/cells_adders.v
7.2. Continuing TECHMAP pass.
8. Executing TECHMAP pass (map to technology primitives).
8.1. Executing Verilog-2005 frontend: /OpenROAD-flow-scripts/tools/install/yosys/bin/../share/yosys/techmap.v
8.2. Continuing TECHMAP pass.
9. Executing OPT pass (performing simple optimizations).
9.1. Executing OPT_EXPR pass (perform const folding).
9.2. Executing OPT_MERGE pass (detect identical cells).
9.3. Executing OPT_DFF pass (perform DFF optimizations).
9.4. Executing OPT_CLEAN pass (remove unused cells and wires).
9.5. Finished fast OPT passes.
10. Executing DFFLEGALIZE pass (convert FFs to types supported by the target).
11. Executing TECHMAP pass (map to technology primitives).
11.1. Executing Verilog-2005 frontend: /OpenROAD-flow-scripts/flow/platforms/nangate45/cells_latch.v
11.2. Continuing TECHMAP pass.
12. Executing DFFLIBMAP pass (mapping DFF cells to sequential cells from liberty file).
12.1. Executing DFFLEGALIZE pass (convert FFs to types supported by the target).
13. Executing OPT pass (performing simple optimizations).
13.1. Executing OPT_EXPR pass (perform const folding).
13.2. Executing OPT_MERGE pass (detect identical cells).
13.3. Executing OPT_MUXTREE pass (detect dead branches in mux trees).
13.4. Executing OPT_REDUCE pass (consolidate $*mux and $reduce_* inputs).
13.5. Executing OPT_MERGE pass (detect identical cells).
13.6. Executing OPT_DFF pass (perform DFF optimizations).
13.7. Executing OPT_CLEAN pass (remove unused cells and wires).
13.8. Executing OPT_EXPR pass (perform const folding).
13.9. Rerunning OPT passes. (Maybe there is more to do..)
13.10. Executing OPT_MUXTREE pass (detect dead branches in mux trees).
13.11. Executing OPT_REDUCE pass (consolidate $*mux and $reduce_* inputs).
13.12. Executing OPT_MERGE pass (detect identical cells).
13.13. Executing OPT_DFF pass (perform DFF optimizations).
13.14. Executing OPT_CLEAN pass (remove unused cells and wires).
13.15. Executing OPT_EXPR pass (perform const folding).
13.16. Finished fast OPT passes. (There is nothing left to do.)
14. Executing SETUNDEF pass (replace undef values with defined constants).
abc -script /OpenROAD-flow-scripts/flow/scripts/abc_speed.script -liberty /OpenROAD-flow-scripts/flow/platforms/nangate45/lib/NangateOpenCellLibrary_typical.lib -dont_use TAPCELL_X1 -dont_use FILLCELL_X1 -dont_use AOI211_X1 -dont_use OAI211_X1 -constr ./objects/nangate45/similarity_asic_transfer_broadcast/base/abc.constr -D 20.0
15. Executing ABC pass (technology mapping using ABC).
15.1. Extracting gate netlist of module `\similarity_asic_transfer_broadcast' to `<abc-temp-dir>/input.blif'..
15.1.1. Executed ABC.
15.1.2. Re-integrating ABC results.
Took 13 seconds: abc -script /OpenROAD-flow-scripts/flow/scripts/abc_speed.script -liberty /OpenROAD-flow-scripts/flow/platforms/nangate45/lib/NangateOpenCellLibrary_typical.lib -dont_use TAPCELL_X1 -dont_use FILLCELL_X1 -dont_use AOI211_X1 -dont_use OAI211_X1 -constr ./objects/nangate45/similarity_asic_transfer_broadcast/base/abc.constr -D 20.0
16. Executing SPLITNETS pass (splitting up multi-bit signals).
17. Executing OPT_CLEAN pass (remove unused cells and wires).
18. Executing HILOMAP pass (mapping to constant drivers).
19. Executing INSBUF pass (insert buffer cells for connected wires).
20. Executing CHECK pass (checking for obvious problems).
21. Printing statistics.
22. Executing CHECK pass (checking for obvious problems).
23. Executing Verilog backend.
23.1. Executing BMUXMAP pass.
23.2. Executing DEMUXMAP pass.
End of script. Logfile hash: c450156969, time: 39.30s, user: 29.39s, system: 0.38s, MEM: 380.47 MB peak
Yosys 0.68+post (git sha1 UNKNOWN, Release, GNU /usr/local/bin/wrapped-cc/g++ 11.4.0)
Time spent: 31% 1x extract_fa (13 sec), 30% 1x abc (13 sec), ...
Elapsed time: 0:39.44[h:]min:sec. CPU time: user 42.21 sys 0.47 (108%). Peak memory: 389600KB.
Log                       Ext     Elapsed/s Peak Memory/MB sha1sum result [0:20)
1_2_yosys                 .v             39            380 04a8cccfc32e7b130cab
cp /work/asic/transfer/constraints.sdc results/nangate45/similarity_asic_transfer_broadcast/base/1_2_yosys.sdc
touch -r /work/asic/transfer/constraints.sdc results/nangate45/similarity_asic_transfer_broadcast/base/1_2_yosys.sdc
OpenROAD unknown 
Features included (+) or not (-): -GPU +GUI -Python
This program is licensed under the BSD-3 license. See the LICENSE file for details.
Components of this program may be licensed under more restrictive licenses which must be honored.
[INFO ORD-0030] Using 4 thread(s).
mkdir -p ./objects/nangate45/similarity_asic_transfer_broadcast/base
/OpenROAD-flow-scripts/flow/scripts/flow.sh 1_synth synth_odb
Running synth_odb.tcl, stage 1_synth
read_liberty /OpenROAD-flow-scripts/flow/platforms/nangate45/lib/NangateOpenCellLibrary_typical.lib
[INFO ODB-0227] LEF file: /OpenROAD-flow-scripts/flow/platforms/nangate45/lef/NangateOpenCellLibrary.tech.lef, created 22 layers, 27 vias
[INFO ODB-0227] LEF file: /OpenROAD-flow-scripts/flow/platforms/nangate45/lef/NangateOpenCellLibrary.macro.mod.lef, created 135 library cells
link_design similarity_asic_transfer_broadcast
read_sdc ./results/nangate45/similarity_asic_transfer_broadcast/base/1_2_yosys.sdc
source /OpenROAD-flow-scripts/flow/platforms/nangate45/setRC.tcl
eliminate_dead_logic
Removed 41 unused instances and 41 unused nets.
Design area 65132 um^2 100% utilization.
write_db ./results/nangate45/similarity_asic_transfer_broadcast/base/1_synth.odb
write_sdc -no_timestamp ./results/nangate45/similarity_asic_transfer_broadcast/base/1_synth.sdc
Elapsed time: 0:01.00[h:]min:sec. CPU time: user 0.95 sys 0.04 (99%). Peak memory: 193864KB.
Log                       Ext     Elapsed/s Peak Memory/MB sha1sum result [0:20)
1_synth                   .odb            1            189 4d0910065f5bd93f0e02
1_synth                   .sdc                             9b902f57180de0be30ff
/OpenROAD-flow-scripts/flow/scripts/flow.sh 2_1_floorplan floorplan
Running floorplan.tcl, stage 2_1_floorplan
read_liberty /OpenROAD-flow-scripts/flow/platforms/nangate45/lib/NangateOpenCellLibrary_typical.lib
read_db ./results/nangate45/similarity_asic_transfer_broadcast/base/1_synth.odb
read_sdc ./results/nangate45/similarity_asic_transfer_broadcast/base/1_synth.sdc
source /OpenROAD-flow-scripts/flow/platforms/nangate45/setRC.tcl

==========================================================================
Floorplan check_setup
--------------------------------------------------------------------------
Warning: There is 1 input port missing set_input_delay.
Warning: There are 32 output ports missing set_output_delay.
Warning: There are 34 unconstrained endpoints.
number instances in verilog is 30943
initialize_floorplan -utilization 35 -aspect_ratio 1.0 -core_space 1.0 -site FreePDK45_38x28_10R_NP_162NW_34O
[INFO IFP-0107] Defining die area using utilization: 35.00% and aspect ratio: 1.
[WARNING IFP-0028] Core area lower left (1.000, 1.000) snapped to (1.140, 1.400).
[INFO IFP-0001] Added 307 rows of 2269 site FreePDK45_38x28_10R_NP_162NW_34O.
[INFO IFP-0100] Die BBox:  (  0.000  0.000 ) ( 433.380 433.380 ) um
[INFO IFP-0101] Core BBox: (  1.140  1.400 ) ( 432.250 431.200 ) um
[INFO IFP-0102] Core area:                       185291.078 um^2
[INFO IFP-0103] Total instances area:             65131.696 um^2
[INFO IFP-0104] Effective utilization:                0.352
[INFO IFP-0105] Number of instances:                  30943
source /OpenROAD-flow-scripts/flow/platforms/nangate45/make_tracks.tcl
source /OpenROAD-flow-scripts/flow/platforms/nangate45/fastroute.tcl
set_dont_use "TAPCELL_X1 FILLCELL_X1 AOI211_X1 OAI211_X1"
repair_tie_fanout -separation 0 NangateOpenCellLibrary/LOGIC0_X1/Z
repair_tie_fanout -separation 0 NangateOpenCellLibrary/LOGIC1_X1/Z
repair_timing -setup_margin 0 -hold_margin 0 -repair_tns 100 -setup -skip_last_gasp -sequence unbuffer,sizeup,swap,vt_swap -verbose
[WARNING EST-0027] no estimated parasitics. Using wire load models.
[INFO RSZ-0100] Repair move sequence: UnbufferMove SizeUpMove SwapPinsMove 
[INFO RSZ-0098] No setup violations found
[INFO RSZ-0505] Runtime: 0.11s
Default units for flow
 time 1ns
 capacitance 1fF
 resistance 1kohm
 voltage 1v
 current 1mA
 power 1nW
 distance 1um
   Layer   | Unit Resistance | Unit Capacitance 
           |       (kohm/um) |          (fF/um)
------------------------------------------------
    metal1 |        5.43e-03 |         7.42e-02
    metal2 |        3.57e-03 |         8.34e-02
    metal3 |        3.57e-03 |         1.04e-01
    metal4 |        1.50e-03 |         1.19e-01
    metal5 |        1.50e-03 |         1.09e-01
    metal6 |        1.50e-03 |         1.14e-01
    metal7 |        1.88e-04 |         1.17e-01
    metal8 |        1.88e-04 |         9.45e-02
    metal9 |        3.75e-05 |         1.06e-01
   metal10 |        3.75e-05 |         7.37e-01
------------------------------------------------

   Layer   | Via Resistance 
           |         (kohm) 
----------------------------
      via1 |       5.00e-03 
      via2 |       5.00e-03 
      via3 |       5.00e-03 
      via4 |       3.00e-03 
      via5 |       3.00e-03 
      via6 |       3.00e-03 
      via7 |       1.00e-03 
      via8 |       1.00e-03 
      via9 |       5.00e-04 
----------------------------
Report metrics stage 2, floorplan final...

==========================================================================
floorplan final report_design_area
--------------------------------------------------------------------------
Design area 65132 um^2 35% utilization.
write_db ./results/nangate45/similarity_asic_transfer_broadcast/base/2_1_floorplan.odb
write_sdc -no_timestamp ./results/nangate45/similarity_asic_transfer_broadcast/base/2_1_floorplan.sdc
Elapsed time: 0:05.90[h:]min:sec. CPU time: user 6.98 sys 0.13 (120%). Peak memory: 263528KB.
Log                       Ext     Elapsed/s Peak Memory/MB sha1sum result [0:20)
2_1_floorplan             .odb            5            257 d354679f7bfad429f5d1
2_1_floorplan             .sdc                             9b902f57180de0be30ff
/OpenROAD-flow-scripts/flow/scripts/flow.sh 2_2_floorplan_macro macro_place
Running macro_place.tcl, stage 2_2_floorplan_macro
read_liberty /OpenROAD-flow-scripts/flow/platforms/nangate45/lib/NangateOpenCellLibrary_typical.lib
read_db ./results/nangate45/similarity_asic_transfer_broadcast/base/2_1_floorplan.odb
read_sdc ./results/nangate45/similarity_asic_transfer_broadcast/base/2_1_floorplan.sdc
source /OpenROAD-flow-scripts/flow/platforms/nangate45/setRC.tcl
No macros found: Skipping macro_placement
Design area 65132 um^2 35% utilization.
write_db ./results/nangate45/similarity_asic_transfer_broadcast/base/2_2_floorplan_macro.odb
Elapsed time: 0:00.42[h:]min:sec. CPU time: user 0.37 sys 0.05 (99%). Peak memory: 145984KB.
Log                       Ext     Elapsed/s Peak Memory/MB sha1sum result [0:20)
2_2_floorplan_macro       .odb            0            142 d354679f7bfad429f5d1
/OpenROAD-flow-scripts/flow/scripts/flow.sh 2_3_floorplan_tapcell tapcell
Running tapcell.tcl, stage 2_3_floorplan_tapcell
read_liberty /OpenROAD-flow-scripts/flow/platforms/nangate45/lib/NangateOpenCellLibrary_typical.lib
read_db ./results/nangate45/similarity_asic_transfer_broadcast/base/2_2_floorplan_macro.odb
read_sdc ./results/nangate45/similarity_asic_transfer_broadcast/base/2_1_floorplan.sdc
source /OpenROAD-flow-scripts/flow/platforms/nangate45/setRC.tcl
[INFO TAP-0004] Inserted 614 endcaps.
[INFO TAP-0005] Inserted 463 tapcells.
Design area 65418 um^2 35% utilization.
write_db ./results/nangate45/similarity_asic_transfer_broadcast/base/2_3_floorplan_tapcell.odb
Elapsed time: 0:00.39[h:]min:sec. CPU time: user 0.35 sys 0.04 (98%). Peak memory: 144436KB.
Log                       Ext     Elapsed/s Peak Memory/MB sha1sum result [0:20)
2_3_floorplan_tapcell     .odb            0            141 23d8f2420b4794907475
/OpenROAD-flow-scripts/flow/scripts/flow.sh 2_4_floorplan_pdn pdn
Running pdn.tcl, stage 2_4_floorplan_pdn
read_liberty /OpenROAD-flow-scripts/flow/platforms/nangate45/lib/NangateOpenCellLibrary_typical.lib
read_db ./results/nangate45/similarity_asic_transfer_broadcast/base/2_3_floorplan_tapcell.odb
read_sdc ./results/nangate45/similarity_asic_transfer_broadcast/base/2_1_floorplan.sdc
source /OpenROAD-flow-scripts/flow/platforms/nangate45/setRC.tcl
[WARNING PDN-1051] No instances found for grid (CORE_macro_grid_1).
[WARNING PDN-1051] No instances found for grid (CORE_macro_grid_2).
[INFO PDN-0001] Inserting grid: grid
[INFO PDN-0500] Runtime: 0.04s
Design area 65418 um^2 35% utilization.
write_db ./results/nangate45/similarity_asic_transfer_broadcast/base/2_4_floorplan_pdn.odb
Elapsed time: 0:00.69[h:]min:sec. CPU time: user 0.64 sys 0.04 (99%). Peak memory: 154820KB.
Log                       Ext     Elapsed/s Peak Memory/MB sha1sum result [0:20)
2_4_floorplan_pdn         .odb            0            151 80cf1eb8cc91cb10d2c6
cp ./results/nangate45/similarity_asic_transfer_broadcast/base/2_4_floorplan_pdn.odb ./results/nangate45/similarity_asic_transfer_broadcast/base/2_floorplan.odb
cp ./results/nangate45/similarity_asic_transfer_broadcast/base/2_1_floorplan.sdc ./results/nangate45/similarity_asic_transfer_broadcast/base/2_floorplan.sdc
/OpenROAD-flow-scripts/flow/scripts/flow.sh 3_1_place_gp_skip_io global_place_skip_io
Running global_place_skip_io.tcl, stage 3_1_place_gp_skip_io
read_liberty /OpenROAD-flow-scripts/flow/platforms/nangate45/lib/NangateOpenCellLibrary_typical.lib
read_db ./results/nangate45/similarity_asic_transfer_broadcast/base/2_floorplan.odb
read_sdc ./results/nangate45/similarity_asic_transfer_broadcast/base/2_floorplan.sdc
source /OpenROAD-flow-scripts/flow/platforms/nangate45/setRC.tcl
global_placement -skip_io -density 0.5 -pad_left 0 -pad_right 0 -random_seed 277
[INFO GPL-0190] Using 2 of 4 threads for placement: one per core, SMT siblings idle.
[INFO GPL-0001] ---- Initialize GPL Main Data Structures
[INFO GPL-0002] DBU: 2000
[INFO GPL-0003] SiteSize: (  0.190  1.400 ) um
[INFO GPL-0004] CoreBBox: (  1.140  1.400 ) ( 432.250 431.200 ) um
[INFO GPL-0016] Core area:                  185291.078 um^2
[INFO GPL-0036] Movable instances area:      65131.696 um^2
[INFO GPL-0037] Total instances area:        65418.178 um^2
[INFO GPL-0035] Pin density area adjust:      1754.153 um^2
[INFO GPL-0032] ---- Initialize Region: Top-level
[INFO GPL-0006] Number of instances:             32020
[INFO GPL-0007] Movable instances:               30943
[INFO GPL-0008] Fixed instances:                  1077
[INFO GPL-0009] Dummy instances:                     0
[INFO GPL-0010] Number of nets:                  42589
[INFO GPL-0011] Number of pins:                 114742
[INFO GPL-0012] Die BBox:       (  0.000  0.000 ) ( 433.380 433.380 ) um
[INFO GPL-0013] Placement BBox: (  1.140  1.400 ) ( 432.250 431.200 ) um
[INFO GPL-0014] Region name: top-level.
[INFO GPL-0015] Region area:                185291.078 um^2
[INFO GPL-0017] Fixed instances area:          286.482 um^2
[INFO GPL-0018] Movable instances area:      66885.849 um^2
[INFO GPL-0019] Utilization:                    36.154 %
[INFO GPL-0020] Standard cells area:         66885.849 um^2
[INFO GPL-0021] Large instances area:            0.000 um^2
[INFO GPL-0005] ---- Execute Conjugate Gradient Initial Placement.
[INFO GPL-0051] Source of initial instance position counters:
	Odb location = 0	Core center = 30943	Region center = 0
[INFO GPL-0033] ---- Initialize Nesterov Region: Top-level
[INFO GPL-0023] Placement target density:       0.5000
[INFO GPL-0024] Movable insts average area:      2.162 um^2
[INFO GPL-0025] Ideal bin area:                  4.323 um^2
[INFO GPL-0026] Ideal bin count:                 42860
[INFO GPL-0027] Total bin area:             185291.078 um^2
[INFO GPL-0028] Bin count (X, Y):         128 ,    128
[INFO GPL-0029] Bin size (W * H):       3.368 *  3.358 um
[INFO GPL-0030] Number of bins:                  16384
[INFO GPL-0084] ---- Execute Nesterov Global Placement.
[INFO GPL-0031] HPWL: Half-Perimeter Wirelength
Iteration | Overflow |     HPWL (um) |  HPWL(%) |   Penalty | Group
---------------------------------------------------------------
        0 |   0.9995 |  4.136193e+04 |   +0.00% |  6.76e-16 |      
       10 |   0.9992 |  3.205847e+04 |  -22.49% |  1.10e-15 |      
       20 |   0.9992 |  3.189481e+04 |   -0.51% |  1.79e-15 |      
       30 |   0.9992 |  3.198714e+04 |   +0.29% |  2.92e-15 |      
       40 |   0.9992 |  3.206503e+04 |   +0.24% |  4.76e-15 |      
       50 |   0.9992 |  3.212520e+04 |   +0.19% |  7.75e-15 |      
       60 |   0.9992 |  3.215901e+04 |   +0.11% |  1.26e-14 |      
       70 |   0.9992 |  3.219124e+04 |   +0.10% |  2.06e-14 |      
       80 |   0.9992 |  3.228946e+04 |   +0.31% |  3.35e-14 |      
       90 |   0.9992 |  3.257459e+04 |   +0.88% |  5.46e-14 |      
      100 |   0.9991 |  3.333505e+04 |   +2.33% |  8.89e-14 |      
      110 |   0.9988 |  3.528747e+04 |   +5.86% |  1.45e-13 |      
      120 |   0.9982 |  3.951741e+04 |  +11.99% |  2.35e-13 |      
      130 |   0.9974 |  4.716284e+04 |  +19.35% |  3.83e-13 |      
      140 |   0.9952 |  6.020377e+04 |  +27.65% |  6.22e-13 |      
      150 |   0.9915 |  7.600776e+04 |  +26.25% |  1.01e-12 |      
      160 |   0.9869 |  9.208432e+04 |  +21.15% |  1.64e-12 |      
      170 |   0.9810 |  1.093374e+05 |  +18.74% |  2.66e-12 |      
      180 |   0.9727 |  1.303161e+05 |  +19.19% |  4.31e-12 |      
      190 |   0.9597 |  1.567971e+05 |  +20.32% |  6.99e-12 |      
      200 |   0.9419 |  1.881264e+05 |  +19.98% |  1.13e-11 |      
      210 |   0.9177 |  2.212096e+05 |  +17.59% |  1.83e-11 |      
      220 |   0.8874 |  2.540427e+05 |  +14.84% |  2.96e-11 |      
      230 |   0.8512 |  2.866640e+05 |  +12.84% |  4.78e-11 |      
      240 |   0.8088 |  3.167192e+05 |  +10.48% |  7.74e-11 |      
      250 |   0.7711 |  3.440764e+05 |   +8.64% |  1.25e-10 |      
      260 |   0.7271 |  3.733445e+05 |   +8.51% |  2.03e-10 |      
      270 |   0.6794 |  3.934323e+05 |   +5.38% |  3.29e-10 |      
      280 |   0.6330 |  4.211996e+05 |   +7.06% |  5.32e-10 |      
      290 |   0.5836 |  4.433739e+05 |   +5.26% |  8.63e-10 |      
      300 |   0.5423 |  4.604796e+05 |   +3.86% |  1.40e-09 |      
      310 |   0.5027 |  4.680882e+05 |   +1.65% |  2.28e-09 |      
      320 |   0.4610 |  4.684120e+05 |   +0.07% |  3.71e-09 |      
      330 |   0.4265 |  4.651516e+05 |   -0.70% |  6.04e-09 |      
      340 |   0.3883 |  4.703429e+05 |   +1.12% |  9.82e-09 |      
      350 |   0.3527 |  4.718800e+05 |   +0.33% |  1.60e-08 |      
      360 |   0.3208 |  4.697897e+05 |   -0.44% |  2.40e-08 |      
      370 |   0.2883 |  4.693880e+05 |   -0.09% |  3.54e-08 |      
      380 |   0.2549 |  4.686191e+05 |   -0.16% |  5.22e-08 |      
      390 |   0.2238 |  4.688880e+05 |   +0.06% |  7.68e-08 |      
      400 |   0.1959 |  4.692276e+05 |   +0.07% |  1.13e-07 |      
      410 |   0.1714 |  4.698833e+05 |   +0.14% |  1.67e-07 |      
      420 |   0.1478 |  4.702444e+05 |   +0.08% |  2.46e-07 |      
      430 |   0.1277 |  4.707067e+05 |   +0.10% |  3.62e-07 |      
      440 |   0.1099 |  4.712549e+05 |   +0.12% |  5.33e-07 |      
      447 |   0.0986 |  4.717423e+05 |          |  7.26e-07 |      
---------------------------------------------------------------
[INFO GPL-1001] Global placement finished at iteration 447
[INFO GPL-1002] Placed Cell Area            66885.8489
[INFO GPL-1003] Available Free Area         185004.5960
[INFO GPL-1004] Minimum Feasible Density        0.3700 (cell_area / free_area)
[INFO GPL-1006]   Suggested Target Densities:
[INFO GPL-1007]     - For 90% usage of free space: 0.4017
[INFO GPL-1008]     - For 80% usage of free space: 0.4519
[INFO GPL-1009]     - For 50% usage of free space: 0.7231
[INFO GPL-1014] Final placement area: 66885.85 (+0.00%)
[INFO GPL-1018] Final HPWL (um): 472674.25
Took 5 seconds: global_placement -skip_io -density 0.5 -pad_left 0 -pad_right 0 -random_seed 277
Design area 65418 um^2 35% utilization.
write_db ./results/nangate45/similarity_asic_transfer_broadcast/base/3_1_place_gp_skip_io.odb
Elapsed time: 0:04.78[h:]min:sec. CPU time: user 7.50 sys 0.09 (158%). Peak memory: 215124KB.
Log                       Ext     Elapsed/s Peak Memory/MB sha1sum result [0:20)
3_1_place_gp_skip_io      .odb            4            210 b9efd71f253798aea205
/OpenROAD-flow-scripts/flow/scripts/flow.sh 3_2_place_iop io_placement
Running io_placement.tcl, stage 3_2_place_iop
read_liberty /OpenROAD-flow-scripts/flow/platforms/nangate45/lib/NangateOpenCellLibrary_typical.lib
read_db ./results/nangate45/similarity_asic_transfer_broadcast/base/3_1_place_gp_skip_io.odb
read_sdc ./results/nangate45/similarity_asic_transfer_broadcast/base/2_floorplan.sdc
source /OpenROAD-flow-scripts/flow/platforms/nangate45/setRC.tcl
place_pins -hor_layers metal5 -ver_layers metal6
Found 0 macro blocks.
Using 2 tracks default min distance between IO pins.
[INFO PPL-0001] Number of available slots 3080
[INFO PPL-0002] Number of I/O             34
[INFO PPL-0003] Number of I/O w/sink      34
[INFO PPL-0004] Number of I/O w/o sink    0
[INFO PPL-0005] Slots per section         200
[INFO PPL-0008] Successfully assigned pins to sections.
[INFO PPL-0012] I/O nets HPWL: 5454.18 um.
Design area 65418 um^2 35% utilization.
write_db ./results/nangate45/similarity_asic_transfer_broadcast/base/3_2_place_iop.odb
Elapsed time: 0:00.41[h:]min:sec. CPU time: user 0.38 sys 0.03 (99%). Peak memory: 148516KB.
Log                       Ext     Elapsed/s Peak Memory/MB sha1sum result [0:20)
3_2_place_iop             .odb            0            145 664e762b59b908a57d9e
/OpenROAD-flow-scripts/flow/scripts/flow.sh 3_3_place_gp global_place
Running global_place.tcl, stage 3_3_place_gp
read_liberty /OpenROAD-flow-scripts/flow/platforms/nangate45/lib/NangateOpenCellLibrary_typical.lib
read_db ./results/nangate45/similarity_asic_transfer_broadcast/base/3_2_place_iop.odb
read_sdc ./results/nangate45/similarity_asic_transfer_broadcast/base/2_floorplan.sdc
source /OpenROAD-flow-scripts/flow/platforms/nangate45/setRC.tcl
[INFO RSZ-0026] Removed 1830 buffers.
Perform port buffering...
[INFO RSZ-0027] Inserted 1 BUF_X1 input buffers.
[INFO RSZ-0028] Inserted 32 BUF_X1 output buffers.
global_placement -density 0.5 -pad_left 0 -pad_right 0 -routability_driven -random_seed 277 -timing_driven -force_center_initial_place -min_phi_coef 0.95 -max_phi_coef 1.05
[INFO GPL-0190] Using 2 of 4 threads for placement: one per core, SMT siblings idle.
[INFO GPL-0001] ---- Initialize GPL Main Data Structures
[INFO GPL-0002] DBU: 2000
[INFO GPL-0003] SiteSize: (  0.190  1.400 ) um
[INFO GPL-0004] CoreBBox: (  1.140  1.400 ) ( 432.250 431.200 ) um
[INFO GPL-0016] Core area:                  185291.078 um^2
[INFO GPL-0036] Movable instances area:      63684.124 um^2
[INFO GPL-0037] Total instances area:        63970.606 um^2
[INFO GPL-0035] Pin density area adjust:      1807.052 um^2
[INFO GPL-0032] ---- Initialize Region: Top-level
[INFO GPL-0006] Number of instances:             30223
[INFO GPL-0007] Movable instances:               29146
[INFO GPL-0008] Fixed instances:                  1077
[INFO GPL-0009] Dummy instances:                     0
[INFO GPL-0010] Number of nets:                  40792
[INFO GPL-0011] Number of pins:                 111182
[INFO GPL-0012] Die BBox:       (  0.000  0.000 ) ( 433.380 433.380 ) um
[INFO GPL-0013] Placement BBox: (  1.140  1.400 ) ( 432.250 431.200 ) um
[INFO GPL-0014] Region name: top-level.
[INFO GPL-0015] Region area:                185291.078 um^2
[INFO GPL-0017] Fixed instances area:          286.482 um^2
[INFO GPL-0018] Movable instances area:      65491.176 um^2
[INFO GPL-0019] Utilization:                    35.400 %
[INFO GPL-0020] Standard cells area:         65491.176 um^2
[INFO GPL-0021] Large instances area:            0.000 um^2
[INFO GPL-0005] ---- Execute Conjugate Gradient Initial Placement.
[INFO GPL-0051] Source of initial instance position counters:
	Odb location = 0	Core center = 29146	Region center = 0
[InitialPlace]  Iter: 1 conjugate gradient residual: 0.00583034 HPWL: 923169859
[InitialPlace]  Iter: 2 conjugate gradient residual: 0.00089596 HPWL: 336174688
[InitialPlace]  Iter: 3 conjugate gradient residual: 0.00119631 HPWL: 341950360
[InitialPlace]  Iter: 4 conjugate gradient residual: 0.00370101 HPWL: 345444156
[InitialPlace]  Iter: 5 conjugate gradient residual: 0.00283473 HPWL: 346605877
[InitialPlace]  Iter: 6 conjugate gradient residual: 0.00208847 HPWL: 347578493
[InitialPlace]  Iter: 7 conjugate gradient residual: 0.00064246 HPWL: 347777062
[InitialPlace]  Iter: 8 conjugate gradient residual: 0.00171717 HPWL: 348027170
[InitialPlace]  Iter: 9 conjugate gradient residual: 0.00051940 HPWL: 348106893
[InitialPlace]  Iter: 10 conjugate gradient residual: 0.00037325 HPWL: 348411906
[InitialPlace]  Iter: 11 conjugate gradient residual: 0.00041341 HPWL: 348339178
[InitialPlace]  Iter: 12 conjugate gradient residual: 0.00191975 HPWL: 348497764
[InitialPlace]  Iter: 13 conjugate gradient residual: 0.00030547 HPWL: 348477043
[InitialPlace]  Iter: 14 conjugate gradient residual: 0.00039311 HPWL: 348607405
[InitialPlace]  Iter: 15 conjugate gradient residual: 0.00037787 HPWL: 348679132
[InitialPlace]  Iter: 16 conjugate gradient residual: 0.00122336 HPWL: 348736936
[InitialPlace]  Iter: 17 conjugate gradient residual: 0.00145364 HPWL: 348651124
[InitialPlace]  Iter: 18 conjugate gradient residual: 0.00273642 HPWL: 348940907
[InitialPlace]  Iter: 19 conjugate gradient residual: 0.00221589 HPWL: 348744158
[InitialPlace]  Iter: 20 conjugate gradient residual: 0.00336635 HPWL: 348885154
[INFO GPL-0033] ---- Initialize Nesterov Region: Top-level
[INFO GPL-0023] Placement target density:       0.5000
[INFO GPL-0024] Movable insts average area:      2.247 um^2
[INFO GPL-0025] Ideal bin area:                  4.494 um^2
[INFO GPL-0026] Ideal bin count:                 41230
[INFO GPL-0027] Total bin area:             185291.078 um^2
[INFO GPL-0028] Bin count (X, Y):         128 ,    128
[INFO GPL-0029] Bin size (W * H):       3.368 *  3.358 um
[INFO GPL-0030] Number of bins:                  16384
[INFO GPL-0084] ---- Execute Nesterov Global Placement.
[INFO GPL-0031] HPWL: Half-Perimeter Wirelength
Iteration | Overflow |     HPWL (um) |  HPWL(%) |   Penalty | Group
---------------------------------------------------------------
        0 |   0.9984 |  3.931130e+04 |   +0.00% |  1.46e-16 |      
       10 |   0.9933 |  4.817928e+04 |  +22.56% |  2.37e-16 |      
       20 |   0.9931 |  5.053034e+04 |   +4.88% |  3.85e-16 |      
       30 |   0.9930 |  5.040442e+04 |   -0.25% |  6.28e-16 |      
       40 |   0.9926 |  5.061614e+04 |   +0.42% |  1.02e-15 |      
       50 |   0.9921 |  5.104101e+04 |   +0.84% |  1.67e-15 |      
       60 |   0.9921 |  5.127361e+04 |   +0.46% |  2.71e-15 |      
       70 |   0.9920 |  5.145216e+04 |   +0.35% |  4.42e-15 |      
       80 |   0.9918 |  5.155402e+04 |   +0.20% |  7.20e-15 |      
       90 |   0.9918 |  5.155105e+04 |   -0.01% |  1.17e-14 |      
      100 |   0.9919 |  5.156372e+04 |   +0.02% |  1.91e-14 |      
      110 |   0.9917 |  5.165666e+04 |   +0.18% |  3.11e-14 |      
      120 |   0.9917 |  5.198295e+04 |   +0.63% |  5.06e-14 |      
      130 |   0.9913 |  5.262735e+04 |   +1.24% |  8.25e-14 |      
      140 |   0.9910 |  5.390377e+04 |   +2.43% |  1.34e-13 |      
      150 |   0.9899 |  5.608012e+04 |   +4.04% |  2.19e-13 |      
      160 |   0.9882 |  5.953852e+04 |   +6.17% |  3.56e-13 |      
      170 |   0.9859 |  6.447718e+04 |   +8.29% |  5.79e-13 |      
      180 |   0.9822 |  7.107058e+04 |  +10.23% |  9.42e-13 |      
      190 |   0.9765 |  7.962335e+04 |  +12.03% |  1.53e-12 |      
      200 |   0.9683 |  9.070581e+04 |  +13.92% |  2.49e-12 |      
      210 |   0.9561 |  1.047483e+05 |  +15.48% |  4.04e-12 |      
      220 |   0.9384 |  1.220376e+05 |  +16.51% |  6.56e-12 |      
      230 |   0.9148 |  1.420596e+05 |  +16.41% |  1.06e-11 |      
      240 |   0.8845 |  1.630640e+05 |  +14.79% |  1.72e-11 |      
      250 |   0.8491 |  1.824816e+05 |  +11.91% |  2.80e-11 |      
      260 |   0.8098 |  2.002397e+05 |   +9.73% |  4.54e-11 |      
      270 |   0.7692 |  2.164513e+05 |   +8.10% |  7.37e-11 |      
      280 |   0.7340 |  2.330084e+05 |   +7.65% |  1.20e-10 |      
      290 |   0.6973 |  2.492530e+05 |   +6.97% |  1.94e-10 |      
      300 |   0.6486 |  2.883549e+05 |  +15.69% |  3.14e-10 |      
[INFO GPL-0100] Timing-driven iteration 1/2, virtual: false.
[INFO GPL-0101]    Iter: 304, overflow: 0.634, keep resizer changes at: 1, HPWL: 605578977
Iteration |   Area    | Resized | Buffers | Nets repaired | Remaining
---------------------------------------------------------------------
        0 |     +0.0% |       0 |       0 |             0 |     40792
    final |     +1.0% |     196 |     419 |           273 |         0
---------------------------------------------------------------------
[INFO RSZ-0034] Found 114 slew violations.
[INFO RSZ-0035] Found 48 fanout violations.
[INFO RSZ-0036] Found 176 capacitance violations.
[INFO RSZ-0039] Resized 196 instances.
[INFO RSZ-0038] Inserted 419 buffers in 273 nets.
   Iter   |    Area   | Removed | Inserted |   Pins
          |           | Buffers | Buffers  | Remaining
-------------------------------------------------------
        0 |     +0.0% |       0 |        0 |     40790
     4000 |     +0.0% |       0 |        0 |     36790
     8000 |     +0.0% |       0 |        0 |     32790
    12000 |     +0.0% |       0 |        0 |     28790
    16000 |     +0.0% |       0 |        0 |     24790
    20000 |     +0.0% |       0 |        0 |     20790
    24000 |     -0.0% |      11 |        1 |     16790
    28000 |     -0.2% |      65 |       25 |     12790
    32000 |     -0.3% |     107 |       44 |      8790
    36000 |     -0.3% |     221 |      168 |      4790
    40000 |     -0.3% |     277 |      231 |       790
    final |     -0.4% |     419 |      377 |         0
-------------------------------------------------------
[INFO GPL-0106] Timing-driven: worst slack 1.826879e-08
[INFO GPL-0107] Timing-driven: repair_design delta area: 392.690 um^2 (+0.60%)
[INFO GPL-0108] Timing-driven: repair_design, gpl delta gcells: 377 (+1.29%)
[INFO GPL-0109] Timing-driven: repair_design, gcells created: 796, deleted: 419
[INFO GPL-0110] Timing-driven: new target density: 0.5021226
Iteration | Overflow |     HPWL (um) |  HPWL(%) |   Penalty | Group
---------------------------------------------------------------
      310 |   0.6116 |  3.348974e+05 |  +16.14% |  5.04e-10 |      
[INFO GPL-0038] Routability snapshot saved at iter = 319
      318 |   0.5988 |  3.359684e+05 |          |           |      
      320 |   0.5942 |  3.371546e+05 |   +0.67% |  8.20e-10 |      
      330 |   0.5637 |  3.419382e+05 |   +1.42% |  1.33e-09 |      
      340 |   0.5244 |  3.409903e+05 |   -0.28% |  2.17e-09 |      
      350 |   0.4746 |  3.356455e+05 |   -1.57% |  3.54e-09 |      
      360 |   0.4348 |  3.408511e+05 |   +1.55% |  5.76e-09 |      
      370 |   0.3949 |  3.454685e+05 |   +1.35% |  9.37e-09 |      
      380 |   0.3676 |  3.452471e+05 |   -0.06% |  1.53e-08 |      
      390 |   0.3344 |  3.452733e+05 |   +0.01% |  2.39e-08 |      
      400 |   0.3011 |  3.438209e+05 |   -0.42% |  3.52e-08 |      
[INFO GPL-0040] Routability iteration: 1
[WARNING GRT-0281] Net clk has a large fanout of 1675 terminals.
[INFO GPL-0088] Tiles the placer can act on: 10349 of 23104 (44.79%)
[INFO GPL-0041] Total routing overflow: 0.6669
[INFO GPL-0042] Number of overflowed tiles: 4 (0.04%)
[INFO GPL-0043] Average top 0.5% routing congestion: 0.7462
[INFO GPL-0044] Average top 1.0% routing congestion: 0.6746
[INFO GPL-0045] Average top 2.0% routing congestion: 0.6168
[INFO GPL-0046] Average top 5.0% routing congestion: 0.5381
[INFO GPL-0047] Routability iteration weighted routing congestion: 0.7104
[INFO GPL-0050] Weighted routing congestion is lower than target routing congestion(1.0100), end routability optimization.
[INFO GPL-0090] Routability finished. Target routing congestion achieved succesfully.
Iteration | Overflow |     HPWL (um) |  HPWL(%) |   Penalty | Group
---------------------------------------------------------------
      410 |   0.2691 |  3.423430e+05 |   -0.43% |  5.18e-08 |      
      420 |   0.2396 |  3.416358e+05 |   -0.21% |  7.63e-08 |      
      430 |   0.2072 |  3.414211e+05 |   -0.06% |  1.12e-07 |      
[INFO GPL-0100] Timing-driven iteration 2/2, virtual: false.
[INFO GPL-0101]    Iter: 436, overflow: 0.192, keep resizer changes at: 1, HPWL: 682418133
Iteration |   Area    | Resized | Buffers | Nets repaired | Remaining
---------------------------------------------------------------------
        0 |     +0.0% |       0 |       0 |             0 |     41169
    final |     +0.4% |       0 |     137 |           137 |         0
---------------------------------------------------------------------
[INFO RSZ-0036] Found 137 capacitance violations.
[INFO RSZ-0038] Inserted 137 buffers in 137 nets.
   Iter   |    Area   | Removed | Inserted |   Pins
          |           | Buffers | Buffers  | Remaining
-------------------------------------------------------
        0 |     +0.0% |       0 |        0 |     40790
     4000 |     +0.0% |       0 |        0 |     36790
     8000 |     +0.0% |       0 |        0 |     32790
    12000 |     +0.0% |       0 |        0 |     28790
    16000 |     +0.0% |       0 |        0 |     24790
    20000 |     +0.0% |       0 |        0 |     20790
    24000 |     -0.0% |      23 |       16 |     16790
    28000 |     -0.1% |      83 |       73 |     12790
    32000 |     -0.2% |     132 |      121 |      8790
    36000 |     -0.1% |     260 |      252 |      4790
    40000 |     -0.1% |     328 |      324 |       790
    final |     -0.1% |     514 |      547 |         0
-------------------------------------------------------
[INFO GPL-0106] Timing-driven: worst slack 1.8227079e-08
[INFO GPL-0107] Timing-driven: repair_design delta area: 175.028 um^2 (+0.27%)
[INFO GPL-0108] Timing-driven: repair_design, gpl delta gcells: 170 (+0.58%)
[INFO GPL-0109] Timing-driven: repair_design, gcells created: 684, deleted: 514
[INFO GPL-0110] Timing-driven: new target density: 0.5030687
Iteration | Overflow |     HPWL (um) |  HPWL(%) |   Penalty | Group
---------------------------------------------------------------
      440 |   0.1790 |  3.525207e+05 |   +3.25% |  1.65e-07 |      
      450 |   0.1544 |  3.494592e+05 |   -0.87% |  2.43e-07 |      
      460 |   0.1344 |  3.486787e+05 |   -0.22% |  3.58e-07 |      
      470 |   0.1140 |  3.482417e+05 |   -0.13% |  5.28e-07 |      
      479 |   0.0998 |  3.481229e+05 |          |  7.78e-07 |      
---------------------------------------------------------------
[INFO GPL-1001] Global placement finished at iteration 479
[INFO GPL-1017] Routability mode iteration count: 82
[INFO GPL-1005] Routability final weighted congestion: 0.5257
[INFO GPL-1002] Placed Cell Area            66058.8940
[INFO GPL-1003] Available Free Area         185004.5960
[INFO GPL-1004] Minimum Feasible Density        0.3600 (cell_area / free_area)
[INFO GPL-1006]   Suggested Target Densities:
[INFO GPL-1007]     - For 90% usage of free space: 0.3967
[INFO GPL-1008]     - For 80% usage of free space: 0.4463
[INFO GPL-1009]     - For 50% usage of free space: 0.7141
[INFO GPL-1011] Original area (um^2): 65491.18
[INFO GPL-1012] Total routability artificial inflation: 0.00 (+0.00%)
[INFO GPL-1013] Total timing-driven delta area: 567.72 (+0.87%)
[INFO GPL-1014] Final placement area: 66058.89 (+0.87%)
[INFO GPL-1018] Final HPWL (um): 349109.73
Took 33 seconds: global_placement -density 0.5 -pad_left 0 -pad_right 0 -routability_driven -random_seed 277 -timing_driven -force_center_initial_place -min_phi_coef 0.95 -max_phi_coef 1.05
estimate_parasitics -placement
Report metrics stage 3, global place...

==========================================================================
global place report_design_area
--------------------------------------------------------------------------
Design area 64569 um^2 35% utilization.
write_db ./results/nangate45/similarity_asic_transfer_broadcast/base/3_3_place_gp.odb
Elapsed time: 0:40.65[h:]min:sec. CPU time: user 62.70 sys 1.57 (158%). Peak memory: 614888KB.
Log                       Ext     Elapsed/s Peak Memory/MB sha1sum result [0:20)
3_3_place_gp              .odb           40            600 3b1c5ee56af847661c52
/OpenROAD-flow-scripts/flow/scripts/flow.sh 3_4_place_resized resize
Running resize.tcl, stage 3_4_place_resized
read_liberty /OpenROAD-flow-scripts/flow/platforms/nangate45/lib/NangateOpenCellLibrary_typical.lib
read_db ./results/nangate45/similarity_asic_transfer_broadcast/base/3_3_place_gp.odb
read_sdc ./results/nangate45/similarity_asic_transfer_broadcast/base/2_floorplan.sdc
source /OpenROAD-flow-scripts/flow/platforms/nangate45/setRC.tcl
estimate_parasitics -placement
Perform buffer insertion and gate resizing...
repair_design -verbose -cap_margin 30 -slew_margin 25
Iteration |   Area    | Resized | Buffers | Nets repaired | Remaining
---------------------------------------------------------------------
        0 |     +0.0% |       0 |       0 |             0 |     41339
     1000 |     +0.0% |       0 |       0 |             0 |     40339
     2000 |     +0.0% |       0 |       0 |             0 |     39339
     3000 |     +0.0% |       0 |       0 |             0 |     38339
     4000 |     +0.0% |       0 |       0 |             0 |     37339
     5000 |     +0.0% |       0 |       1 |             1 |     36339
     6000 |     +0.0% |       0 |       1 |             1 |     35339
     7000 |     +0.0% |       0 |       1 |             1 |     34339
     8000 |     +0.0% |       0 |       1 |             1 |     33339
     9000 |     +0.0% |       0 |       1 |             1 |     32339
    10000 |     +0.0% |       0 |       1 |             1 |     31339
    11000 |     +0.0% |       0 |       1 |             1 |     30339
    12000 |     +0.0% |       0 |       1 |             1 |     29339
    13000 |     +0.0% |       0 |       1 |             1 |     28339
    14000 |     +0.0% |       0 |       1 |             1 |     27339
    15000 |     +0.0% |       0 |       1 |             1 |     26339
    16000 |     +0.0% |       0 |       1 |             1 |     25339
    17000 |     +0.0% |       0 |       1 |             1 |     24339
    18000 |     +0.0% |       0 |      10 |            10 |     23339
    19000 |     +0.0% |       0 |      10 |            10 |     22339
    20000 |     +0.0% |       0 |      10 |            10 |     21339
    21000 |     +0.1% |       0 |      50 |            50 |     20339
    22000 |     +0.1% |       0 |      52 |            52 |     19339
    23000 |     +0.2% |       0 |      53 |            53 |     18339
    24000 |     +0.2% |       0 |      85 |            85 |     17339
    25000 |     +0.3% |       0 |      93 |            93 |     16339
    26000 |     +0.3% |       0 |     100 |           100 |     15339
    27000 |     +0.3% |       0 |     107 |           107 |     14339
    28000 |     +0.4% |       0 |     135 |           135 |     13339
    29000 |     +0.4% |       0 |     142 |           142 |     12339
    30000 |     +0.4% |       0 |     145 |           145 |     11339
    31000 |     +0.4% |       0 |     148 |           148 |     10339
    32000 |     +0.5% |       0 |     195 |           195 |      9339
    33000 |     +0.6% |       0 |     201 |           201 |      8339
    34000 |     +0.6% |       0 |     225 |           225 |      7339
    35000 |     +0.7% |       0 |     239 |           239 |      6339
    36000 |     +0.7% |       0 |     262 |           262 |      5339
    37000 |     +0.8% |       0 |     283 |           283 |      4339
    38000 |     +0.8% |       0 |     292 |           292 |      3339
    39000 |     +0.8% |       0 |     293 |           293 |      2339
    40000 |     +0.8% |       0 |     293 |           293 |      1339
    41000 |     +0.8% |       0 |     293 |           293 |       339
    final |     +0.9% |       0 |     331 |           331 |         0
---------------------------------------------------------------------
[INFO RSZ-0036] Found 331 capacitance violations.
[INFO RSZ-0038] Inserted 331 buffers in 331 nets.
[INFO RSZ-0504] Runtime: 3.57s
Floating nets: 
Report metrics stage 3, resizer...

==========================================================================
resizer report_design_area
--------------------------------------------------------------------------
Design area 65160 um^2 35% utilization.
Instance count before 30770, after 31101
Pin count before 112242, after 112904
write_db ./results/nangate45/similarity_asic_transfer_broadcast/base/3_4_place_resized.odb
Elapsed time: 0:14.72[h:]min:sec. CPU time: user 20.80 sys 0.45 (144%). Peak memory: 274016KB.
Log                       Ext     Elapsed/s Peak Memory/MB sha1sum result [0:20)
3_4_place_resized         .odb           14            267 0041ad5ed4d04dfac340
/OpenROAD-flow-scripts/flow/scripts/flow.sh 3_5_place_dp detail_place
Running detail_place.tcl, stage 3_5_place_dp
read_liberty /OpenROAD-flow-scripts/flow/platforms/nangate45/lib/NangateOpenCellLibrary_typical.lib
read_db ./results/nangate45/similarity_asic_transfer_broadcast/base/3_4_place_resized.odb
read_sdc ./results/nangate45/similarity_asic_transfer_broadcast/base/2_floorplan.sdc
source /OpenROAD-flow-scripts/flow/platforms/nangate45/setRC.tcl
detailed_placement
[INFO DPL-0006] Core area: 185291.08 um^2
[INFO DPL-0007] Movable instances area: 64873.68 um^2
[INFO DPL-0008] Fixed instances area within core: 286.48 um^2
[INFO DPL-0009] Utilization: 35.2%
[INFO DPL-0005] Diamond search max displacement: +/- 500 sites horizontally, +/- 100 rows vertically.
[INFO DPL-1102] Legalizing using negotiation legalizer.
[INFO DPL-1103] Negotiation base search window: +/-20 sites horizontally, +/-5 rows vertically 
	Automatic search window extension enabled.
	Search window extendable up to the max displacement cap of +/-500 sites, +/-100 rows near walls.
[INFO DPL-1104] NegotiationLegalizer DRC penalty: 5.
[INFO DPL-0392] Negotiation cell height distribution (1 unique row-count(s)):
[INFO DPL-0393]   height 1 row(s): 31101 cells
          |      Total |  Illegal |  Illegal
Iteration | Violations |    Cells |    Sites
---------------------------------------------
        0 |      10487 |      3001 |      7453
        1 |         64 |        30 |        34
        2 |          0 |         0 |         0
Negotiation phase 1 converged at iteration 2.
[INFO DPL-0500] Runtime: 0.46s
Placement Analysis
---------------------------------
total displacement      38341.8 u
average displacement        1.2 u
max displacement            6.0 u
original HPWL          351956.9 u
legalized HPWL         375141.8 u
delta HPWL                    7 %

improve_placement -max_displacement "5 1"
Detailed placement improvement.
[INFO DPL-0401] Setting random seed to 1.
[INFO DPL-0402] Setting maximum displacement 5 1 to 14000 2800 units.
[INFO DPL-0320] Collected 1111 fixed cells.
[INFO DPL-0318] Collected 30024 single height cells.
[INFO DPL-0321] Collected 0 wide cells.
[INFO DPL-0322] Image (2280, 2800) - (864500, 862400)
[INFO DPL-0310] Assigned 30024 cells into segments.  Movement in X-direction is 0.000000, movement in Y-direction is 0.000000.
[INFO DPL-0313] Found 0 cells in wrong regions.
[INFO DPL-0315] Found 0 row alignment problems.
[INFO DPL-0314] Found 0 site alignment problems.
[INFO DPL-0311] Found 0 overlaps between adjacent cells.
[INFO DPL-0312] Found 0 edge spacing violations and 0 padding violations.
[INFO DPL-0303] Running algorithm for independent set matching.
[INFO DPL-0300] Set matching objective is wirelength.
[INFO DPL-0301] Pass   1 of matching; objective is 7.487408e+08.
[INFO DPL-0302] End of matching; objective is 7.481993e+08, improvement is 0.07 percent.
[INFO DPL-0303] Running algorithm for global swaps.
[INFO DPL-0306] Pass   1 of global swaps; hpwl is 7.372956e+08.
[INFO DPL-0306] Pass   2 of global swaps; hpwl is 7.351721e+08.
[INFO DPL-0307] End of global swaps; objective is 7.351721e+08, improvement is 1.74 percent.
[INFO DPL-0303] Running algorithm for vertical swaps.
[INFO DPL-0308] Pass   1 of vertical swaps; hpwl is 7.325952e+08.
[INFO DPL-0309] End of vertical swaps; objective is 7.325952e+08, improvement is 0.35 percent.
[INFO DPL-0303] Running algorithm for reordering.
[INFO DPL-0304] Pass   1 of reordering; objective is 7.313407e+08.
[INFO DPL-0305] End of reordering; objective is 7.313407e+08, improvement is 0.17 percent.
[INFO DPL-0303] Running algorithm for random improvement.
[INFO DPL-0324] Random improver is using random generator.
[INFO DPL-0325] Random improver is using hpwl objective.
[INFO DPL-0326] Random improver cost string is (a).
[INFO DPL-0332] End of pass, Generator random called 600480 times.
[INFO DPL-0335] Generator random, Cumulative attempts 600480, swaps 76747, moves 198389 since last reset.
[INFO DPL-0333] End of pass, Objective hpwl, Initial cost 7.296491e+08, Scratch cost 7.225976e+08, Incremental cost 7.225976e+08, Mismatch? N
[INFO DPL-0338] End of pass, Total cost is 7.225976e+08.
[INFO DPL-0327] Pass   1 of random improver; improvement in cost is 0.97 percent.
[INFO DPL-0328] End of random improver; improvement is 0.966413 percent.
[INFO DPL-0380] Cell flipping.
[INFO DPL-0382] Changed 0 cell orientations for row compatibility.
[INFO DPL-0383] Performed 11146 cell flips.
[INFO DPL-0384] End of flipping; objective is 7.058098e+08, improvement is 2.55 percent.
[INFO DPL-0313] Found 0 cells in wrong regions.
[INFO DPL-0315] Found 0 row alignment problems.
[INFO DPL-0314] Found 0 site alignment problems.
[INFO DPL-0311] Found 0 overlaps between adjacent cells.
[INFO DPL-0312] Found 0 edge spacing violations and 0 padding violations.
Detailed Improvement Results
------------------------------------------
Original HPWL           375141.8 u (  186623.1,   188518.7)
Final HPWL              354081.5 u (  174014.2,   180067.3)
Delta HPWL                  -5.6 % (      -6.8,       -4.5)

Took 5 seconds: improve_placement -max_displacement "5 1"
optimize_mirroring
[INFO DPL-0020] Mirrored 1767 instances
[INFO DPL-0021] HPWL before          354081.5 u
[INFO DPL-0022] HPWL after           353587.3 u
[INFO DPL-0023] HPWL delta               -0.1 %
[INFO FLW-0012] Placement violations .
estimate_parasitics -placement
Report metrics stage 3, detailed place...

==========================================================================
detailed place report_design_area
--------------------------------------------------------------------------
Design area 65160 um^2 35% utilization.
write_db ./results/nangate45/similarity_asic_transfer_broadcast/base/3_5_place_dp.odb
write_sdc -no_timestamp ./results/nangate45/similarity_asic_transfer_broadcast/base/3_place.sdc
Elapsed time: 0:18.06[h:]min:sec. CPU time: user 22.67 sys 0.39 (127%). Peak memory: 346736KB.
Log                       Ext     Elapsed/s Peak Memory/MB sha1sum result [0:20)
3_5_place_dp              .odb           18            338 0ceaff0446be6f09bd1f
cp ./results/nangate45/similarity_asic_transfer_broadcast/base/3_5_place_dp.odb ./results/nangate45/similarity_asic_transfer_broadcast/base/3_place.odb
/OpenROAD-flow-scripts/flow/scripts/flow.sh 4_1_cts cts
Running cts.tcl, stage 4_1_cts
read_liberty /OpenROAD-flow-scripts/flow/platforms/nangate45/lib/NangateOpenCellLibrary_typical.lib
read_db ./results/nangate45/similarity_asic_transfer_broadcast/base/3_place.odb
read_sdc ./results/nangate45/similarity_asic_transfer_broadcast/base/3_place.sdc
source /OpenROAD-flow-scripts/flow/platforms/nangate45/setRC.tcl
clock_tree_synthesis -sink_clustering_enable -repair_clock_nets
[INFO CTS-0050] Root buffer is CLKBUF_X3.
[INFO CTS-0051] Sink buffer is CLKBUF_X3.
[INFO CTS-0052] The following clock buffers will be used for CTS:
                    CLKBUF_X3
[INFO CTS-0049] Characterization buffer is CLKBUF_X3.
[INFO CTS-0007] Net "clk" found for clock "clk".
[INFO CTS-0010]  Clock net "clk" has 1674 sinks.
[INFO CTS-0008] TritonCTS found 1 clock nets.
[INFO CTS-0097] Characterization used 1 buffer(s) types.
[INFO CTS-0201] 0 blockages from hard placement blockages and placed macros will be used.
[INFO CTS-0027] Generating H-Tree topology for net clk.
[INFO CTS-0028]  Total number of sinks: 1674.
[INFO CTS-0090]  Sinks will be clustered based on buffer max cap.
[INFO CTS-0030]  Number of static layers: 0.
[INFO CTS-0020]  Wire segment unit: 14000  dbu (7 um).
[INFO CTS-0206] Best clustering solution was found from max clustering size of 7 and max clustering diameter of 95.
[INFO CTS-0019]  Total number of sinks after clustering: 318.
[INFO CTS-0024]  Normalized sink region: [(1.16986, 2.93333), (59.1633, 60.9024)].
[INFO CTS-0025]     Width:  57.9934.
[INFO CTS-0026]     Height: 57.9691.
 Level 1
    Direction: Horizontal
    Sinks per sub-region: 159
    Sub-region size: 28.9967 X 57.9691
[INFO CTS-0034]     Segment length (rounded): 14.
 Level 2
    Direction: Vertical
    Sinks per sub-region: 80
    Sub-region size: 28.9967 X 28.9845
[INFO CTS-0034]     Segment length (rounded): 14.
 Level 3
    Direction: Horizontal
    Sinks per sub-region: 40
    Sub-region size: 14.4984 X 28.9845
[INFO CTS-0034]     Segment length (rounded): 8.
 Level 4
    Direction: Vertical
    Sinks per sub-region: 20
    Sub-region size: 14.4984 X 14.4923
[INFO CTS-0034]     Segment length (rounded): 8.
 Level 5
    Direction: Horizontal
    Sinks per sub-region: 10
    Sub-region size: 7.2492 X 14.4923
[INFO CTS-0034]     Segment length (rounded): 4.
[INFO CTS-0038]  Stop criterion found. Sink region hpwl is smaller than max wirelength (591.189 um) and max number of sinks is 15.
[INFO CTS-0035]  Number of sinks covered: 318.
[INFO CTS-0018]     Created 355 clock buffers.
[INFO CTS-0012]     Minimum number of buffers in the clock path: 4.
[INFO CTS-0013]     Maximum number of buffers in the clock path: 4.
[INFO CTS-0015]     Created 355 clock nets.
[INFO CTS-0016]     Fanout distribution for the current clock = 2:2, 3:11, 4:57, 5:116, 6:97, 7:39, 8:4, 9:8, 10:3, 11:2, 12:8, 13:2, 14:1..
[INFO CTS-0017]     Max level of the clock tree: 5.
[INFO CTS-0098] Clock net "clk"
[INFO CTS-0099]  Sinks 1961
[INFO CTS-0100]  Leaf buffers 318
[INFO CTS-0101]  Average sink wire length 705.06 um
[INFO CTS-0102]  Path depth 3 - 4
[INFO CTS-0207]  Dummy loads inserted 287
[INFO CTS-0500] Runtime: 2.76s
estimate_parasitics -placement
detailed_placement
[INFO DPL-0006] Core area: 185291.08 um^2
[INFO DPL-0007] Movable instances area: 65557.30 um^2
[INFO DPL-0008] Fixed instances area within core: 286.48 um^2
[INFO DPL-0009] Utilization: 35.5%
[INFO DPL-0005] Diamond search max displacement: +/- 500 sites horizontally, +/- 100 rows vertically.
[INFO DPL-1102] Legalizing using negotiation legalizer.
[INFO DPL-1103] Negotiation base search window: +/-20 sites horizontally, +/-5 rows vertically 
	Automatic search window extension enabled.
	Search window extendable up to the max displacement cap of +/-500 sites, +/-100 rows near walls.
[INFO DPL-1104] NegotiationLegalizer DRC penalty: 5.
[INFO DPL-0392] Negotiation cell height distribution (1 unique row-count(s)):
[INFO DPL-0393]   height 1 row(s): 31743 cells
          |      Total |  Illegal |  Illegal
Iteration | Violations |    Cells |    Sites
---------------------------------------------
        0 |        569 |       169 |       400
        1 |         22 |         4 |        18
        2 |          0 |         0 |         0
Negotiation phase 1 converged at iteration 2.
[INFO DPL-0500] Runtime: 0.31s
Placement Analysis
---------------------------------
total displacement      16815.7 u
average displacement        0.5 u
max displacement            4.6 u
original HPWL          367060.2 u
legalized HPWL         376705.4 u
delta HPWL                    3 %

estimate_parasitics -placement
Report metrics stage 4, cts final...

==========================================================================
cts final report_design_area
--------------------------------------------------------------------------
Design area 65844 um^2 36% utilization.
write_db ./results/nangate45/similarity_asic_transfer_broadcast/base/4_1_cts.odb
write_sdc -no_timestamp ./results/nangate45/similarity_asic_transfer_broadcast/base/4_cts.sdc
Elapsed time: 0:16.73[h:]min:sec. CPU time: user 25.68 sys 0.69 (157%). Peak memory: 350928KB.
Log                       Ext     Elapsed/s Peak Memory/MB sha1sum result [0:20)
4_1_cts                   .odb           16            342 519a7fed4c65db6d7b66
cp ./results/nangate45/similarity_asic_transfer_broadcast/base/4_1_cts.odb ./results/nangate45/similarity_asic_transfer_broadcast/base/4_cts.odb
/OpenROAD-flow-scripts/flow/scripts/flow.sh 5_1_grt global_route
Running global_route.tcl, stage 5_1_grt
read_liberty /OpenROAD-flow-scripts/flow/platforms/nangate45/lib/NangateOpenCellLibrary_typical.lib
read_db ./results/nangate45/similarity_asic_transfer_broadcast/base/4_cts.odb
read_sdc ./results/nangate45/similarity_asic_transfer_broadcast/base/4_cts.sdc
source /OpenROAD-flow-scripts/flow/platforms/nangate45/setRC.tcl
pin_access
[INFO DRT-0149] Reading tech and libs.

Units:                2000
Number of layers:     21
Number of macros:     135
Number of vias:       33
Number of viarulegen: 19

[INFO DRT-0150] Reading design.

Design:                   similarity_asic_transfer_broadcast
Die area:                 ( 0 0 ) ( 866760 866760 )
Number of track patterns: 20
Number of DEF vias:       0
Number of components:     31743
Number of terminals:      36
Number of snets:          2
Number of nets:           42025

[INFO DRT-0167] List of default vias:
  Layer via2
    default via: via2_5
  Layer via3
    default via: via3_2
  Layer via4
    default via: via4_0
  Layer via5
    default via: via5_0
  Layer via6
    default via: via6_0
  Layer via7
    default via: via7_0
  Layer via8
    default via: via8_0
  Layer via9
    default via: via9_0
[INFO DRT-0162] Library cell analysis.
[INFO DRT-0163] Instance analysis.
[INFO DRT-0164] Number of unique instances = 106.
[INFO DRT-0168] Init region query.
[INFO DRT-0024]   Complete active.
[INFO DRT-0024]   Complete Fr_VIA.
[INFO DRT-0024]   Complete metal1.
[INFO DRT-0024]   Complete via1.
[INFO DRT-0024]   Complete metal2.
[INFO DRT-0024]   Complete via2.
[INFO DRT-0024]   Complete metal3.
[INFO DRT-0024]   Complete via3.
[INFO DRT-0024]   Complete metal4.
[INFO DRT-0024]   Complete via4.
[INFO DRT-0024]   Complete metal5.
[INFO DRT-0024]   Complete via5.
[INFO DRT-0024]   Complete metal6.
[INFO DRT-0024]   Complete via6.
[INFO DRT-0024]   Complete metal7.
[INFO DRT-0024]   Complete via7.
[INFO DRT-0024]   Complete metal8.
[INFO DRT-0024]   Complete via8.
[INFO DRT-0024]   Complete metal9.
[INFO DRT-0024]   Complete via9.
[INFO DRT-0024]   Complete metal10.
[INFO DRT-0033] active shape region query size = 0.
[INFO DRT-0033] FR_VIA shape region query size = 0.
[INFO DRT-0033] metal1 shape region query size = 707259.
[INFO DRT-0033] via1 shape region query size = 7392.
[INFO DRT-0033] metal2 shape region query size = 4928.
[INFO DRT-0033] via2 shape region query size = 7392.
[INFO DRT-0033] metal3 shape region query size = 4928.
[INFO DRT-0033] via3 shape region query size = 7392.
[INFO DRT-0033] metal4 shape region query size = 2712.
[INFO DRT-0033] via4 shape region query size = 2320.
[INFO DRT-0033] metal5 shape region query size = 473.
[INFO DRT-0033] via5 shape region query size = 2320.
[INFO DRT-0033] metal6 shape region query size = 489.
[INFO DRT-0033] via6 shape region query size = 928.
[INFO DRT-0033] metal7 shape region query size = 290.
[INFO DRT-0033] via7 shape region query size = 0.
[INFO DRT-0033] metal8 shape region query size = 0.
[INFO DRT-0033] via8 shape region query size = 0.
[INFO DRT-0033] metal9 shape region query size = 0.
[INFO DRT-0033] via9 shape region query size = 0.
[INFO DRT-0033] metal10 shape region query size = 0.
[INFO DRT-0165] Start pin access.
[INFO DRT-0078]   Complete 611 pins.
[INFO DRT-0079]   Complete 100 unique inst patterns.
[INFO DRT-0081]   Complete 106 unique inst patterns.
[INFO DRT-0082]   Complete 10000 groups.
[INFO DRT-0084]   Complete 19054 groups.
#scanned instances     = 31743
#unique  instances     = 106
#stdCellGenAp          = 3244
#stdCellValidPlanarAp  = 0
#stdCellValidViaAp     = 2330
#stdCellPinNoAp        = 0
#stdCellPinCnt         = 113901
#instTermValidViaApCnt = 0
#macroGenAp            = 0
#macroValidPlanarAp    = 0
#macroValidViaAp       = 0
#macroNoAp             = 0
[INFO DRT-0166] Complete pin access.
[INFO DRT-0267] cpu time = 00:05:33, elapsed time = 00:01:23, memory = 235.83 (MB), peak = 250.76 (MB)
Took 84 seconds: pin_access
set_global_routing_random -seed 277
global_route -congestion_report_file ./reports/nangate45/similarity_asic_transfer_broadcast/base/congestion.rpt -congestion_iterations 30 -congestion_report_iter_step 5 -verbose
[INFO GRT-0020] Min routing layer: metal2
[INFO GRT-0021] Max routing layer: metal10
[INFO GRT-0022] Global adjustment: 0%
[INFO GRT-0023] Grid origin: (0, 0)
[INFO GRT-0088] Layer metal1  Track-Pitch = 0.1400  line-2-Via Pitch: 0.1350
[INFO GRT-0088] Layer metal2  Track-Pitch = 0.1900  line-2-Via Pitch: 0.1400
[INFO GRT-0088] Layer metal3  Track-Pitch = 0.1400  line-2-Via Pitch: 0.1400
[INFO GRT-0088] Layer metal4  Track-Pitch = 0.2800  line-2-Via Pitch: 0.2800
[INFO GRT-0088] Layer metal5  Track-Pitch = 0.2800  line-2-Via Pitch: 0.2800
[INFO GRT-0088] Layer metal6  Track-Pitch = 0.2800  line-2-Via Pitch: 0.2800
[INFO GRT-0088] Layer metal7  Track-Pitch = 0.8000  line-2-Via Pitch: 0.8000
[INFO GRT-0088] Layer metal8  Track-Pitch = 0.8000  line-2-Via Pitch: 0.8000
[INFO GRT-0088] Layer metal9  Track-Pitch = 1.6000  line-2-Via Pitch: 1.6000
[INFO GRT-0088] Layer metal10 Track-Pitch = 1.6000  line-2-Via Pitch: 1.6000
[INFO GRT-0003] Macros: 0
[INFO GRT-0004] Blockages: 0
[INFO GRT-0019] Found 356 clock nets.
[INFO GRT-0001] Minimum degree: 2
[INFO GRT-0002] Maximum degree: 51

[INFO GRT-0053] Routing resources analysis:
          Routing      Original      Derated      Resource
Layer     Direction    Resources     Resources    Reduction (%)
---------------------------------------------------------------
metal1     Horizontal          0             0          0.00%
metal2     Vertical       336881        158248          53.03%
metal3     Horizontal     464753        227880          50.97%
metal4     Vertical       228614        161721          29.26%
metal5     Horizontal     232492        163916          29.50%
metal6     Vertical       233238        164570          29.44%
metal7     Horizontal      71574         50434          29.54%
metal8     Vertical        81691         58739          28.10%
metal9     Horizontal      40770         22952          43.70%
metal10    Vertical        40770         22952          43.70%
---------------------------------------------------------------

[INFO GRT-0197] Via related to pin nodes: 189339
[INFO GRT-0198] Via related Steiner nodes: 2169
[INFO GRT-0199] Via filling finished.
[INFO GRT-0111] Final number of vias: 232525
[INFO GRT-0112] Final usage 3D: 851069

[INFO GRT-0096] Final congestion report:
Layer         Resource        Demand        Usage (%)    Max H / Max V / Total Congestion
---------------------------------------------------------------------------------------
metal1               0             0            0.00%             0 /  0 /  0
metal2          158248         56105           35.45%             0 /  0 /  0
metal3          227880         68914           30.24%             0 /  0 /  0
metal4          161721         20166           12.47%             0 /  0 /  0
metal5          163916          7673            4.68%             0 /  0 /  0
metal6          164570           552            0.34%             0 /  0 /  0
metal7           50434            84            0.17%             0 /  0 /  0
metal8           58739             0            0.00%             0 /  0 /  0
metal9           22952             0            0.00%             0 /  0 /  0
metal10          22952             0            0.00%             0 /  0 /  0
---------------------------------------------------------------------------------------
Total          1031412        153494           14.88%             0 /  0 /  0

[INFO GRT-0018] Total wirelength: 649044 um
[INFO GRT-0014] Routed nets: 40333
[INFO GRT-0303] Global routing runtime = 00:00:01
estimate_parasitics -global_routing
Perform buffer insertion and gate resizing...
repair_design -verbose -cap_margin 30 -slew_margin 25
Iteration |   Area    | Resized | Buffers | Nets repaired | Remaining
---------------------------------------------------------------------
        0 |     +0.0% |       0 |       0 |             0 |     42312
     1000 |     +0.0% |       0 |       0 |             0 |     41312
     2000 |     +0.0% |       0 |       0 |             0 |     40312
     3000 |     +0.0% |       0 |       0 |             0 |     39312
     4000 |     +0.0% |       0 |       0 |             0 |     38312
     5000 |     +0.0% |       0 |       0 |             0 |     37312
     6000 |     +0.0% |       0 |       0 |             0 |     36312
     7000 |     +0.0% |       0 |       0 |             3 |     35312
     8000 |     +0.0% |       0 |       0 |             3 |     34312
     9000 |     +0.0% |       0 |       0 |             3 |     33312
    10000 |     +0.0% |       0 |       0 |             3 |     32312
    11000 |     +0.0% |       0 |       0 |             4 |     31312
    12000 |     +0.0% |       0 |       0 |             4 |     30312
    13000 |     +0.0% |       0 |       0 |             4 |     29312
    14000 |     +0.0% |       0 |       0 |             4 |     28312
[WARNING RSZ-0104] Net _40438_ only has one pin. Check if it is intended to be dangling.
[WARNING RSZ-0104] Net _40200_ only has one pin. Check if it is intended to be dangling.
[WARNING RSZ-0104] Net _40153_ only has one pin. Check if it is intended to be dangling.
[WARNING RSZ-0104] Net _40082_ only has one pin. Check if it is intended to be dangling.
    15000 |     +0.0% |       0 |       0 |             4 |     27312
[WARNING RSZ-0104] Net _39603_ only has one pin. Check if it is intended to be dangling.
[WARNING RSZ-0104] Net _39596_ only has one pin. Check if it is intended to be dangling.
[WARNING RSZ-0104] Net _39179_ only has one pin. Check if it is intended to be dangling.
[WARNING RSZ-0104] Net _38282_ only has one pin. Check if it is intended to be dangling.
[WARNING RSZ-0104] Net _38137_ only has one pin. Check if it is intended to be dangling.
[WARNING RSZ-0104] Net _38008_ only has one pin. Check if it is intended to be dangling.
    16000 |     +0.0% |       0 |       0 |             4 |     26312
[WARNING RSZ-0104] Net _40851_ only has one pin. Check if it is intended to be dangling.
[WARNING RSZ-0104] Net _40838_ only has one pin. Check if it is intended to be dangling.
[WARNING RSZ-0104] Net _40830_ only has one pin. Check if it is intended to be dangling.
[WARNING RSZ-0104] Net _40780_ only has one pin. Check if it is intended to be dangling.
    17000 |     +0.0% |       0 |       0 |             4 |     25312
[WARNING RSZ-0104] Net _40755_ only has one pin. Check if it is intended to be dangling.
[WARNING RSZ-0104] Net _40712_ only has one pin. Check if it is intended to be dangling.
[WARNING RSZ-0104] Net _40710_ only has one pin. Check if it is intended to be dangling.
[WARNING RSZ-0104] Net _40593_ only has one pin. Check if it is intended to be dangling.
[WARNING RSZ-0104] Net _40547_ only has one pin. Check if it is intended to be dangling.
[WARNING RSZ-0104] Net _40500_ only has one pin. Check if it is intended to be dangling.
[WARNING RSZ-0104] Net _40344_ only has one pin. Check if it is intended to be dangling.
[WARNING RSZ-0104] Net _40093_ only has one pin. Check if it is intended to be dangling.
[WARNING RSZ-0104] Net _39847_ only has one pin. Check if it is intended to be dangling.
[WARNING RSZ-0104] Net _39762_ only has one pin. Check if it is intended to be dangling.
[WARNING RSZ-0104] Net _39690_ only has one pin. Check if it is intended to be dangling.
[WARNING RSZ-0104] Net _39576_ only has one pin. Check if it is intended to be dangling.
[WARNING RSZ-0104] Net _39534_ only has one pin. Check if it is intended to be dangling.
[WARNING RSZ-0104] Net _39456_ only has one pin. Check if it is intended to be dangling.
[WARNING RSZ-0104] Net _39213_ only has one pin. Check if it is intended to be dangling.
[WARNING RSZ-0104] Net _39101_ only has one pin. Check if it is intended to be dangling.
[WARNING RSZ-0104] Net _38985_ only has one pin. Check if it is intended to be dangling.
[WARNING RSZ-0104] Net _38699_ only has one pin. Check if it is intended to be dangling.
[WARNING RSZ-0104] Net _38443_ only has one pin. Check if it is intended to be dangling.
[WARNING RSZ-0104] Net _38411_ only has one pin. Check if it is intended to be dangling.
[WARNING RSZ-0104] Net _38149_ only has one pin. Check if it is intended to be dangling.
[WARNING RSZ-0104] Net _38024_ only has one pin. Check if it is intended to be dangling.
    18000 |     +0.0% |       0 |       0 |             4 |     24312
    19000 |     +0.0% |       0 |       0 |             4 |     23312
[WARNING RSZ-0104] Net _40817_ only has one pin. Check if it is intended to be dangling.
[WARNING RSZ-0104] Net _40786_ only has one pin. Check if it is intended to be dangling.
[WARNING RSZ-0104] Net _40686_ only has one pin. Check if it is intended to be dangling.
[WARNING RSZ-0104] Net _40556_ only has one pin. Check if it is intended to be dangling.
[WARNING RSZ-0104] Net _39982_ only has one pin. Check if it is intended to be dangling.
[WARNING RSZ-0104] Net _39854_ only has one pin. Check if it is intended to be dangling.
[WARNING RSZ-0104] Net _39582_ only has one pin. Check if it is intended to be dangling.
[WARNING RSZ-0104] Net _39224_ only has one pin. Check if it is intended to be dangling.
[WARNING RSZ-0104] Net _38871_ only has one pin. Check if it is intended to be dangling.
[WARNING RSZ-0104] Net _38726_ only has one pin. Check if it is intended to be dangling.
[WARNING RSZ-0104] Net _38540_ only has one pin. Check if it is intended to be dangling.
[WARNING RSZ-0104] Net _38262_ only has one pin. Check if it is intended to be dangling.
    20000 |     +0.0% |       0 |       0 |             5 |     22312
    21000 |     +0.0% |       0 |       0 |             5 |     21312
    22000 |     +0.0% |       0 |       0 |             5 |     20312
[WARNING RSZ-0104] Net _40870_ only has one pin. Check if it is intended to be dangling.
[WARNING RSZ-0104] Net _40800_ only has one pin. Check if it is intended to be dangling.
[WARNING RSZ-0104] Net _40742_ only has one pin. Check if it is intended to be dangling.
[WARNING RSZ-0104] Net _40420_ only has one pin. Check if it is intended to be dangling.
[WARNING RSZ-0104] Net _40283_ only has one pin. Check if it is intended to be dangling.
[WARNING RSZ-0104] Net _40149_ only has one pin. Check if it is intended to be dangling.
[WARNING RSZ-0104] Net _39936_ only has one pin. Check if it is intended to be dangling.
[WARNING RSZ-0104] Net _39429_ only has one pin. Check if it is intended to be dangling.
[WARNING RSZ-0104] Net _39324_ only has one pin. Check if it is intended to be dangling.
[WARNING RSZ-0104] Net _38722_ only has one pin. Check if it is intended to be dangling.
[WARNING RSZ-0104] Net _38040_ only has one pin. Check if it is intended to be dangling.
    23000 |     +0.0% |       0 |       0 |             6 |     19312
    24000 |     +0.0% |       0 |       0 |             6 |     18312
    25000 |     +0.0% |       0 |       0 |             6 |     17312
[WARNING RSZ-0104] Net _40866_ only has one pin. Check if it is intended to be dangling.
[WARNING RSZ-0104] Net _40859_ only has one pin. Check if it is intended to be dangling.
[WARNING RSZ-0104] Net _40839_ only has one pin. Check if it is intended to be dangling.
[WARNING RSZ-0104] Net _40833_ only has one pin. Check if it is intended to be dangling.
[WARNING RSZ-0104] Net _40801_ only has one pin. Check if it is intended to be dangling.
[WARNING RSZ-0104] Net _40659_ only has one pin. Check if it is intended to be dangling.
[WARNING RSZ-0104] Net _40658_ only has one pin. Check if it is intended to be dangling.
[WARNING RSZ-0104] Net _40548_ only has one pin. Check if it is intended to be dangling.
[WARNING RSZ-0104] Net _40496_ only has one pin. Check if it is intended to be dangling.
[WARNING RSZ-0104] Net _40474_ only has one pin. Check if it is intended to be dangling.
[WARNING RSZ-0104] Net _40428_ only has one pin. Check if it is intended to be dangling.
[WARNING RSZ-0104] Net _40396_ only has one pin. Check if it is intended to be dangling.
[WARNING RSZ-0104] Net _40314_ only has one pin. Check if it is intended to be dangling.
[WARNING RSZ-0104] Net _40157_ only has one pin. Check if it is intended to be dangling.
[WARNING RSZ-0104] Net _40150_ only has one pin. Check if it is intended to be dangling.
[WARNING RSZ-0104] Net _40097_ only has one pin. Check if it is intended to be dangling.
[WARNING RSZ-0104] Net _40076_ only has one pin. Check if it is intended to be dangling.
[WARNING RSZ-0104] Net _39823_ only has one pin. Check if it is intended to be dangling.
[WARNING RSZ-0104] Net _39687_ only has one pin. Check if it is intended to be dangling.
[WARNING RSZ-0104] Net _39655_ only has one pin. Check if it is intended to be dangling.
[WARNING RSZ-0104] Net _39553_ only has one pin. Check if it is intended to be dangling.
[WARNING RSZ-0104] Net _39407_ only has one pin. Check if it is intended to be dangling.
[WARNING RSZ-0104] Net _39301_ only has one pin. Check if it is intended to be dangling.
[WARNING RSZ-0104] Net _39194_ only has one pin. Check if it is intended to be dangling.
[WARNING RSZ-0104] Net _39193_ only has one pin. Check if it is intended to be dangling.
[WARNING RSZ-0104] Net _39023_ only has one pin. Check if it is intended to be dangling.
[WARNING RSZ-0104] Net _38915_ only has one pin. Check if it is intended to be dangling.
[WARNING RSZ-0104] Net _38758_ only has one pin. Check if it is intended to be dangling.
[WARNING RSZ-0104] Net _38625_ only has one pin. Check if it is intended to be dangling.
[WARNING RSZ-0104] Net _38577_ only has one pin. Check if it is intended to be dangling.
[WARNING RSZ-0104] Net _38444_ only has one pin. Check if it is intended to be dangling.
[WARNING RSZ-0104] Net _38420_ only has one pin. Check if it is intended to be dangling.
[WARNING RSZ-0104] Net _38181_ only has one pin. Check if it is intended to be dangling.
    26000 |     +0.0% |       0 |       1 |            10 |     16312
    27000 |     +0.0% |       0 |       1 |            10 |     15312
    28000 |     +0.0% |       0 |       1 |            12 |     14312
    29000 |     +0.0% |       0 |       1 |            12 |     13312
[WARNING RSZ-0104] Net _40419_ only has one pin. Check if it is intended to be dangling.
[WARNING RSZ-0104] Net _40282_ only has one pin. Check if it is intended to be dangling.
[WARNING RSZ-0104] Net _40061_ only has one pin. Check if it is intended to be dangling.
[WARNING RSZ-0104] Net _39949_ only has one pin. Check if it is intended to be dangling.
[WARNING RSZ-0104] Net _39746_ only has one pin. Check if it is intended to be dangling.
[WARNING RSZ-0104] Net _39294_ only has one pin. Check if it is intended to be dangling.
[WARNING RSZ-0104] Net _38723_ only has one pin. Check if it is intended to be dangling.
[WARNING RSZ-0104] Net _38325_ only has one pin. Check if it is intended to be dangling.
    30000 |     +0.0% |       0 |       1 |            16 |     12312
    31000 |     +0.0% |       0 |       1 |            17 |     11312
    32000 |     +0.0% |       0 |       1 |            17 |     10312
    33000 |     +0.0% |       0 |       3 |            21 |      9312
    34000 |     +0.0% |       0 |       4 |            22 |      8312
    35000 |     +0.0% |       0 |       4 |            22 |      7312
    36000 |     +0.0% |       0 |       7 |            25 |      6312
    37000 |     +0.0% |       0 |       7 |            25 |      5312
    38000 |     +0.0% |       0 |       8 |            32 |      4312
[WARNING RSZ-0104] Net _22699_ only has one pin. Check if it is intended to be dangling.
[WARNING RSZ-0104] Net _24268_ only has one pin. Check if it is intended to be dangling.
[WARNING RSZ-0104] Net _24267_ only has one pin. Check if it is intended to be dangling.
[WARNING RSZ-0104] Net _24266_ only has one pin. Check if it is intended to be dangling.
[WARNING RSZ-0104] Net _24265_ only has one pin. Check if it is intended to be dangling.
[WARNING RSZ-0104] Net _24264_ only has one pin. Check if it is intended to be dangling.
[WARNING RSZ-0104] Net _24263_ only has one pin. Check if it is intended to be dangling.
[WARNING RSZ-0104] Net _24262_ only has one pin. Check if it is intended to be dangling.
[WARNING RSZ-0104] Net _22750_ only has one pin. Check if it is intended to be dangling.
[WARNING RSZ-0104] Net _24289_ only has one pin. Check if it is intended to be dangling.
[WARNING RSZ-0104] Net _24261_ only has one pin. Check if it is intended to be dangling.
[WARNING RSZ-0104] Net _24288_ only has one pin. Check if it is intended to be dangling.
[WARNING RSZ-0104] Net _24287_ only has one pin. Check if it is intended to be dangling.
[WARNING RSZ-0104] Net _24286_ only has one pin. Check if it is intended to be dangling.
[WARNING RSZ-0104] Net _24285_ only has one pin. Check if it is intended to be dangling.
[WARNING RSZ-0104] Net _24284_ only has one pin. Check if it is intended to be dangling.
[WARNING RSZ-0104] Net _24283_ only has one pin. Check if it is intended to be dangling.
[WARNING RSZ-0104] Net _24282_ only has one pin. Check if it is intended to be dangling.
[WARNING RSZ-0104] Net _24281_ only has one pin. Check if it is intended to be dangling.
[WARNING RSZ-0104] Net _24280_ only has one pin. Check if it is intended to be dangling.
[WARNING RSZ-0104] Net _24279_ only has one pin. Check if it is intended to be dangling.
[WARNING RSZ-0104] Net _24260_ only has one pin. Check if it is intended to be dangling.
[WARNING RSZ-0104] Net _24278_ only has one pin. Check if it is intended to be dangling.
[WARNING RSZ-0104] Net _24277_ only has one pin. Check if it is intended to be dangling.
[WARNING RSZ-0104] Net _24276_ only has one pin. Check if it is intended to be dangling.
[WARNING RSZ-0104] Net _24275_ only has one pin. Check if it is intended to be dangling.
[WARNING RSZ-0104] Net _24274_ only has one pin. Check if it is intended to be dangling.
[WARNING RSZ-0104] Net _24273_ only has one pin. Check if it is intended to be dangling.
[WARNING RSZ-0104] Net _24272_ only has one pin. Check if it is intended to be dangling.
[WARNING RSZ-0104] Net _24271_ only has one pin. Check if it is intended to be dangling.
[WARNING RSZ-0104] Net _24270_ only has one pin. Check if it is intended to be dangling.
[WARNING RSZ-0104] Net _24269_ only has one pin. Check if it is intended to be dangling.
[WARNING RSZ-0104] Net _24238_ only has one pin. Check if it is intended to be dangling.
[WARNING RSZ-0104] Net _24237_ only has one pin. Check if it is intended to be dangling.
[WARNING RSZ-0104] Net _24236_ only has one pin. Check if it is intended to be dangling.
[WARNING RSZ-0104] Net _24235_ only has one pin. Check if it is intended to be dangling.
[WARNING RSZ-0104] Net _24234_ only has one pin. Check if it is intended to be dangling.
[WARNING RSZ-0104] Net _24233_ only has one pin. Check if it is intended to be dangling.
[WARNING RSZ-0104] Net _24232_ only has one pin. Check if it is intended to be dangling.
[WARNING RSZ-0104] Net _22749_ only has one pin. Check if it is intended to be dangling.
[WARNING RSZ-0104] Net _24259_ only has one pin. Check if it is intended to be dangling.
[WARNING RSZ-0104] Net _24231_ only has one pin. Check if it is intended to be dangling.
[WARNING RSZ-0104] Net _24258_ only has one pin. Check if it is intended to be dangling.
[WARNING RSZ-0104] Net _24257_ only has one pin. Check if it is intended to be dangling.
[WARNING RSZ-0104] Net _24256_ only has one pin. Check if it is intended to be dangling.
[WARNING RSZ-0104] Net _24255_ only has one pin. Check if it is intended to be dangling.
[WARNING RSZ-0104] Net _24254_ only has one pin. Check if it is intended to be dangling.
[WARNING RSZ-0104] Net _24253_ only has one pin. Check if it is intended to be dangling.
[WARNING RSZ-0104] Net _24252_ only has one pin. Check if it is intended to be dangling.
[WARNING RSZ-0104] Net _24251_ only has one pin. Check if it is intended to be dangling.
[WARNING RSZ-0104] Net _24250_ only has one pin. Check if it is intended to be dangling.
[WARNING RSZ-0104] Net _24249_ only has one pin. Check if it is intended to be dangling.
[WARNING RSZ-0104] Net _24230_ only has one pin. Check if it is intended to be dangling.
[WARNING RSZ-0104] Net _24248_ only has one pin. Check if it is intended to be dangling.
[WARNING RSZ-0104] Net _24247_ only has one pin. Check if it is intended to be dangling.
[WARNING RSZ-0104] Net _24246_ only has one pin. Check if it is intended to be dangling.
[WARNING RSZ-0104] Net _24245_ only has one pin. Check if it is intended to be dangling.
[WARNING RSZ-0104] Net _24244_ only has one pin. Check if it is intended to be dangling.
[WARNING RSZ-0104] Net _24243_ only has one pin. Check if it is intended to be dangling.
[WARNING RSZ-0104] Net _24242_ only has one pin. Check if it is intended to be dangling.
[WARNING RSZ-0104] Net _24241_ only has one pin. Check if it is intended to be dangling.
[WARNING RSZ-0104] Net _24240_ only has one pin. Check if it is intended to be dangling.
[WARNING RSZ-0104] Net _24239_ only has one pin. Check if it is intended to be dangling.
[WARNING RSZ-0104] Net _24208_ only has one pin. Check if it is intended to be dangling.
[WARNING RSZ-0104] Net _24207_ only has one pin. Check if it is intended to be dangling.
[WARNING RSZ-0104] Net _24206_ only has one pin. Check if it is intended to be dangling.
[WARNING RSZ-0104] Net _24205_ only has one pin. Check if it is intended to be dangling.
[WARNING RSZ-0104] Net _24204_ only has one pin. Check if it is intended to be dangling.
[WARNING RSZ-0104] Net _24203_ only has one pin. Check if it is intended to be dangling.
[WARNING RSZ-0104] Net _24202_ only has one pin. Check if it is intended to be dangling.
[WARNING RSZ-0104] Net _22748_ only has one pin. Check if it is intended to be dangling.
[WARNING RSZ-0104] Net _24229_ only has one pin. Check if it is intended to be dangling.
[WARNING RSZ-0104] Net _24201_ only has one pin. Check if it is intended to be dangling.
[WARNING RSZ-0104] Net _24228_ only has one pin. Check if it is intended to be dangling.
[WARNING RSZ-0104] Net _24227_ only has one pin. Check if it is intended to be dangling.
[WARNING RSZ-0104] Net _24226_ only has one pin. Check if it is intended to be dangling.
[WARNING RSZ-0104] Net _24225_ only has one pin. Check if it is intended to be dangling.
[WARNING RSZ-0104] Net _24224_ only has one pin. Check if it is intended to be dangling.
[WARNING RSZ-0104] Net _24223_ only has one pin. Check if it is intended to be dangling.
[WARNING RSZ-0104] Net _24222_ only has one pin. Check if it is intended to be dangling.
[WARNING RSZ-0104] Net _24221_ only has one pin. Check if it is intended to be dangling.
[WARNING RSZ-0104] Net _24220_ only has one pin. Check if it is intended to be dangling.
[WARNING RSZ-0104] Net _24219_ only has one pin. Check if it is intended to be dangling.
[WARNING RSZ-0104] Net _24200_ only has one pin. Check if it is intended to be dangling.
[WARNING RSZ-0104] Net _24218_ only has one pin. Check if it is intended to be dangling.
[WARNING RSZ-0104] Net _24217_ only has one pin. Check if it is intended to be dangling.
[WARNING RSZ-0104] Net _24216_ only has one pin. Check if it is intended to be dangling.
[WARNING RSZ-0104] Net _24215_ only has one pin. Check if it is intended to be dangling.
[WARNING RSZ-0104] Net _24214_ only has one pin. Check if it is intended to be dangling.
[WARNING RSZ-0104] Net _24213_ only has one pin. Check if it is intended to be dangling.
[WARNING RSZ-0104] Net _24212_ only has one pin. Check if it is intended to be dangling.
[WARNING RSZ-0104] Net _24211_ only has one pin. Check if it is intended to be dangling.
[WARNING RSZ-0104] Net _24210_ only has one pin. Check if it is intended to be dangling.
[WARNING RSZ-0104] Net _24209_ only has one pin. Check if it is intended to be dangling.
[WARNING RSZ-0104] Net _24178_ only has one pin. Check if it is intended to be dangling.
[WARNING RSZ-0104] Net _24177_ only has one pin. Check if it is intended to be dangling.
[WARNING RSZ-0104] Net _24176_ only has one pin. Check if it is intended to be dangling.
[WARNING RSZ-0104] Net _24175_ only has one pin. Check if it is intended to be dangling.
[WARNING RSZ-0104] Net _24174_ only has one pin. Check if it is intended to be dangling.
[WARNING RSZ-0104] Net _24173_ only has one pin. Check if it is intended to be dangling.
[WARNING RSZ-0104] Net _24172_ only has one pin. Check if it is intended to be dangling.
[WARNING RSZ-0104] Net _22747_ only has one pin. Check if it is intended to be dangling.
[WARNING RSZ-0104] Net _24199_ only has one pin. Check if it is intended to be dangling.
[WARNING RSZ-0104] Net _24171_ only has one pin. Check if it is intended to be dangling.
[WARNING RSZ-0104] Net _24198_ only has one pin. Check if it is intended to be dangling.
[WARNING RSZ-0104] Net _24197_ only has one pin. Check if it is intended to be dangling.
[WARNING RSZ-0104] Net _24196_ only has one pin. Check if it is intended to be dangling.
[WARNING RSZ-0104] Net _24195_ only has one pin. Check if it is intended to be dangling.
[WARNING RSZ-0104] Net _24194_ only has one pin. Check if it is intended to be dangling.
[WARNING RSZ-0104] Net _24193_ only has one pin. Check if it is intended to be dangling.
[WARNING RSZ-0104] Net _24192_ only has one pin. Check if it is intended to be dangling.
[WARNING RSZ-0104] Net _24191_ only has one pin. Check if it is intended to be dangling.
[WARNING RSZ-0104] Net _24190_ only has one pin. Check if it is intended to be dangling.
[WARNING RSZ-0104] Net _24189_ only has one pin. Check if it is intended to be dangling.
[WARNING RSZ-0104] Net _24170_ only has one pin. Check if it is intended to be dangling.
[WARNING RSZ-0104] Net _24188_ only has one pin. Check if it is intended to be dangling.
[WARNING RSZ-0104] Net _24187_ only has one pin. Check if it is intended to be dangling.
[WARNING RSZ-0104] Net _24186_ only has one pin. Check if it is intended to be dangling.
[WARNING RSZ-0104] Net _24185_ only has one pin. Check if it is intended to be dangling.
[WARNING RSZ-0104] Net _24184_ only has one pin. Check if it is intended to be dangling.
[WARNING RSZ-0104] Net _24183_ only has one pin. Check if it is intended to be dangling.
[WARNING RSZ-0104] Net _24182_ only has one pin. Check if it is intended to be dangling.
[WARNING RSZ-0104] Net _24181_ only has one pin. Check if it is intended to be dangling.
[WARNING RSZ-0104] Net _24180_ only has one pin. Check if it is intended to be dangling.
[WARNING RSZ-0104] Net _24179_ only has one pin. Check if it is intended to be dangling.
[WARNING RSZ-0104] Net _24148_ only has one pin. Check if it is intended to be dangling.
[WARNING RSZ-0104] Net _24147_ only has one pin. Check if it is intended to be dangling.
[WARNING RSZ-0104] Net _24146_ only has one pin. Check if it is intended to be dangling.
[WARNING RSZ-0104] Net _24145_ only has one pin. Check if it is intended to be dangling.
[WARNING RSZ-0104] Net _24144_ only has one pin. Check if it is intended to be dangling.
[WARNING RSZ-0104] Net _24143_ only has one pin. Check if it is intended to be dangling.
[WARNING RSZ-0104] Net _24142_ only has one pin. Check if it is intended to be dangling.
[WARNING RSZ-0104] Net _22746_ only has one pin. Check if it is intended to be dangling.
[WARNING RSZ-0104] Net _24169_ only has one pin. Check if it is intended to be dangling.
[WARNING RSZ-0104] Net _24141_ only has one pin. Check if it is intended to be dangling.
[WARNING RSZ-0104] Net _24168_ only has one pin. Check if it is intended to be dangling.
[WARNING RSZ-0104] Net _24167_ only has one pin. Check if it is intended to be dangling.
[WARNING RSZ-0104] Net _24166_ only has one pin. Check if it is intended to be dangling.
[WARNING RSZ-0104] Net _24165_ only has one pin. Check if it is intended to be dangling.
[WARNING RSZ-0104] Net _24164_ only has one pin. Check if it is intended to be dangling.
[WARNING RSZ-0104] Net _24163_ only has one pin. Check if it is intended to be dangling.
[WARNING RSZ-0104] Net _24162_ only has one pin. Check if it is intended to be dangling.
[WARNING RSZ-0104] Net _24161_ only has one pin. Check if it is intended to be dangling.
[WARNING RSZ-0104] Net _24160_ only has one pin. Check if it is intended to be dangling.
[WARNING RSZ-0104] Net _24159_ only has one pin. Check if it is intended to be dangling.
[WARNING RSZ-0104] Net _24140_ only has one pin. Check if it is intended to be dangling.
[WARNING RSZ-0104] Net _24158_ only has one pin. Check if it is intended to be dangling.
[WARNING RSZ-0104] Net _24157_ only has one pin. Check if it is intended to be dangling.
[WARNING RSZ-0104] Net _24156_ only has one pin. Check if it is intended to be dangling.
[WARNING RSZ-0104] Net _24155_ only has one pin. Check if it is intended to be dangling.
[WARNING RSZ-0104] Net _24154_ only has one pin. Check if it is intended to be dangling.
[WARNING RSZ-0104] Net _24153_ only has one pin. Check if it is intended to be dangling.
[WARNING RSZ-0104] Net _24152_ only has one pin. Check if it is intended to be dangling.
[WARNING RSZ-0104] Net _24151_ only has one pin. Check if it is intended to be dangling.
[WARNING RSZ-0104] Net _24150_ only has one pin. Check if it is intended to be dangling.
[WARNING RSZ-0104] Net _24149_ only has one pin. Check if it is intended to be dangling.
[WARNING RSZ-0104] Net _24118_ only has one pin. Check if it is intended to be dangling.
[WARNING RSZ-0104] Net _24117_ only has one pin. Check if it is intended to be dangling.
[WARNING RSZ-0104] Net _24116_ only has one pin. Check if it is intended to be dangling.
[WARNING RSZ-0104] Net _24115_ only has one pin. Check if it is intended to be dangling.
[WARNING RSZ-0104] Net _24114_ only has one pin. Check if it is intended to be dangling.
[WARNING RSZ-0104] Net _24113_ only has one pin. Check if it is intended to be dangling.
[WARNING RSZ-0104] Net _24112_ only has one pin. Check if it is intended to be dangling.
[WARNING RSZ-0104] Net _22745_ only has one pin. Check if it is intended to be dangling.
[WARNING RSZ-0104] Net _24139_ only has one pin. Check if it is intended to be dangling.
[WARNING RSZ-0104] Net _24111_ only has one pin. Check if it is intended to be dangling.
[WARNING RSZ-0104] Net _24138_ only has one pin. Check if it is intended to be dangling.
[WARNING RSZ-0104] Net _24137_ only has one pin. Check if it is intended to be dangling.
[WARNING RSZ-0104] Net _24136_ only has one pin. Check if it is intended to be dangling.
[WARNING RSZ-0104] Net _24135_ only has one pin. Check if it is intended to be dangling.
[WARNING RSZ-0104] Net _24134_ only has one pin. Check if it is intended to be dangling.
[WARNING RSZ-0104] Net _24133_ only has one pin. Check if it is intended to be dangling.
[WARNING RSZ-0104] Net _24132_ only has one pin. Check if it is intended to be dangling.
[WARNING RSZ-0104] Net _24131_ only has one pin. Check if it is intended to be dangling.
[WARNING RSZ-0104] Net _24130_ only has one pin. Check if it is intended to be dangling.
[WARNING RSZ-0104] Net _24129_ only has one pin. Check if it is intended to be dangling.
[WARNING RSZ-0104] Net _24110_ only has one pin. Check if it is intended to be dangling.
[WARNING RSZ-0104] Net _24128_ only has one pin. Check if it is intended to be dangling.
[WARNING RSZ-0104] Net _24127_ only has one pin. Check if it is intended to be dangling.
[WARNING RSZ-0104] Net _24126_ only has one pin. Check if it is intended to be dangling.
[WARNING RSZ-0104] Net _24125_ only has one pin. Check if it is intended to be dangling.
[WARNING RSZ-0104] Net _24124_ only has one pin. Check if it is intended to be dangling.
[WARNING RSZ-0104] Net _24123_ only has one pin. Check if it is intended to be dangling.
[WARNING RSZ-0104] Net _24122_ only has one pin. Check if it is intended to be dangling.
[WARNING RSZ-0104] Net _24121_ only has one pin. Check if it is intended to be dangling.
[WARNING RSZ-0104] Net _24120_ only has one pin. Check if it is intended to be dangling.
[WARNING RSZ-0104] Net _24119_ only has one pin. Check if it is intended to be dangling.
[WARNING RSZ-0104] Net _24109_ only has one pin. Check if it is intended to be dangling.
[WARNING RSZ-0104] Net _24087_ only has one pin. Check if it is intended to be dangling.
[WARNING RSZ-0104] Net _24086_ only has one pin. Check if it is intended to be dangling.
[WARNING RSZ-0104] Net _24085_ only has one pin. Check if it is intended to be dangling.
[WARNING RSZ-0104] Net _24084_ only has one pin. Check if it is intended to be dangling.
[WARNING RSZ-0104] Net _24083_ only has one pin. Check if it is intended to be dangling.
[WARNING RSZ-0104] Net _24082_ only has one pin. Check if it is intended to be dangling.
[WARNING RSZ-0104] Net _24081_ only has one pin. Check if it is intended to be dangling.
[WARNING RSZ-0104] Net _22744_ only has one pin. Check if it is intended to be dangling.
[WARNING RSZ-0104] Net _24108_ only has one pin. Check if it is intended to be dangling.
[WARNING RSZ-0104] Net _24080_ only has one pin. Check if it is intended to be dangling.
[WARNING RSZ-0104] Net _24107_ only has one pin. Check if it is intended to be dangling.
[WARNING RSZ-0104] Net _24106_ only has one pin. Check if it is intended to be dangling.
[WARNING RSZ-0104] Net _24105_ only has one pin. Check if it is intended to be dangling.
[WARNING RSZ-0104] Net _24104_ only has one pin. Check if it is intended to be dangling.
[WARNING RSZ-0104] Net _24103_ only has one pin. Check if it is intended to be dangling.
[WARNING RSZ-0104] Net _24102_ only has one pin. Check if it is intended to be dangling.
[WARNING RSZ-0104] Net _24101_ only has one pin. Check if it is intended to be dangling.
[WARNING RSZ-0104] Net _24100_ only has one pin. Check if it is intended to be dangling.
[WARNING RSZ-0104] Net _24099_ only has one pin. Check if it is intended to be dangling.
[WARNING RSZ-0104] Net _24098_ only has one pin. Check if it is intended to be dangling.
[WARNING RSZ-0104] Net _24079_ only has one pin. Check if it is intended to be dangling.
[WARNING RSZ-0104] Net _24097_ only has one pin. Check if it is intended to be dangling.
[WARNING RSZ-0104] Net _24096_ only has one pin. Check if it is intended to be dangling.
[WARNING RSZ-0104] Net _24095_ only has one pin. Check if it is intended to be dangling.
[WARNING RSZ-0104] Net _24094_ only has one pin. Check if it is intended to be dangling.
[WARNING RSZ-0104] Net _24093_ only has one pin. Check if it is intended to be dangling.
[WARNING RSZ-0104] Net _24092_ only has one pin. Check if it is intended to be dangling.
[WARNING RSZ-0104] Net _24091_ only has one pin. Check if it is intended to be dangling.
[WARNING RSZ-0104] Net _24090_ only has one pin. Check if it is intended to be dangling.
[WARNING RSZ-0104] Net _24089_ only has one pin. Check if it is intended to be dangling.
[WARNING RSZ-0104] Net _24088_ only has one pin. Check if it is intended to be dangling.
[WARNING RSZ-0104] Net _24078_ only has one pin. Check if it is intended to be dangling.
[WARNING RSZ-0104] Net _24056_ only has one pin. Check if it is intended to be dangling.
[WARNING RSZ-0104] Net _24055_ only has one pin. Check if it is intended to be dangling.
[WARNING RSZ-0104] Net _24054_ only has one pin. Check if it is intended to be dangling.
[WARNING RSZ-0104] Net _24053_ only has one pin. Check if it is intended to be dangling.
[WARNING RSZ-0104] Net _24052_ only has one pin. Check if it is intended to be dangling.
[WARNING RSZ-0104] Net _24051_ only has one pin. Check if it is intended to be dangling.
[WARNING RSZ-0104] Net _24050_ only has one pin. Check if it is intended to be dangling.
[WARNING RSZ-0104] Net _22743_ only has one pin. Check if it is intended to be dangling.
[WARNING RSZ-0104] Net _24077_ only has one pin. Check if it is intended to be dangling.
[WARNING RSZ-0104] Net _24049_ only has one pin. Check if it is intended to be dangling.
[WARNING RSZ-0104] Net _24076_ only has one pin. Check if it is intended to be dangling.
[WARNING RSZ-0104] Net _24075_ only has one pin. Check if it is intended to be dangling.
[WARNING RSZ-0104] Net _24074_ only has one pin. Check if it is intended to be dangling.
[WARNING RSZ-0104] Net _24073_ only has one pin. Check if it is intended to be dangling.
[WARNING RSZ-0104] Net _24072_ only has one pin. Check if it is intended to be dangling.
[WARNING RSZ-0104] Net _24071_ only has one pin. Check if it is intended to be dangling.
[WARNING RSZ-0104] Net _24070_ only has one pin. Check if it is intended to be dangling.
[WARNING RSZ-0104] Net _24069_ only has one pin. Check if it is intended to be dangling.
[WARNING RSZ-0104] Net _24068_ only has one pin. Check if it is intended to be dangling.
[WARNING RSZ-0104] Net _24067_ only has one pin. Check if it is intended to be dangling.
[WARNING RSZ-0104] Net _24048_ only has one pin. Check if it is intended to be dangling.
[WARNING RSZ-0104] Net _24066_ only has one pin. Check if it is intended to be dangling.
[WARNING RSZ-0104] Net _24065_ only has one pin. Check if it is intended to be dangling.
[WARNING RSZ-0104] Net _24064_ only has one pin. Check if it is intended to be dangling.
[WARNING RSZ-0104] Net _24063_ only has one pin. Check if it is intended to be dangling.
[WARNING RSZ-0104] Net _24062_ only has one pin. Check if it is intended to be dangling.
[WARNING RSZ-0104] Net _24061_ only has one pin. Check if it is intended to be dangling.
[WARNING RSZ-0104] Net _24060_ only has one pin. Check if it is intended to be dangling.
[WARNING RSZ-0104] Net _24059_ only has one pin. Check if it is intended to be dangling.
[WARNING RSZ-0104] Net _24058_ only has one pin. Check if it is intended to be dangling.
[WARNING RSZ-0104] Net _24057_ only has one pin. Check if it is intended to be dangling.
[WARNING RSZ-0104] Net _24047_ only has one pin. Check if it is intended to be dangling.
[WARNING RSZ-0104] Net _24025_ only has one pin. Check if it is intended to be dangling.
[WARNING RSZ-0104] Net _24024_ only has one pin. Check if it is intended to be dangling.
[WARNING RSZ-0104] Net _24023_ only has one pin. Check if it is intended to be dangling.
[WARNING RSZ-0104] Net _24022_ only has one pin. Check if it is intended to be dangling.
[WARNING RSZ-0104] Net _24021_ only has one pin. Check if it is intended to be dangling.
[WARNING RSZ-0104] Net _24020_ only has one pin. Check if it is intended to be dangling.
[WARNING RSZ-0104] Net _24019_ only has one pin. Check if it is intended to be dangling.
[WARNING RSZ-0104] Net _22742_ only has one pin. Check if it is intended to be dangling.
[WARNING RSZ-0104] Net _24046_ only has one pin. Check if it is intended to be dangling.
[WARNING RSZ-0104] Net _24018_ only has one pin. Check if it is intended to be dangling.
[WARNING RSZ-0104] Net _24045_ only has one pin. Check if it is intended to be dangling.
[WARNING RSZ-0104] Net _24044_ only has one pin. Check if it is intended to be dangling.
[WARNING RSZ-0104] Net _24043_ only has one pin. Check if it is intended to be dangling.
[WARNING RSZ-0104] Net _24042_ only has one pin. Check if it is intended to be dangling.
[WARNING RSZ-0104] Net _24041_ only has one pin. Check if it is intended to be dangling.
[WARNING RSZ-0104] Net _24040_ only has one pin. Check if it is intended to be dangling.
[WARNING RSZ-0104] Net _24039_ only has one pin. Check if it is intended to be dangling.
[WARNING RSZ-0104] Net _24038_ only has one pin. Check if it is intended to be dangling.
[WARNING RSZ-0104] Net _24037_ only has one pin. Check if it is intended to be dangling.
[WARNING RSZ-0104] Net _24036_ only has one pin. Check if it is intended to be dangling.
[WARNING RSZ-0104] Net _24017_ only has one pin. Check if it is intended to be dangling.
[WARNING RSZ-0104] Net _24035_ only has one pin. Check if it is intended to be dangling.
[WARNING RSZ-0104] Net _24034_ only has one pin. Check if it is intended to be dangling.
[WARNING RSZ-0104] Net _24033_ only has one pin. Check if it is intended to be dangling.
[WARNING RSZ-0104] Net _24032_ only has one pin. Check if it is intended to be dangling.
[WARNING RSZ-0104] Net _24031_ only has one pin. Check if it is intended to be dangling.
[WARNING RSZ-0104] Net _24030_ only has one pin. Check if it is intended to be dangling.
[WARNING RSZ-0104] Net _24029_ only has one pin. Check if it is intended to be dangling.
[WARNING RSZ-0104] Net _24028_ only has one pin. Check if it is intended to be dangling.
[WARNING RSZ-0104] Net _24027_ only has one pin. Check if it is intended to be dangling.
[WARNING RSZ-0104] Net _24026_ only has one pin. Check if it is intended to be dangling.
[WARNING RSZ-0104] Net _24016_ only has one pin. Check if it is intended to be dangling.
[WARNING RSZ-0104] Net _23994_ only has one pin. Check if it is intended to be dangling.
[WARNING RSZ-0104] Net _23993_ only has one pin. Check if it is intended to be dangling.
[WARNING RSZ-0104] Net _23992_ only has one pin. Check if it is intended to be dangling.
[WARNING RSZ-0104] Net _23991_ only has one pin. Check if it is intended to be dangling.
[WARNING RSZ-0104] Net _23990_ only has one pin. Check if it is intended to be dangling.
[WARNING RSZ-0104] Net _23989_ only has one pin. Check if it is intended to be dangling.
[WARNING RSZ-0104] Net _23988_ only has one pin. Check if it is intended to be dangling.
[WARNING RSZ-0104] Net _22741_ only has one pin. Check if it is intended to be dangling.
[WARNING RSZ-0104] Net _24015_ only has one pin. Check if it is intended to be dangling.
[WARNING RSZ-0104] Net _23987_ only has one pin. Check if it is intended to be dangling.
[WARNING RSZ-0104] Net _24014_ only has one pin. Check if it is intended to be dangling.
[WARNING RSZ-0104] Net _24013_ only has one pin. Check if it is intended to be dangling.
[WARNING RSZ-0104] Net _24012_ only has one pin. Check if it is intended to be dangling.
[WARNING RSZ-0104] Net _24011_ only has one pin. Check if it is intended to be dangling.
[WARNING RSZ-0104] Net _24010_ only has one pin. Check if it is intended to be dangling.
[WARNING RSZ-0104] Net _24009_ only has one pin. Check if it is intended to be dangling.
[WARNING RSZ-0104] Net _24008_ only has one pin. Check if it is intended to be dangling.
[WARNING RSZ-0104] Net _24007_ only has one pin. Check if it is intended to be dangling.
[WARNING RSZ-0104] Net _24006_ only has one pin. Check if it is intended to be dangling.
[WARNING RSZ-0104] Net _24005_ only has one pin. Check if it is intended to be dangling.
[WARNING RSZ-0104] Net _23986_ only has one pin. Check if it is intended to be dangling.
[WARNING RSZ-0104] Net _24004_ only has one pin. Check if it is intended to be dangling.
[WARNING RSZ-0104] Net _24003_ only has one pin. Check if it is intended to be dangling.
[WARNING RSZ-0104] Net _24002_ only has one pin. Check if it is intended to be dangling.
[WARNING RSZ-0104] Net _24001_ only has one pin. Check if it is intended to be dangling.
[WARNING RSZ-0104] Net _24000_ only has one pin. Check if it is intended to be dangling.
[WARNING RSZ-0104] Net _23999_ only has one pin. Check if it is intended to be dangling.
[WARNING RSZ-0104] Net _23998_ only has one pin. Check if it is intended to be dangling.
[WARNING RSZ-0104] Net _23997_ only has one pin. Check if it is intended to be dangling.
[WARNING RSZ-0104] Net _23996_ only has one pin. Check if it is intended to be dangling.
[WARNING RSZ-0104] Net _23995_ only has one pin. Check if it is intended to be dangling.
[WARNING RSZ-0104] Net _23985_ only has one pin. Check if it is intended to be dangling.
[WARNING RSZ-0104] Net _23963_ only has one pin. Check if it is intended to be dangling.
[WARNING RSZ-0104] Net _23962_ only has one pin. Check if it is intended to be dangling.
[WARNING RSZ-0104] Net _23961_ only has one pin. Check if it is intended to be dangling.
[WARNING RSZ-0104] Net _23960_ only has one pin. Check if it is intended to be dangling.
[WARNING RSZ-0104] Net _23959_ only has one pin. Check if it is intended to be dangling.
[WARNING RSZ-0104] Net _23958_ only has one pin. Check if it is intended to be dangling.
[WARNING RSZ-0104] Net _23957_ only has one pin. Check if it is intended to be dangling.
[WARNING RSZ-0104] Net _22740_ only has one pin. Check if it is intended to be dangling.
[WARNING RSZ-0104] Net _23984_ only has one pin. Check if it is intended to be dangling.
[WARNING RSZ-0104] Net _23983_ only has one pin. Check if it is intended to be dangling.
[WARNING RSZ-0104] Net _23982_ only has one pin. Check if it is intended to be dangling.
[WARNING RSZ-0104] Net _23981_ only has one pin. Check if it is intended to be dangling.
[WARNING RSZ-0104] Net _23980_ only has one pin. Check if it is intended to be dangling.
[WARNING RSZ-0104] Net _23979_ only has one pin. Check if it is intended to be dangling.
[WARNING RSZ-0104] Net _23978_ only has one pin. Check if it is intended to be dangling.
[WARNING RSZ-0104] Net _23977_ only has one pin. Check if it is intended to be dangling.
[WARNING RSZ-0104] Net _23976_ only has one pin. Check if it is intended to be dangling.
[WARNING RSZ-0104] Net _23975_ only has one pin. Check if it is intended to be dangling.
[WARNING RSZ-0104] Net _23974_ only has one pin. Check if it is intended to be dangling.
[WARNING RSZ-0104] Net _23973_ only has one pin. Check if it is intended to be dangling.
[WARNING RSZ-0104] Net _23972_ only has one pin. Check if it is intended to be dangling.
[WARNING RSZ-0104] Net _23971_ only has one pin. Check if it is intended to be dangling.
[WARNING RSZ-0104] Net _23970_ only has one pin. Check if it is intended to be dangling.
[WARNING RSZ-0104] Net _23969_ only has one pin. Check if it is intended to be dangling.
[WARNING RSZ-0104] Net _23968_ only has one pin. Check if it is intended to be dangling.
[WARNING RSZ-0104] Net _23967_ only has one pin. Check if it is intended to be dangling.
[WARNING RSZ-0104] Net _23966_ only has one pin. Check if it is intended to be dangling.
    39000 |     +0.0% |       0 |       8 |            33 |      3312
[WARNING RSZ-0104] Net _23965_ only has one pin. Check if it is intended to be dangling.
[WARNING RSZ-0104] Net _23964_ only has one pin. Check if it is intended to be dangling.
[WARNING RSZ-0104] Net _23935_ only has one pin. Check if it is intended to be dangling.
[WARNING RSZ-0104] Net _23934_ only has one pin. Check if it is intended to be dangling.
[WARNING RSZ-0104] Net _23933_ only has one pin. Check if it is intended to be dangling.
[WARNING RSZ-0104] Net _23932_ only has one pin. Check if it is intended to be dangling.
[WARNING RSZ-0104] Net _23931_ only has one pin. Check if it is intended to be dangling.
[WARNING RSZ-0104] Net _23930_ only has one pin. Check if it is intended to be dangling.
[WARNING RSZ-0104] Net _23929_ only has one pin. Check if it is intended to be dangling.
[WARNING RSZ-0104] Net _22739_ only has one pin. Check if it is intended to be dangling.
[WARNING RSZ-0104] Net _23956_ only has one pin. Check if it is intended to be dangling.
[WARNING RSZ-0104] Net _23955_ only has one pin. Check if it is intended to be dangling.
[WARNING RSZ-0104] Net _23954_ only has one pin. Check if it is intended to be dangling.
[WARNING RSZ-0104] Net _23953_ only has one pin. Check if it is intended to be dangling.
[WARNING RSZ-0104] Net _23952_ only has one pin. Check if it is intended to be dangling.
[WARNING RSZ-0104] Net _23951_ only has one pin. Check if it is intended to be dangling.
[WARNING RSZ-0104] Net _23950_ only has one pin. Check if it is intended to be dangling.
[WARNING RSZ-0104] Net _23949_ only has one pin. Check if it is intended to be dangling.
[WARNING RSZ-0104] Net _23948_ only has one pin. Check if it is intended to be dangling.
[WARNING RSZ-0104] Net _23947_ only has one pin. Check if it is intended to be dangling.
[WARNING RSZ-0104] Net _23946_ only has one pin. Check if it is intended to be dangling.
[WARNING RSZ-0104] Net _23945_ only has one pin. Check if it is intended to be dangling.
[WARNING RSZ-0104] Net _23944_ only has one pin. Check if it is intended to be dangling.
[WARNING RSZ-0104] Net _23943_ only has one pin. Check if it is intended to be dangling.
[WARNING RSZ-0104] Net _23942_ only has one pin. Check if it is intended to be dangling.
[WARNING RSZ-0104] Net _23941_ only has one pin. Check if it is intended to be dangling.
[WARNING RSZ-0104] Net _23940_ only has one pin. Check if it is intended to be dangling.
[WARNING RSZ-0104] Net _23939_ only has one pin. Check if it is intended to be dangling.
[WARNING RSZ-0104] Net _23938_ only has one pin. Check if it is intended to be dangling.
[WARNING RSZ-0104] Net _23937_ only has one pin. Check if it is intended to be dangling.
[WARNING RSZ-0104] Net _23936_ only has one pin. Check if it is intended to be dangling.
[WARNING RSZ-0104] Net _23907_ only has one pin. Check if it is intended to be dangling.
[WARNING RSZ-0104] Net _23906_ only has one pin. Check if it is intended to be dangling.
[WARNING RSZ-0104] Net _23905_ only has one pin. Check if it is intended to be dangling.
[WARNING RSZ-0104] Net _23904_ only has one pin. Check if it is intended to be dangling.
[WARNING RSZ-0104] Net _23903_ only has one pin. Check if it is intended to be dangling.
[WARNING RSZ-0104] Net _23902_ only has one pin. Check if it is intended to be dangling.
[WARNING RSZ-0104] Net _23901_ only has one pin. Check if it is intended to be dangling.
[WARNING RSZ-0104] Net _22738_ only has one pin. Check if it is intended to be dangling.
[WARNING RSZ-0104] Net _23928_ only has one pin. Check if it is intended to be dangling.
[WARNING RSZ-0104] Net _23927_ only has one pin. Check if it is intended to be dangling.
[WARNING RSZ-0104] Net _23926_ only has one pin. Check if it is intended to be dangling.
[WARNING RSZ-0104] Net _23925_ only has one pin. Check if it is intended to be dangling.
[WARNING RSZ-0104] Net _23924_ only has one pin. Check if it is intended to be dangling.
[WARNING RSZ-0104] Net _23923_ only has one pin. Check if it is intended to be dangling.
[WARNING RSZ-0104] Net _23922_ only has one pin. Check if it is intended to be dangling.
[WARNING RSZ-0104] Net _23921_ only has one pin. Check if it is intended to be dangling.
[WARNING RSZ-0104] Net _23920_ only has one pin. Check if it is intended to be dangling.
[WARNING RSZ-0104] Net _23919_ only has one pin. Check if it is intended to be dangling.
[WARNING RSZ-0104] Net _23918_ only has one pin. Check if it is intended to be dangling.
[WARNING RSZ-0104] Net _23917_ only has one pin. Check if it is intended to be dangling.
[WARNING RSZ-0104] Net _23916_ only has one pin. Check if it is intended to be dangling.
[WARNING RSZ-0104] Net _23915_ only has one pin. Check if it is intended to be dangling.
[WARNING RSZ-0104] Net _23914_ only has one pin. Check if it is intended to be dangling.
[WARNING RSZ-0104] Net _23913_ only has one pin. Check if it is intended to be dangling.
[WARNING RSZ-0104] Net _23912_ only has one pin. Check if it is intended to be dangling.
[WARNING RSZ-0104] Net _23911_ only has one pin. Check if it is intended to be dangling.
[WARNING RSZ-0104] Net _23910_ only has one pin. Check if it is intended to be dangling.
[WARNING RSZ-0104] Net _23909_ only has one pin. Check if it is intended to be dangling.
[WARNING RSZ-0104] Net _23908_ only has one pin. Check if it is intended to be dangling.
[WARNING RSZ-0104] Net _23879_ only has one pin. Check if it is intended to be dangling.
[WARNING RSZ-0104] Net _23878_ only has one pin. Check if it is intended to be dangling.
[WARNING RSZ-0104] Net _23877_ only has one pin. Check if it is intended to be dangling.
[WARNING RSZ-0104] Net _23876_ only has one pin. Check if it is intended to be dangling.
[WARNING RSZ-0104] Net _23875_ only has one pin. Check if it is intended to be dangling.
[WARNING RSZ-0104] Net _23874_ only has one pin. Check if it is intended to be dangling.
[WARNING RSZ-0104] Net _23873_ only has one pin. Check if it is intended to be dangling.
[WARNING RSZ-0104] Net _22737_ only has one pin. Check if it is intended to be dangling.
[WARNING RSZ-0104] Net _23900_ only has one pin. Check if it is intended to be dangling.
[WARNING RSZ-0104] Net _23899_ only has one pin. Check if it is intended to be dangling.
[WARNING RSZ-0104] Net _23898_ only has one pin. Check if it is intended to be dangling.
[WARNING RSZ-0104] Net _23897_ only has one pin. Check if it is intended to be dangling.
[WARNING RSZ-0104] Net _23896_ only has one pin. Check if it is intended to be dangling.
[WARNING RSZ-0104] Net _23895_ only has one pin. Check if it is intended to be dangling.
[WARNING RSZ-0104] Net _23894_ only has one pin. Check if it is intended to be dangling.
[WARNING RSZ-0104] Net _23893_ only has one pin. Check if it is intended to be dangling.
[WARNING RSZ-0104] Net _23892_ only has one pin. Check if it is intended to be dangling.
[WARNING RSZ-0104] Net _23891_ only has one pin. Check if it is intended to be dangling.
[WARNING RSZ-0104] Net _23890_ only has one pin. Check if it is intended to be dangling.
[WARNING RSZ-0104] Net _23889_ only has one pin. Check if it is intended to be dangling.
[WARNING RSZ-0104] Net _23888_ only has one pin. Check if it is intended to be dangling.
[WARNING RSZ-0104] Net _23887_ only has one pin. Check if it is intended to be dangling.
[WARNING RSZ-0104] Net _23886_ only has one pin. Check if it is intended to be dangling.
[WARNING RSZ-0104] Net _23885_ only has one pin. Check if it is intended to be dangling.
[WARNING RSZ-0104] Net _23884_ only has one pin. Check if it is intended to be dangling.
[WARNING RSZ-0104] Net _23883_ only has one pin. Check if it is intended to be dangling.
[WARNING RSZ-0104] Net _23882_ only has one pin. Check if it is intended to be dangling.
[WARNING RSZ-0104] Net _23881_ only has one pin. Check if it is intended to be dangling.
[WARNING RSZ-0104] Net _23880_ only has one pin. Check if it is intended to be dangling.
[WARNING RSZ-0104] Net _23851_ only has one pin. Check if it is intended to be dangling.
[WARNING RSZ-0104] Net _23850_ only has one pin. Check if it is intended to be dangling.
[WARNING RSZ-0104] Net _23849_ only has one pin. Check if it is intended to be dangling.
[WARNING RSZ-0104] Net _23848_ only has one pin. Check if it is intended to be dangling.
[WARNING RSZ-0104] Net _23847_ only has one pin. Check if it is intended to be dangling.
[WARNING RSZ-0104] Net _23846_ only has one pin. Check if it is intended to be dangling.
[WARNING RSZ-0104] Net _23845_ only has one pin. Check if it is intended to be dangling.
[WARNING RSZ-0104] Net _22736_ only has one pin. Check if it is intended to be dangling.
[WARNING RSZ-0104] Net _23872_ only has one pin. Check if it is intended to be dangling.
[WARNING RSZ-0104] Net _23871_ only has one pin. Check if it is intended to be dangling.
[WARNING RSZ-0104] Net _23870_ only has one pin. Check if it is intended to be dangling.
[WARNING RSZ-0104] Net _23869_ only has one pin. Check if it is intended to be dangling.
[WARNING RSZ-0104] Net _23868_ only has one pin. Check if it is intended to be dangling.
[WARNING RSZ-0104] Net _23867_ only has one pin. Check if it is intended to be dangling.
[WARNING RSZ-0104] Net _23866_ only has one pin. Check if it is intended to be dangling.
[WARNING RSZ-0104] Net _23865_ only has one pin. Check if it is intended to be dangling.
[WARNING RSZ-0104] Net _23864_ only has one pin. Check if it is intended to be dangling.
[WARNING RSZ-0104] Net _23863_ only has one pin. Check if it is intended to be dangling.
[WARNING RSZ-0104] Net _23862_ only has one pin. Check if it is intended to be dangling.
[WARNING RSZ-0104] Net _23861_ only has one pin. Check if it is intended to be dangling.
[WARNING RSZ-0104] Net _23860_ only has one pin. Check if it is intended to be dangling.
[WARNING RSZ-0104] Net _23859_ only has one pin. Check if it is intended to be dangling.
[WARNING RSZ-0104] Net _23858_ only has one pin. Check if it is intended to be dangling.
[WARNING RSZ-0104] Net _23857_ only has one pin. Check if it is intended to be dangling.
[WARNING RSZ-0104] Net _23856_ only has one pin. Check if it is intended to be dangling.
[WARNING RSZ-0104] Net _23855_ only has one pin. Check if it is intended to be dangling.
[WARNING RSZ-0104] Net _23854_ only has one pin. Check if it is intended to be dangling.
[WARNING RSZ-0104] Net _23853_ only has one pin. Check if it is intended to be dangling.
[WARNING RSZ-0104] Net _23852_ only has one pin. Check if it is intended to be dangling.
[WARNING RSZ-0104] Net _23823_ only has one pin. Check if it is intended to be dangling.
[WARNING RSZ-0104] Net _23822_ only has one pin. Check if it is intended to be dangling.
[WARNING RSZ-0104] Net _23821_ only has one pin. Check if it is intended to be dangling.
[WARNING RSZ-0104] Net _23820_ only has one pin. Check if it is intended to be dangling.
[WARNING RSZ-0104] Net _23819_ only has one pin. Check if it is intended to be dangling.
[WARNING RSZ-0104] Net _23818_ only has one pin. Check if it is intended to be dangling.
[WARNING RSZ-0104] Net _23817_ only has one pin. Check if it is intended to be dangling.
[WARNING RSZ-0104] Net _22735_ only has one pin. Check if it is intended to be dangling.
[WARNING RSZ-0104] Net _23844_ only has one pin. Check if it is intended to be dangling.
[WARNING RSZ-0104] Net _23816_ only has one pin. Check if it is intended to be dangling.
[WARNING RSZ-0104] Net _23843_ only has one pin. Check if it is intended to be dangling.
[WARNING RSZ-0104] Net _23842_ only has one pin. Check if it is intended to be dangling.
[WARNING RSZ-0104] Net _23841_ only has one pin. Check if it is intended to be dangling.
[WARNING RSZ-0104] Net _23840_ only has one pin. Check if it is intended to be dangling.
[WARNING RSZ-0104] Net _23839_ only has one pin. Check if it is intended to be dangling.
[WARNING RSZ-0104] Net _23838_ only has one pin. Check if it is intended to be dangling.
[WARNING RSZ-0104] Net _23837_ only has one pin. Check if it is intended to be dangling.
[WARNING RSZ-0104] Net _23836_ only has one pin. Check if it is intended to be dangling.
[WARNING RSZ-0104] Net _23835_ only has one pin. Check if it is intended to be dangling.
[WARNING RSZ-0104] Net _23834_ only has one pin. Check if it is intended to be dangling.
[WARNING RSZ-0104] Net _23815_ only has one pin. Check if it is intended to be dangling.
[WARNING RSZ-0104] Net _23833_ only has one pin. Check if it is intended to be dangling.
[WARNING RSZ-0104] Net _23832_ only has one pin. Check if it is intended to be dangling.
[WARNING RSZ-0104] Net _23831_ only has one pin. Check if it is intended to be dangling.
[WARNING RSZ-0104] Net _23830_ only has one pin. Check if it is intended to be dangling.
[WARNING RSZ-0104] Net _23829_ only has one pin. Check if it is intended to be dangling.
[WARNING RSZ-0104] Net _23828_ only has one pin. Check if it is intended to be dangling.
[WARNING RSZ-0104] Net _23827_ only has one pin. Check if it is intended to be dangling.
[WARNING RSZ-0104] Net _23826_ only has one pin. Check if it is intended to be dangling.
[WARNING RSZ-0104] Net _23825_ only has one pin. Check if it is intended to be dangling.
[WARNING RSZ-0104] Net _23824_ only has one pin. Check if it is intended to be dangling.
[WARNING RSZ-0104] Net _23814_ only has one pin. Check if it is intended to be dangling.
[WARNING RSZ-0104] Net _23792_ only has one pin. Check if it is intended to be dangling.
[WARNING RSZ-0104] Net _23791_ only has one pin. Check if it is intended to be dangling.
[WARNING RSZ-0104] Net _23790_ only has one pin. Check if it is intended to be dangling.
[WARNING RSZ-0104] Net _23789_ only has one pin. Check if it is intended to be dangling.
[WARNING RSZ-0104] Net _23788_ only has one pin. Check if it is intended to be dangling.
[WARNING RSZ-0104] Net _23787_ only has one pin. Check if it is intended to be dangling.
[WARNING RSZ-0104] Net _23786_ only has one pin. Check if it is intended to be dangling.
[WARNING RSZ-0104] Net _22734_ only has one pin. Check if it is intended to be dangling.
[WARNING RSZ-0104] Net _23813_ only has one pin. Check if it is intended to be dangling.
[WARNING RSZ-0104] Net _23785_ only has one pin. Check if it is intended to be dangling.
[WARNING RSZ-0104] Net _23812_ only has one pin. Check if it is intended to be dangling.
[WARNING RSZ-0104] Net _23811_ only has one pin. Check if it is intended to be dangling.
[WARNING RSZ-0104] Net _23810_ only has one pin. Check if it is intended to be dangling.
[WARNING RSZ-0104] Net _23809_ only has one pin. Check if it is intended to be dangling.
[WARNING RSZ-0104] Net _23808_ only has one pin. Check if it is intended to be dangling.
[WARNING RSZ-0104] Net _23807_ only has one pin. Check if it is intended to be dangling.
[WARNING RSZ-0104] Net _23806_ only has one pin. Check if it is intended to be dangling.
[WARNING RSZ-0104] Net _23805_ only has one pin. Check if it is intended to be dangling.
[WARNING RSZ-0104] Net _23804_ only has one pin. Check if it is intended to be dangling.
[WARNING RSZ-0104] Net _23803_ only has one pin. Check if it is intended to be dangling.
[WARNING RSZ-0104] Net _23784_ only has one pin. Check if it is intended to be dangling.
[WARNING RSZ-0104] Net _23802_ only has one pin. Check if it is intended to be dangling.
[WARNING RSZ-0104] Net _23801_ only has one pin. Check if it is intended to be dangling.
[WARNING RSZ-0104] Net _23800_ only has one pin. Check if it is intended to be dangling.
[WARNING RSZ-0104] Net _23799_ only has one pin. Check if it is intended to be dangling.
[WARNING RSZ-0104] Net _23798_ only has one pin. Check if it is intended to be dangling.
[WARNING RSZ-0104] Net _23797_ only has one pin. Check if it is intended to be dangling.
[WARNING RSZ-0104] Net _23796_ only has one pin. Check if it is intended to be dangling.
[WARNING RSZ-0104] Net _23795_ only has one pin. Check if it is intended to be dangling.
[WARNING RSZ-0104] Net _23794_ only has one pin. Check if it is intended to be dangling.
[WARNING RSZ-0104] Net _23793_ only has one pin. Check if it is intended to be dangling.
[WARNING RSZ-0104] Net _23783_ only has one pin. Check if it is intended to be dangling.
[WARNING RSZ-0104] Net _23761_ only has one pin. Check if it is intended to be dangling.
[WARNING RSZ-0104] Net _23760_ only has one pin. Check if it is intended to be dangling.
[WARNING RSZ-0104] Net _23759_ only has one pin. Check if it is intended to be dangling.
[WARNING RSZ-0104] Net _23758_ only has one pin. Check if it is intended to be dangling.
[WARNING RSZ-0104] Net _23757_ only has one pin. Check if it is intended to be dangling.
[WARNING RSZ-0104] Net _23756_ only has one pin. Check if it is intended to be dangling.
[WARNING RSZ-0104] Net _23755_ only has one pin. Check if it is intended to be dangling.
[WARNING RSZ-0104] Net _22733_ only has one pin. Check if it is intended to be dangling.
[WARNING RSZ-0104] Net _23782_ only has one pin. Check if it is intended to be dangling.
[WARNING RSZ-0104] Net _23754_ only has one pin. Check if it is intended to be dangling.
[WARNING RSZ-0104] Net _23781_ only has one pin. Check if it is intended to be dangling.
[WARNING RSZ-0104] Net _23780_ only has one pin. Check if it is intended to be dangling.
[WARNING RSZ-0104] Net _23779_ only has one pin. Check if it is intended to be dangling.
[WARNING RSZ-0104] Net _23778_ only has one pin. Check if it is intended to be dangling.
[WARNING RSZ-0104] Net _23777_ only has one pin. Check if it is intended to be dangling.
[WARNING RSZ-0104] Net _23776_ only has one pin. Check if it is intended to be dangling.
[WARNING RSZ-0104] Net _23775_ only has one pin. Check if it is intended to be dangling.
[WARNING RSZ-0104] Net _23774_ only has one pin. Check if it is intended to be dangling.
[WARNING RSZ-0104] Net _23773_ only has one pin. Check if it is intended to be dangling.
[WARNING RSZ-0104] Net _23772_ only has one pin. Check if it is intended to be dangling.
[WARNING RSZ-0104] Net _23753_ only has one pin. Check if it is intended to be dangling.
[WARNING RSZ-0104] Net _23771_ only has one pin. Check if it is intended to be dangling.
[WARNING RSZ-0104] Net _23770_ only has one pin. Check if it is intended to be dangling.
[WARNING RSZ-0104] Net _23769_ only has one pin. Check if it is intended to be dangling.
[WARNING RSZ-0104] Net _23768_ only has one pin. Check if it is intended to be dangling.
[WARNING RSZ-0104] Net _23767_ only has one pin. Check if it is intended to be dangling.
[WARNING RSZ-0104] Net _23766_ only has one pin. Check if it is intended to be dangling.
[WARNING RSZ-0104] Net _23765_ only has one pin. Check if it is intended to be dangling.
[WARNING RSZ-0104] Net _23764_ only has one pin. Check if it is intended to be dangling.
[WARNING RSZ-0104] Net _23763_ only has one pin. Check if it is intended to be dangling.
[WARNING RSZ-0104] Net _23762_ only has one pin. Check if it is intended to be dangling.
[WARNING RSZ-0104] Net _23752_ only has one pin. Check if it is intended to be dangling.
[WARNING RSZ-0104] Net _23730_ only has one pin. Check if it is intended to be dangling.
[WARNING RSZ-0104] Net _23729_ only has one pin. Check if it is intended to be dangling.
[WARNING RSZ-0104] Net _23728_ only has one pin. Check if it is intended to be dangling.
[WARNING RSZ-0104] Net _23727_ only has one pin. Check if it is intended to be dangling.
[WARNING RSZ-0104] Net _23726_ only has one pin. Check if it is intended to be dangling.
[WARNING RSZ-0104] Net _23725_ only has one pin. Check if it is intended to be dangling.
[WARNING RSZ-0104] Net _23724_ only has one pin. Check if it is intended to be dangling.
[WARNING RSZ-0104] Net _22732_ only has one pin. Check if it is intended to be dangling.
[WARNING RSZ-0104] Net _23751_ only has one pin. Check if it is intended to be dangling.
[WARNING RSZ-0104] Net _23723_ only has one pin. Check if it is intended to be dangling.
[WARNING RSZ-0104] Net _23750_ only has one pin. Check if it is intended to be dangling.
[WARNING RSZ-0104] Net _23749_ only has one pin. Check if it is intended to be dangling.
[WARNING RSZ-0104] Net _23748_ only has one pin. Check if it is intended to be dangling.
[WARNING RSZ-0104] Net _23747_ only has one pin. Check if it is intended to be dangling.
[WARNING RSZ-0104] Net _23746_ only has one pin. Check if it is intended to be dangling.
[WARNING RSZ-0104] Net _23745_ only has one pin. Check if it is intended to be dangling.
[WARNING RSZ-0104] Net _23744_ only has one pin. Check if it is intended to be dangling.
[WARNING RSZ-0104] Net _23743_ only has one pin. Check if it is intended to be dangling.
[WARNING RSZ-0104] Net _23742_ only has one pin. Check if it is intended to be dangling.
[WARNING RSZ-0104] Net _23741_ only has one pin. Check if it is intended to be dangling.
[WARNING RSZ-0104] Net _23722_ only has one pin. Check if it is intended to be dangling.
[WARNING RSZ-0104] Net _23740_ only has one pin. Check if it is intended to be dangling.
[WARNING RSZ-0104] Net _23739_ only has one pin. Check if it is intended to be dangling.
[WARNING RSZ-0104] Net _23738_ only has one pin. Check if it is intended to be dangling.
[WARNING RSZ-0104] Net _23737_ only has one pin. Check if it is intended to be dangling.
[WARNING RSZ-0104] Net _23736_ only has one pin. Check if it is intended to be dangling.
[WARNING RSZ-0104] Net _23735_ only has one pin. Check if it is intended to be dangling.
[WARNING RSZ-0104] Net _23734_ only has one pin. Check if it is intended to be dangling.
[WARNING RSZ-0104] Net _23733_ only has one pin. Check if it is intended to be dangling.
[WARNING RSZ-0104] Net _23732_ only has one pin. Check if it is intended to be dangling.
[WARNING RSZ-0104] Net _23731_ only has one pin. Check if it is intended to be dangling.
[WARNING RSZ-0104] Net _23721_ only has one pin. Check if it is intended to be dangling.
[WARNING RSZ-0104] Net _23699_ only has one pin. Check if it is intended to be dangling.
[WARNING RSZ-0104] Net _23698_ only has one pin. Check if it is intended to be dangling.
[WARNING RSZ-0104] Net _23697_ only has one pin. Check if it is intended to be dangling.
[WARNING RSZ-0104] Net _23696_ only has one pin. Check if it is intended to be dangling.
[WARNING RSZ-0104] Net _23695_ only has one pin. Check if it is intended to be dangling.
[WARNING RSZ-0104] Net _23694_ only has one pin. Check if it is intended to be dangling.
[WARNING RSZ-0104] Net _23693_ only has one pin. Check if it is intended to be dangling.
[WARNING RSZ-0104] Net _22731_ only has one pin. Check if it is intended to be dangling.
[WARNING RSZ-0104] Net _23720_ only has one pin. Check if it is intended to be dangling.
[WARNING RSZ-0104] Net _23692_ only has one pin. Check if it is intended to be dangling.
[WARNING RSZ-0104] Net _23719_ only has one pin. Check if it is intended to be dangling.
[WARNING RSZ-0104] Net _23718_ only has one pin. Check if it is intended to be dangling.
[WARNING RSZ-0104] Net _23717_ only has one pin. Check if it is intended to be dangling.
[WARNING RSZ-0104] Net _23716_ only has one pin. Check if it is intended to be dangling.
[WARNING RSZ-0104] Net _23715_ only has one pin. Check if it is intended to be dangling.
[WARNING RSZ-0104] Net _23714_ only has one pin. Check if it is intended to be dangling.
[WARNING RSZ-0104] Net _23713_ only has one pin. Check if it is intended to be dangling.
[WARNING RSZ-0104] Net _23712_ only has one pin. Check if it is intended to be dangling.
[WARNING RSZ-0104] Net _23711_ only has one pin. Check if it is intended to be dangling.
[WARNING RSZ-0104] Net _23710_ only has one pin. Check if it is intended to be dangling.
[WARNING RSZ-0104] Net _23691_ only has one pin. Check if it is intended to be dangling.
[WARNING RSZ-0104] Net _23709_ only has one pin. Check if it is intended to be dangling.
[WARNING RSZ-0104] Net _23708_ only has one pin. Check if it is intended to be dangling.
[WARNING RSZ-0104] Net _23707_ only has one pin. Check if it is intended to be dangling.
[WARNING RSZ-0104] Net _23706_ only has one pin. Check if it is intended to be dangling.
[WARNING RSZ-0104] Net _23705_ only has one pin. Check if it is intended to be dangling.
[WARNING RSZ-0104] Net _23704_ only has one pin. Check if it is intended to be dangling.
[WARNING RSZ-0104] Net _23703_ only has one pin. Check if it is intended to be dangling.
[WARNING RSZ-0104] Net _23702_ only has one pin. Check if it is intended to be dangling.
[WARNING RSZ-0104] Net _23701_ only has one pin. Check if it is intended to be dangling.
[WARNING RSZ-0104] Net _23700_ only has one pin. Check if it is intended to be dangling.
[WARNING RSZ-0104] Net _23690_ only has one pin. Check if it is intended to be dangling.
[WARNING RSZ-0104] Net _23668_ only has one pin. Check if it is intended to be dangling.
[WARNING RSZ-0104] Net _23667_ only has one pin. Check if it is intended to be dangling.
[WARNING RSZ-0104] Net _23666_ only has one pin. Check if it is intended to be dangling.
[WARNING RSZ-0104] Net _23665_ only has one pin. Check if it is intended to be dangling.
[WARNING RSZ-0104] Net _23664_ only has one pin. Check if it is intended to be dangling.
[WARNING RSZ-0104] Net _23663_ only has one pin. Check if it is intended to be dangling.
[WARNING RSZ-0104] Net _23662_ only has one pin. Check if it is intended to be dangling.
[WARNING RSZ-0104] Net _22730_ only has one pin. Check if it is intended to be dangling.
[WARNING RSZ-0104] Net _23689_ only has one pin. Check if it is intended to be dangling.
[WARNING RSZ-0104] Net _23661_ only has one pin. Check if it is intended to be dangling.
[WARNING RSZ-0104] Net _23688_ only has one pin. Check if it is intended to be dangling.
[WARNING RSZ-0104] Net _23687_ only has one pin. Check if it is intended to be dangling.
[WARNING RSZ-0104] Net _23686_ only has one pin. Check if it is intended to be dangling.
[WARNING RSZ-0104] Net _23685_ only has one pin. Check if it is intended to be dangling.
[WARNING RSZ-0104] Net _23684_ only has one pin. Check if it is intended to be dangling.
[WARNING RSZ-0104] Net _23683_ only has one pin. Check if it is intended to be dangling.
[WARNING RSZ-0104] Net _23682_ only has one pin. Check if it is intended to be dangling.
[WARNING RSZ-0104] Net _23681_ only has one pin. Check if it is intended to be dangling.
[WARNING RSZ-0104] Net _23680_ only has one pin. Check if it is intended to be dangling.
[WARNING RSZ-0104] Net _23679_ only has one pin. Check if it is intended to be dangling.
[WARNING RSZ-0104] Net _23660_ only has one pin. Check if it is intended to be dangling.
[WARNING RSZ-0104] Net _23678_ only has one pin. Check if it is intended to be dangling.
[WARNING RSZ-0104] Net _23677_ only has one pin. Check if it is intended to be dangling.
[WARNING RSZ-0104] Net _23676_ only has one pin. Check if it is intended to be dangling.
[WARNING RSZ-0104] Net _23675_ only has one pin. Check if it is intended to be dangling.
[WARNING RSZ-0104] Net _23674_ only has one pin. Check if it is intended to be dangling.
[WARNING RSZ-0104] Net _23673_ only has one pin. Check if it is intended to be dangling.
[WARNING RSZ-0104] Net _23672_ only has one pin. Check if it is intended to be dangling.
[WARNING RSZ-0104] Net _23671_ only has one pin. Check if it is intended to be dangling.
[WARNING RSZ-0104] Net _23670_ only has one pin. Check if it is intended to be dangling.
[WARNING RSZ-0104] Net _23669_ only has one pin. Check if it is intended to be dangling.
[WARNING RSZ-0104] Net _23638_ only has one pin. Check if it is intended to be dangling.
[WARNING RSZ-0104] Net _23637_ only has one pin. Check if it is intended to be dangling.
[WARNING RSZ-0104] Net _23636_ only has one pin. Check if it is intended to be dangling.
[WARNING RSZ-0104] Net _23635_ only has one pin. Check if it is intended to be dangling.
[WARNING RSZ-0104] Net _23634_ only has one pin. Check if it is intended to be dangling.
[WARNING RSZ-0104] Net _23633_ only has one pin. Check if it is intended to be dangling.
[WARNING RSZ-0104] Net _23632_ only has one pin. Check if it is intended to be dangling.
[WARNING RSZ-0104] Net _22729_ only has one pin. Check if it is intended to be dangling.
[WARNING RSZ-0104] Net _23659_ only has one pin. Check if it is intended to be dangling.
[WARNING RSZ-0104] Net _23631_ only has one pin. Check if it is intended to be dangling.
[WARNING RSZ-0104] Net _23658_ only has one pin. Check if it is intended to be dangling.
[WARNING RSZ-0104] Net _23657_ only has one pin. Check if it is intended to be dangling.
[WARNING RSZ-0104] Net _23656_ only has one pin. Check if it is intended to be dangling.
[WARNING RSZ-0104] Net _23655_ only has one pin. Check if it is intended to be dangling.
[WARNING RSZ-0104] Net _23654_ only has one pin. Check if it is intended to be dangling.
[WARNING RSZ-0104] Net _23653_ only has one pin. Check if it is intended to be dangling.
[WARNING RSZ-0104] Net _23652_ only has one pin. Check if it is intended to be dangling.
[WARNING RSZ-0104] Net _23651_ only has one pin. Check if it is intended to be dangling.
[WARNING RSZ-0104] Net _23650_ only has one pin. Check if it is intended to be dangling.
[WARNING RSZ-0104] Net _23649_ only has one pin. Check if it is intended to be dangling.
[WARNING RSZ-0104] Net _23630_ only has one pin. Check if it is intended to be dangling.
[WARNING RSZ-0104] Net _23648_ only has one pin. Check if it is intended to be dangling.
[WARNING RSZ-0104] Net _23647_ only has one pin. Check if it is intended to be dangling.
[WARNING RSZ-0104] Net _23646_ only has one pin. Check if it is intended to be dangling.
[WARNING RSZ-0104] Net _23645_ only has one pin. Check if it is intended to be dangling.
[WARNING RSZ-0104] Net _23644_ only has one pin. Check if it is intended to be dangling.
[WARNING RSZ-0104] Net _23643_ only has one pin. Check if it is intended to be dangling.
[WARNING RSZ-0104] Net _23642_ only has one pin. Check if it is intended to be dangling.
[WARNING RSZ-0104] Net _23641_ only has one pin. Check if it is intended to be dangling.
[WARNING RSZ-0104] Net _23640_ only has one pin. Check if it is intended to be dangling.
[WARNING RSZ-0104] Net _23639_ only has one pin. Check if it is intended to be dangling.
[WARNING RSZ-0104] Net _23608_ only has one pin. Check if it is intended to be dangling.
[WARNING RSZ-0104] Net _23607_ only has one pin. Check if it is intended to be dangling.
[WARNING RSZ-0104] Net _23606_ only has one pin. Check if it is intended to be dangling.
[WARNING RSZ-0104] Net _23605_ only has one pin. Check if it is intended to be dangling.
[WARNING RSZ-0104] Net _23604_ only has one pin. Check if it is intended to be dangling.
[WARNING RSZ-0104] Net _23603_ only has one pin. Check if it is intended to be dangling.
[WARNING RSZ-0104] Net _23602_ only has one pin. Check if it is intended to be dangling.
[WARNING RSZ-0104] Net _22728_ only has one pin. Check if it is intended to be dangling.
[WARNING RSZ-0104] Net _23629_ only has one pin. Check if it is intended to be dangling.
[WARNING RSZ-0104] Net _23601_ only has one pin. Check if it is intended to be dangling.
[WARNING RSZ-0104] Net _23628_ only has one pin. Check if it is intended to be dangling.
[WARNING RSZ-0104] Net _23627_ only has one pin. Check if it is intended to be dangling.
[WARNING RSZ-0104] Net _23626_ only has one pin. Check if it is intended to be dangling.
[WARNING RSZ-0104] Net _23625_ only has one pin. Check if it is intended to be dangling.
[WARNING RSZ-0104] Net _23624_ only has one pin. Check if it is intended to be dangling.
[WARNING RSZ-0104] Net _23623_ only has one pin. Check if it is intended to be dangling.
[WARNING RSZ-0104] Net _23622_ only has one pin. Check if it is intended to be dangling.
[WARNING RSZ-0104] Net _23621_ only has one pin. Check if it is intended to be dangling.
[WARNING RSZ-0104] Net _23620_ only has one pin. Check if it is intended to be dangling.
[WARNING RSZ-0104] Net _23619_ only has one pin. Check if it is intended to be dangling.
[WARNING RSZ-0104] Net _23600_ only has one pin. Check if it is intended to be dangling.
[WARNING RSZ-0104] Net _23618_ only has one pin. Check if it is intended to be dangling.
[WARNING RSZ-0104] Net _23617_ only has one pin. Check if it is intended to be dangling.
[WARNING RSZ-0104] Net _23616_ only has one pin. Check if it is intended to be dangling.
[WARNING RSZ-0104] Net _23615_ only has one pin. Check if it is intended to be dangling.
[WARNING RSZ-0104] Net _23614_ only has one pin. Check if it is intended to be dangling.
[WARNING RSZ-0104] Net _23613_ only has one pin. Check if it is intended to be dangling.
[WARNING RSZ-0104] Net _23612_ only has one pin. Check if it is intended to be dangling.
[WARNING RSZ-0104] Net _23611_ only has one pin. Check if it is intended to be dangling.
[WARNING RSZ-0104] Net _23610_ only has one pin. Check if it is intended to be dangling.
[WARNING RSZ-0104] Net _23609_ only has one pin. Check if it is intended to be dangling.
[WARNING RSZ-0104] Net _23578_ only has one pin. Check if it is intended to be dangling.
[WARNING RSZ-0104] Net _23577_ only has one pin. Check if it is intended to be dangling.
[WARNING RSZ-0104] Net _23576_ only has one pin. Check if it is intended to be dangling.
[WARNING RSZ-0104] Net _23575_ only has one pin. Check if it is intended to be dangling.
[WARNING RSZ-0104] Net _23574_ only has one pin. Check if it is intended to be dangling.
[WARNING RSZ-0104] Net _23573_ only has one pin. Check if it is intended to be dangling.
[WARNING RSZ-0104] Net _23572_ only has one pin. Check if it is intended to be dangling.
[WARNING RSZ-0104] Net _22727_ only has one pin. Check if it is intended to be dangling.
[WARNING RSZ-0104] Net _23599_ only has one pin. Check if it is intended to be dangling.
[WARNING RSZ-0104] Net _23571_ only has one pin. Check if it is intended to be dangling.
[WARNING RSZ-0104] Net _23598_ only has one pin. Check if it is intended to be dangling.
[WARNING RSZ-0104] Net _23597_ only has one pin. Check if it is intended to be dangling.
[WARNING RSZ-0104] Net _23596_ only has one pin. Check if it is intended to be dangling.
[WARNING RSZ-0104] Net _23595_ only has one pin. Check if it is intended to be dangling.
[WARNING RSZ-0104] Net _23594_ only has one pin. Check if it is intended to be dangling.
[WARNING RSZ-0104] Net _23593_ only has one pin. Check if it is intended to be dangling.
[WARNING RSZ-0104] Net _23592_ only has one pin. Check if it is intended to be dangling.
[WARNING RSZ-0104] Net _23591_ only has one pin. Check if it is intended to be dangling.
[WARNING RSZ-0104] Net _23590_ only has one pin. Check if it is intended to be dangling.
[WARNING RSZ-0104] Net _23589_ only has one pin. Check if it is intended to be dangling.
[WARNING RSZ-0104] Net _23570_ only has one pin. Check if it is intended to be dangling.
[WARNING RSZ-0104] Net _23588_ only has one pin. Check if it is intended to be dangling.
[WARNING RSZ-0104] Net _23587_ only has one pin. Check if it is intended to be dangling.
[WARNING RSZ-0104] Net _23586_ only has one pin. Check if it is intended to be dangling.
[WARNING RSZ-0104] Net _23585_ only has one pin. Check if it is intended to be dangling.
[WARNING RSZ-0104] Net _23584_ only has one pin. Check if it is intended to be dangling.
[WARNING RSZ-0104] Net _23583_ only has one pin. Check if it is intended to be dangling.
[WARNING RSZ-0104] Net _23582_ only has one pin. Check if it is intended to be dangling.
[WARNING RSZ-0104] Net _23581_ only has one pin. Check if it is intended to be dangling.
[WARNING RSZ-0104] Net _23580_ only has one pin. Check if it is intended to be dangling.
[WARNING RSZ-0104] Net _23579_ only has one pin. Check if it is intended to be dangling.
[WARNING RSZ-0104] Net _23548_ only has one pin. Check if it is intended to be dangling.
[WARNING RSZ-0104] Net _23547_ only has one pin. Check if it is intended to be dangling.
[WARNING RSZ-0104] Net _23546_ only has one pin. Check if it is intended to be dangling.
[WARNING RSZ-0104] Net _23545_ only has one pin. Check if it is intended to be dangling.
[WARNING RSZ-0104] Net _23544_ only has one pin. Check if it is intended to be dangling.
[WARNING RSZ-0104] Net _23543_ only has one pin. Check if it is intended to be dangling.
[WARNING RSZ-0104] Net _23542_ only has one pin. Check if it is intended to be dangling.
[WARNING RSZ-0104] Net _22726_ only has one pin. Check if it is intended to be dangling.
[WARNING RSZ-0104] Net _23569_ only has one pin. Check if it is intended to be dangling.
[WARNING RSZ-0104] Net _23541_ only has one pin. Check if it is intended to be dangling.
[WARNING RSZ-0104] Net _23568_ only has one pin. Check if it is intended to be dangling.
[WARNING RSZ-0104] Net _23567_ only has one pin. Check if it is intended to be dangling.
[WARNING RSZ-0104] Net _23566_ only has one pin. Check if it is intended to be dangling.
[WARNING RSZ-0104] Net _23565_ only has one pin. Check if it is intended to be dangling.
[WARNING RSZ-0104] Net _23564_ only has one pin. Check if it is intended to be dangling.
[WARNING RSZ-0104] Net _23563_ only has one pin. Check if it is intended to be dangling.
[WARNING RSZ-0104] Net _23562_ only has one pin. Check if it is intended to be dangling.
[WARNING RSZ-0104] Net _23561_ only has one pin. Check if it is intended to be dangling.
[WARNING RSZ-0104] Net _23560_ only has one pin. Check if it is intended to be dangling.
[WARNING RSZ-0104] Net _23559_ only has one pin. Check if it is intended to be dangling.
[WARNING RSZ-0104] Net _23540_ only has one pin. Check if it is intended to be dangling.
[WARNING RSZ-0104] Net _23558_ only has one pin. Check if it is intended to be dangling.
[WARNING RSZ-0104] Net _23557_ only has one pin. Check if it is intended to be dangling.
[WARNING RSZ-0104] Net _23556_ only has one pin. Check if it is intended to be dangling.
[WARNING RSZ-0104] Net _23555_ only has one pin. Check if it is intended to be dangling.
[WARNING RSZ-0104] Net _23554_ only has one pin. Check if it is intended to be dangling.
[WARNING RSZ-0104] Net _23553_ only has one pin. Check if it is intended to be dangling.
[WARNING RSZ-0104] Net _23552_ only has one pin. Check if it is intended to be dangling.
[WARNING RSZ-0104] Net _23551_ only has one pin. Check if it is intended to be dangling.
[WARNING RSZ-0104] Net _23550_ only has one pin. Check if it is intended to be dangling.
[WARNING RSZ-0104] Net _23549_ only has one pin. Check if it is intended to be dangling.
[WARNING RSZ-0104] Net _23518_ only has one pin. Check if it is intended to be dangling.
[WARNING RSZ-0104] Net _23517_ only has one pin. Check if it is intended to be dangling.
[WARNING RSZ-0104] Net _23516_ only has one pin. Check if it is intended to be dangling.
[WARNING RSZ-0104] Net _23515_ only has one pin. Check if it is intended to be dangling.
[WARNING RSZ-0104] Net _23514_ only has one pin. Check if it is intended to be dangling.
[WARNING RSZ-0104] Net _23513_ only has one pin. Check if it is intended to be dangling.
[WARNING RSZ-0104] Net _23512_ only has one pin. Check if it is intended to be dangling.
[WARNING RSZ-0104] Net _22725_ only has one pin. Check if it is intended to be dangling.
[WARNING RSZ-0104] Net _23539_ only has one pin. Check if it is intended to be dangling.
[WARNING RSZ-0104] Net _23511_ only has one pin. Check if it is intended to be dangling.
[WARNING RSZ-0104] Net _23538_ only has one pin. Check if it is intended to be dangling.
[WARNING RSZ-0104] Net _23537_ only has one pin. Check if it is intended to be dangling.
[WARNING RSZ-0104] Net _23536_ only has one pin. Check if it is intended to be dangling.
[WARNING RSZ-0104] Net _23535_ only has one pin. Check if it is intended to be dangling.
[WARNING RSZ-0104] Net _23534_ only has one pin. Check if it is intended to be dangling.
[WARNING RSZ-0104] Net _23533_ only has one pin. Check if it is intended to be dangling.
[WARNING RSZ-0104] Net _23532_ only has one pin. Check if it is intended to be dangling.
[WARNING RSZ-0104] Net _23531_ only has one pin. Check if it is intended to be dangling.
[WARNING RSZ-0104] Net _23530_ only has one pin. Check if it is intended to be dangling.
[WARNING RSZ-0104] Net _23529_ only has one pin. Check if it is intended to be dangling.
[WARNING RSZ-0104] Net _23510_ only has one pin. Check if it is intended to be dangling.
[WARNING RSZ-0104] Net _23528_ only has one pin. Check if it is intended to be dangling.
[WARNING RSZ-0104] Net _23527_ only has one pin. Check if it is intended to be dangling.
[WARNING RSZ-0104] Net _23526_ only has one pin. Check if it is intended to be dangling.
[WARNING RSZ-0104] Net _23525_ only has one pin. Check if it is intended to be dangling.
[WARNING RSZ-0104] Net _23524_ only has one pin. Check if it is intended to be dangling.
[WARNING RSZ-0104] Net _23523_ only has one pin. Check if it is intended to be dangling.
[WARNING RSZ-0104] Net _23522_ only has one pin. Check if it is intended to be dangling.
[WARNING RSZ-0104] Net _23521_ only has one pin. Check if it is intended to be dangling.
[WARNING RSZ-0104] Net _23520_ only has one pin. Check if it is intended to be dangling.
[WARNING RSZ-0104] Net _23519_ only has one pin. Check if it is intended to be dangling.
[WARNING RSZ-0104] Net _23509_ only has one pin. Check if it is intended to be dangling.
[WARNING RSZ-0104] Net _23487_ only has one pin. Check if it is intended to be dangling.
[WARNING RSZ-0104] Net _23486_ only has one pin. Check if it is intended to be dangling.
[WARNING RSZ-0104] Net _23485_ only has one pin. Check if it is intended to be dangling.
[WARNING RSZ-0104] Net _23484_ only has one pin. Check if it is intended to be dangling.
[WARNING RSZ-0104] Net _23483_ only has one pin. Check if it is intended to be dangling.
[WARNING RSZ-0104] Net _23482_ only has one pin. Check if it is intended to be dangling.
[WARNING RSZ-0104] Net _23481_ only has one pin. Check if it is intended to be dangling.
[WARNING RSZ-0104] Net _22724_ only has one pin. Check if it is intended to be dangling.
[WARNING RSZ-0104] Net _23508_ only has one pin. Check if it is intended to be dangling.
[WARNING RSZ-0104] Net _23480_ only has one pin. Check if it is intended to be dangling.
[WARNING RSZ-0104] Net _23507_ only has one pin. Check if it is intended to be dangling.
[WARNING RSZ-0104] Net _23506_ only has one pin. Check if it is intended to be dangling.
[WARNING RSZ-0104] Net _23505_ only has one pin. Check if it is intended to be dangling.
[WARNING RSZ-0104] Net _23504_ only has one pin. Check if it is intended to be dangling.
[WARNING RSZ-0104] Net _23503_ only has one pin. Check if it is intended to be dangling.
[WARNING RSZ-0104] Net _23502_ only has one pin. Check if it is intended to be dangling.
[WARNING RSZ-0104] Net _23501_ only has one pin. Check if it is intended to be dangling.
[WARNING RSZ-0104] Net _23500_ only has one pin. Check if it is intended to be dangling.
[WARNING RSZ-0104] Net _23499_ only has one pin. Check if it is intended to be dangling.
[WARNING RSZ-0104] Net _23498_ only has one pin. Check if it is intended to be dangling.
[WARNING RSZ-0104] Net _23479_ only has one pin. Check if it is intended to be dangling.
[WARNING RSZ-0104] Net _23497_ only has one pin. Check if it is intended to be dangling.
[WARNING RSZ-0104] Net _23496_ only has one pin. Check if it is intended to be dangling.
[WARNING RSZ-0104] Net _23495_ only has one pin. Check if it is intended to be dangling.
[WARNING RSZ-0104] Net _23494_ only has one pin. Check if it is intended to be dangling.
[WARNING RSZ-0104] Net _23493_ only has one pin. Check if it is intended to be dangling.
[WARNING RSZ-0104] Net _23492_ only has one pin. Check if it is intended to be dangling.
[WARNING RSZ-0104] Net _23491_ only has one pin. Check if it is intended to be dangling.
[WARNING RSZ-0104] Net _23490_ only has one pin. Check if it is intended to be dangling.
[WARNING RSZ-0104] Net _23489_ only has one pin. Check if it is intended to be dangling.
[WARNING RSZ-0104] Net _23488_ only has one pin. Check if it is intended to be dangling.
[WARNING RSZ-0104] Net _23478_ only has one pin. Check if it is intended to be dangling.
[WARNING RSZ-0104] Net _23456_ only has one pin. Check if it is intended to be dangling.
[WARNING RSZ-0104] Net _23455_ only has one pin. Check if it is intended to be dangling.
[WARNING RSZ-0104] Net _23454_ only has one pin. Check if it is intended to be dangling.
    40000 |     +0.0% |       0 |       9 |            34 |      2312
[WARNING RSZ-0104] Net _23453_ only has one pin. Check if it is intended to be dangling.
[WARNING RSZ-0104] Net _23452_ only has one pin. Check if it is intended to be dangling.
[WARNING RSZ-0104] Net _23451_ only has one pin. Check if it is intended to be dangling.
[WARNING RSZ-0104] Net _23450_ only has one pin. Check if it is intended to be dangling.
[WARNING RSZ-0104] Net _22723_ only has one pin. Check if it is intended to be dangling.
[WARNING RSZ-0104] Net _23477_ only has one pin. Check if it is intended to be dangling.
[WARNING RSZ-0104] Net _23449_ only has one pin. Check if it is intended to be dangling.
[WARNING RSZ-0104] Net _23476_ only has one pin. Check if it is intended to be dangling.
[WARNING RSZ-0104] Net _23475_ only has one pin. Check if it is intended to be dangling.
[WARNING RSZ-0104] Net _23474_ only has one pin. Check if it is intended to be dangling.
[WARNING RSZ-0104] Net _23473_ only has one pin. Check if it is intended to be dangling.
[WARNING RSZ-0104] Net _23472_ only has one pin. Check if it is intended to be dangling.
[WARNING RSZ-0104] Net _23471_ only has one pin. Check if it is intended to be dangling.
[WARNING RSZ-0104] Net _23470_ only has one pin. Check if it is intended to be dangling.
[WARNING RSZ-0104] Net _23469_ only has one pin. Check if it is intended to be dangling.
[WARNING RSZ-0104] Net _23468_ only has one pin. Check if it is intended to be dangling.
[WARNING RSZ-0104] Net _23467_ only has one pin. Check if it is intended to be dangling.
[WARNING RSZ-0104] Net _23448_ only has one pin. Check if it is intended to be dangling.
[WARNING RSZ-0104] Net _23466_ only has one pin. Check if it is intended to be dangling.
[WARNING RSZ-0104] Net _23465_ only has one pin. Check if it is intended to be dangling.
[WARNING RSZ-0104] Net _23464_ only has one pin. Check if it is intended to be dangling.
[WARNING RSZ-0104] Net _23463_ only has one pin. Check if it is intended to be dangling.
[WARNING RSZ-0104] Net _23462_ only has one pin. Check if it is intended to be dangling.
[WARNING RSZ-0104] Net _23461_ only has one pin. Check if it is intended to be dangling.
[WARNING RSZ-0104] Net _23460_ only has one pin. Check if it is intended to be dangling.
[WARNING RSZ-0104] Net _23459_ only has one pin. Check if it is intended to be dangling.
[WARNING RSZ-0104] Net _23458_ only has one pin. Check if it is intended to be dangling.
[WARNING RSZ-0104] Net _23457_ only has one pin. Check if it is intended to be dangling.
[WARNING RSZ-0104] Net _23447_ only has one pin. Check if it is intended to be dangling.
[WARNING RSZ-0104] Net _23425_ only has one pin. Check if it is intended to be dangling.
[WARNING RSZ-0104] Net _23424_ only has one pin. Check if it is intended to be dangling.
[WARNING RSZ-0104] Net _23423_ only has one pin. Check if it is intended to be dangling.
[WARNING RSZ-0104] Net _23422_ only has one pin. Check if it is intended to be dangling.
[WARNING RSZ-0104] Net _23421_ only has one pin. Check if it is intended to be dangling.
[WARNING RSZ-0104] Net _23420_ only has one pin. Check if it is intended to be dangling.
[WARNING RSZ-0104] Net _23419_ only has one pin. Check if it is intended to be dangling.
[WARNING RSZ-0104] Net _22722_ only has one pin. Check if it is intended to be dangling.
[WARNING RSZ-0104] Net _23446_ only has one pin. Check if it is intended to be dangling.
[WARNING RSZ-0104] Net _23418_ only has one pin. Check if it is intended to be dangling.
[WARNING RSZ-0104] Net _23445_ only has one pin. Check if it is intended to be dangling.
[WARNING RSZ-0104] Net _23444_ only has one pin. Check if it is intended to be dangling.
[WARNING RSZ-0104] Net _23443_ only has one pin. Check if it is intended to be dangling.
[WARNING RSZ-0104] Net _23442_ only has one pin. Check if it is intended to be dangling.
[WARNING RSZ-0104] Net _23441_ only has one pin. Check if it is intended to be dangling.
[WARNING RSZ-0104] Net _23440_ only has one pin. Check if it is intended to be dangling.
[WARNING RSZ-0104] Net _23439_ only has one pin. Check if it is intended to be dangling.
[WARNING RSZ-0104] Net _23438_ only has one pin. Check if it is intended to be dangling.
[WARNING RSZ-0104] Net _23437_ only has one pin. Check if it is intended to be dangling.
[WARNING RSZ-0104] Net _23436_ only has one pin. Check if it is intended to be dangling.
[WARNING RSZ-0104] Net _23417_ only has one pin. Check if it is intended to be dangling.
[WARNING RSZ-0104] Net _23435_ only has one pin. Check if it is intended to be dangling.
[WARNING RSZ-0104] Net _23434_ only has one pin. Check if it is intended to be dangling.
[WARNING RSZ-0104] Net _23433_ only has one pin. Check if it is intended to be dangling.
[WARNING RSZ-0104] Net _23432_ only has one pin. Check if it is intended to be dangling.
[WARNING RSZ-0104] Net _23431_ only has one pin. Check if it is intended to be dangling.
[WARNING RSZ-0104] Net _23430_ only has one pin. Check if it is intended to be dangling.
[WARNING RSZ-0104] Net _23429_ only has one pin. Check if it is intended to be dangling.
[WARNING RSZ-0104] message limit (1000) reached. This message will no longer print.
    41000 |     +0.0% |       0 |       9 |            34 |      1312
    42000 |     +0.0% |       0 |      11 |            39 |       312
    final |     +0.0% |       0 |      11 |            39 |         0
---------------------------------------------------------------------
[INFO RSZ-0036] Found 39 capacitance violations.
[INFO RSZ-0038] Inserted 11 buffers in 39 nets.
[INFO RSZ-0504] Runtime: 5.07s
Took 5 seconds: repair_design -verbose -cap_margin 30 -slew_margin 25
global_route -start_incremental
detailed_placement
[INFO DPL-0006] Core area: 185291.08 um^2
[INFO DPL-0007] Movable instances area: 65576.18 um^2
[INFO DPL-0008] Fixed instances area within core: 286.48 um^2
[INFO DPL-0009] Utilization: 35.5%
[INFO DPL-0005] Diamond search max displacement: +/- 500 sites horizontally, +/- 100 rows vertically.
[INFO DPL-1102] Legalizing using negotiation legalizer.
[INFO DPL-1103] Negotiation base search window: +/-20 sites horizontally, +/-5 rows vertically 
	Automatic search window extension enabled.
	Search window extendable up to the max displacement cap of +/-500 sites, +/-100 rows near walls.
[INFO DPL-1104] NegotiationLegalizer DRC penalty: 5.
[INFO DPL-0392] Negotiation cell height distribution (1 unique row-count(s)):
[INFO DPL-0393]   height 1 row(s): 31754 cells
          |      Total |  Illegal |  Illegal
Iteration | Violations |    Cells |    Sites
---------------------------------------------
        0 |         12 |         4 |         8
        1 |          0 |         0 |         0
Negotiation phase 1 converged at iteration 1.
[INFO DPL-0500] Runtime: 0.24s
Placement Analysis
---------------------------------
total displacement         16.6 u
average displacement        0.0 u
max displacement            2.8 u
original HPWL          376813.6 u
legalized HPWL         376819.1 u
delta HPWL                    0 %

global_route -end_incremental -congestion_report_file ./reports/nangate45/similarity_asic_transfer_broadcast/base/congestion_post_repair_design.rpt
Repair setup and hold violations...
estimate_parasitics -global_routing
repair_timing -setup_margin 0 -hold_margin 0 -repair_tns 100 -verbose
[INFO RSZ-0100] Repair move sequence: UnbufferMove SizeUpMove SwapPinsMove BufferMove CloneMove SplitLoadMove 
[INFO RSZ-0098] No setup violations found
[INFO RSZ-0505] Runtime: 1.48s
[INFO RSZ-0033] No hold violations found.
[INFO RSZ-0506] Runtime: 0.35s
global_route -start_incremental
detailed_placement
[INFO DPL-0006] Core area: 185291.08 um^2
[INFO DPL-0007] Movable instances area: 65576.18 um^2
[INFO DPL-0008] Fixed instances area within core: 286.48 um^2
[INFO DPL-0009] Utilization: 35.5%
[INFO DPL-0005] Diamond search max displacement: +/- 500 sites horizontally, +/- 100 rows vertically.
[INFO DPL-1102] Legalizing using negotiation legalizer.
[INFO DPL-1103] Negotiation base search window: +/-20 sites horizontally, +/-5 rows vertically 
	Automatic search window extension enabled.
	Search window extendable up to the max displacement cap of +/-500 sites, +/-100 rows near walls.
[INFO DPL-1104] NegotiationLegalizer DRC penalty: 5.
[INFO DPL-0392] Negotiation cell height distribution (1 unique row-count(s)):
[INFO DPL-0393]   height 1 row(s): 31754 cells
[INFO DPL-0500] Runtime: 0.20s
Placement Analysis
---------------------------------
total displacement          0.0 u
average displacement        0.0 u
max displacement            0.0 u
original HPWL          376819.1 u
legalized HPWL         376819.1 u
delta HPWL                    0 %

check_placement -verbose
global_route -end_incremental -congestion_report_file ./reports/nangate45/similarity_asic_transfer_broadcast/base/congestion_post_repair_timing.rpt
estimate_parasitics -global_routing
global_route -start_incremental
global_route -end_incremental -congestion_report_file ./reports/nangate45/similarity_asic_transfer_broadcast/base/congestion_post_recover_power.rpt
Repair antennas...
[WARNING GRT-0246] No diode with LEF class CORE ANTENNACELL found.
[INFO ANT-0002] Found 0 net violations.
[INFO ANT-0001] Found 0 pin violations.
Estimate parasitics...
estimate_parasitics -global_routing
Report metrics stage 5, global route...

==========================================================================
global route report_design_area
--------------------------------------------------------------------------
Design area 65863 um^2 36% utilization.
[INFO FLW-0007] clock clk period 20.000000
[INFO FLW-0008] Clock clk period 1.631
[INFO FLW-0009] Clock clk slack 18.283
write_sdc -no_timestamp ./results/nangate45/similarity_asic_transfer_broadcast/base/updated_clks.sdc
[INFO FLW-0011] Path endpoint path count 3685
write_db ./results/nangate45/similarity_asic_transfer_broadcast/base/5_1_grt.odb
write_sdc -no_timestamp ./results/nangate45/similarity_asic_transfer_broadcast/base/5_1_grt.sdc
Elapsed time: 1:57.78[h:]min:sec. CPU time: user 404.40 sys 1.10 (344%). Peak memory: 737516KB.
Log                       Ext     Elapsed/s Peak Memory/MB sha1sum result [0:20)
5_1_grt                   .odb          117            720 29600f3ad0ba3b721d84
5_1_grt                   .sdc                             a7d4a24766f0813c1d1e
/OpenROAD-flow-scripts/flow/scripts/flow.sh 5_2_route detail_route
Running detail_route.tcl, stage 5_2_route
read_liberty /OpenROAD-flow-scripts/flow/platforms/nangate45/lib/NangateOpenCellLibrary_typical.lib
read_db ./results/nangate45/similarity_asic_transfer_broadcast/base/5_1_grt.odb
read_sdc ./results/nangate45/similarity_asic_transfer_broadcast/base/5_1_grt.sdc
source /OpenROAD-flow-scripts/flow/platforms/nangate45/setRC.tcl
detailed_route -output_drc ./reports/nangate45/similarity_asic_transfer_broadcast/base/5_route_drc.rpt -output_maze ./results/nangate45/similarity_asic_transfer_broadcast/base/maze.log -droute_end_iter 64 -verbose 1 -drc_report_iter_step 5
[INFO DRT-0149] Reading tech and libs.

Units:                2000
Number of layers:     21
Number of macros:     135
Number of vias:       33
Number of viarulegen: 19

[INFO DRT-0150] Reading design.

Design:                   similarity_asic_transfer_broadcast
Die area:                 ( 0 0 ) ( 866760 866760 )
Number of track patterns: 20
Number of DEF vias:       0
Number of components:     31754
Number of terminals:      36
Number of snets:          2
Number of nets:           42036

[INFO DRT-0167] List of default vias:
  Layer via2
    default via: via2_5
  Layer via3
    default via: via3_2
  Layer via4
    default via: via4_0
  Layer via5
    default via: via5_0
  Layer via6
    default via: via6_0
  Layer via7
    default via: via7_0
  Layer via8
    default via: via8_0
  Layer via9
    default via: via9_0
[INFO DRT-0162] Library cell analysis.
[INFO DRT-0163] Instance analysis.
[INFO DRT-0164] Number of unique instances = 106.
[INFO DRT-0168] Init region query.
[INFO DRT-0024]   Complete active.
[INFO DRT-0024]   Complete Fr_VIA.
[INFO DRT-0024]   Complete metal1.
[INFO DRT-0024]   Complete via1.
[INFO DRT-0024]   Complete metal2.
[INFO DRT-0024]   Complete via2.
[INFO DRT-0024]   Complete metal3.
[INFO DRT-0024]   Complete via3.
[INFO DRT-0024]   Complete metal4.
[INFO DRT-0024]   Complete via4.
[INFO DRT-0024]   Complete metal5.
[INFO DRT-0024]   Complete via5.
[INFO DRT-0024]   Complete metal6.
[INFO DRT-0024]   Complete via6.
[INFO DRT-0024]   Complete metal7.
[INFO DRT-0024]   Complete via7.
[INFO DRT-0024]   Complete metal8.
[INFO DRT-0024]   Complete via8.
[INFO DRT-0024]   Complete metal9.
[INFO DRT-0024]   Complete via9.
[INFO DRT-0024]   Complete metal10.
[INFO DRT-0033] active shape region query size = 0.
[INFO DRT-0033] FR_VIA shape region query size = 0.
[INFO DRT-0033] metal1 shape region query size = 707432.
[INFO DRT-0033] via1 shape region query size = 7392.
[INFO DRT-0033] metal2 shape region query size = 4928.
[INFO DRT-0033] via2 shape region query size = 7392.
[INFO DRT-0033] metal3 shape region query size = 4928.
[INFO DRT-0033] via3 shape region query size = 7392.
[INFO DRT-0033] metal4 shape region query size = 2712.
[INFO DRT-0033] via4 shape region query size = 2320.
[INFO DRT-0033] metal5 shape region query size = 473.
[INFO DRT-0033] via5 shape region query size = 2320.
[INFO DRT-0033] metal6 shape region query size = 489.
[INFO DRT-0033] via6 shape region query size = 928.
[INFO DRT-0033] metal7 shape region query size = 290.
[INFO DRT-0033] via7 shape region query size = 0.
[INFO DRT-0033] metal8 shape region query size = 0.
[INFO DRT-0033] via8 shape region query size = 0.
[INFO DRT-0033] metal9 shape region query size = 0.
[INFO DRT-0033] via9 shape region query size = 0.
[INFO DRT-0033] metal10 shape region query size = 0.
[INFO DRT-0165] Start pin access.
[INFO DRT-0078]   Complete 611 pins.
[INFO DRT-0079]   Complete 100 unique inst patterns.
[INFO DRT-0081]   Complete 106 unique inst patterns.
[INFO DRT-0082]   Complete 10000 groups.
[INFO DRT-0084]   Complete 19061 groups.
#scanned instances     = 31754
#unique  instances     = 106
#stdCellGenAp          = 3244
#stdCellValidPlanarAp  = 0
#stdCellValidViaAp     = 2330
#stdCellPinNoAp        = 0
#stdCellPinCnt         = 113923
#instTermValidViaApCnt = 0
#macroGenAp            = 0
#macroValidPlanarAp    = 0
#macroValidViaAp       = 0
#macroNoAp             = 0
[INFO DRT-0166] Complete pin access.
[INFO DRT-0267] cpu time = 00:05:28, elapsed time = 00:01:22, memory = 474.67 (MB), peak = 489.89 (MB)
[INFO DRT-0156] guideIn read 100000 guides.
[INFO DRT-0156] guideIn read 200000 guides.

[INFO DRT-0157] Number of guides:     252457

[INFO DRT-0169] Post process guides.
[INFO DRT-0176] GCELLGRID X 0 DO 152 STEP 5700 ;
[INFO DRT-0177] GCELLGRID Y 0 DO 152 STEP 5700 ;
[INFO DRT-0026]   Complete 100000 origin guides.
[INFO DRT-0026]   Complete 200000 origin guides.
[INFO DRT-0028]   Complete active.
[INFO DRT-0028]   Complete Fr_VIA.
[INFO DRT-0028]   Complete metal1.
[INFO DRT-0028]   Complete via1.
[INFO DRT-0028]   Complete metal2.
[INFO DRT-0028]   Complete via2.
[INFO DRT-0028]   Complete metal3.
[INFO DRT-0028]   Complete via3.
[INFO DRT-0028]   Complete metal4.
[INFO DRT-0028]   Complete via4.
[INFO DRT-0028]   Complete metal5.
[INFO DRT-0028]   Complete via5.
[INFO DRT-0028]   Complete metal6.
[INFO DRT-0028]   Complete via6.
[INFO DRT-0028]   Complete metal7.
[INFO DRT-0028]   Complete via7.
[INFO DRT-0028]   Complete metal8.
[INFO DRT-0028]   Complete via8.
[INFO DRT-0028]   Complete metal9.
[INFO DRT-0028]   Complete via9.
[INFO DRT-0028]   Complete metal10.
[INFO DRT-0178] Init guide query.
[INFO DRT-0035]   Complete active (guide).
[INFO DRT-0035]   Complete Fr_VIA (guide).
[INFO DRT-0035]   Complete metal1 (guide).
[INFO DRT-0035]   Complete via1 (guide).
[INFO DRT-0035]   Complete metal2 (guide).
[INFO DRT-0035]   Complete via2 (guide).
[INFO DRT-0035]   Complete metal3 (guide).
[INFO DRT-0035]   Complete via3 (guide).
[INFO DRT-0035]   Complete metal4 (guide).
[INFO DRT-0035]   Complete via4 (guide).
[INFO DRT-0035]   Complete metal5 (guide).
[INFO DRT-0035]   Complete via5 (guide).
[INFO DRT-0035]   Complete metal6 (guide).
[INFO DRT-0035]   Complete via6 (guide).
[INFO DRT-0035]   Complete metal7 (guide).
[INFO DRT-0035]   Complete via7 (guide).
[INFO DRT-0035]   Complete metal8 (guide).
[INFO DRT-0035]   Complete via8 (guide).
[INFO DRT-0035]   Complete metal9 (guide).
[INFO DRT-0035]   Complete via9 (guide).
[INFO DRT-0035]   Complete metal10 (guide).
[INFO DRT-0036] active guide region query size = 0.
[INFO DRT-0036] FR_VIA guide region query size = 0.
[INFO DRT-0036] metal1 guide region query size = 92871.
[INFO DRT-0036] via1 guide region query size = 0.
[INFO DRT-0036] metal2 guide region query size = 74896.
[INFO DRT-0036] via2 guide region query size = 0.
[INFO DRT-0036] metal3 guide region query size = 38374.
[INFO DRT-0036] via3 guide region query size = 0.
[INFO DRT-0036] metal4 guide region query size = 2695.
[INFO DRT-0036] via4 guide region query size = 0.
[INFO DRT-0036] metal5 guide region query size = 754.
[INFO DRT-0036] via5 guide region query size = 0.
[INFO DRT-0036] metal6 guide region query size = 55.
[INFO DRT-0036] via6 guide region query size = 0.
[INFO DRT-0036] metal7 guide region query size = 3.
[INFO DRT-0036] via7 guide region query size = 0.
[INFO DRT-0036] metal8 guide region query size = 0.
[INFO DRT-0036] via8 guide region query size = 0.
[INFO DRT-0036] metal9 guide region query size = 0.
[INFO DRT-0036] via9 guide region query size = 0.
[INFO DRT-0036] metal10 guide region query size = 0.
[INFO DRT-0179] Init gr pin query.
[INFO DRT-0267] cpu time = 00:00:00, elapsed time = 00:00:00, memory = 570.79 (MB), peak = 570.54 (MB)
[INFO DRT-0245] skipped writing guide updates to database.
[INFO DRT-0181] Start track assignment.
[INFO DRT-0184] Done with 77646 vertical wires in 4 frboxes and 132002 horizontal wires in 4 frboxes.
[INFO DRT-0186] Done with 16736 vertical wires in 4 frboxes and 20511 horizontal wires in 4 frboxes.
[INFO DRT-0182] Complete track assignment.
[INFO DRT-0267] cpu time = 00:00:14, elapsed time = 00:00:06, memory = 744.50 (MB), peak = 970.31 (MB)
[INFO DRT-0187] Start routing data preparation.
[INFO DRT-0267] cpu time = 00:00:00, elapsed time = 00:00:00, memory = 744.56 (MB), peak = 970.31 (MB)
[INFO DRT-0194] Start detail routing.
[INFO DRT-0195] Start 0th optimization iteration.
    Completing 10% with 0 violations.
    elapsed time = 00:00:08, memory = 897.30 (MB).
    Completing 20% with 0 violations.
    elapsed time = 00:00:17, memory = 1110.12 (MB).
    Completing 30% with 567 violations.
    elapsed time = 00:00:28, memory = 1242.80 (MB).
    Completing 40% with 567 violations.
    elapsed time = 00:00:38, memory = 1233.24 (MB).
    Completing 50% with 567 violations.
    elapsed time = 00:00:53, memory = 1263.58 (MB).
    Completing 60% with 1308 violations.
    elapsed time = 00:01:02, memory = 1359.58 (MB).
    Completing 70% with 1308 violations.
    elapsed time = 00:01:13, memory = 1369.64 (MB).
    Completing 80% with 1885 violations.
    elapsed time = 00:01:25, memory = 1389.66 (MB).
    Completing 90% with 1885 violations.
    elapsed time = 00:01:34, memory = 1407.66 (MB).
    Completing 100% with 2556 violations.
    elapsed time = 00:01:49, memory = 1457.66 (MB).
[INFO DRT-0199]   Number of violations = 3835.
Viol/Layer      metal1   via1 metal2   via2 metal3 metal4   via4 metal5
Cut Spacing          0      1      0      3      0      0      4      0
Metal Spacing       16      0    239      0     33      3      0      1
Recheck             17      0    737      0    483      6      0     36
Short                0      0   1878      6    355     14      0      3
[INFO DRT-0267] cpu time = 00:07:02, elapsed time = 00:01:49, memory = 1451.66 (MB), peak = 1651.47 (MB)
Total wire length = 433900 um.
Total wire length on LAYER metal1 = 0 um.
Total wire length on LAYER metal2 = 163950 um.
Total wire length on LAYER metal3 = 191927 um.
Total wire length on LAYER metal4 = 56090 um.
Total wire length on LAYER metal5 = 20162 um.
Total wire length on LAYER metal6 = 1564 um.
Total wire length on LAYER metal7 = 205 um.
Total wire length on LAYER metal8 = 0 um.
Total wire length on LAYER metal9 = 0 um.
Total wire length on LAYER metal10 = 0 um.
Total number of vias = 212553.
Up-via summary (total 212553):

-----------------
 active         0
 metal1    112833
 metal2     94405
 metal3      3923
 metal4      1301
 metal5        85
 metal6         6
 metal7         0
 metal8         0
 metal9         0
-----------------
       212553


[INFO DRT-0195] Start 1st optimization iteration.
    Completing 10% with 3835 violations.
    elapsed time = 00:00:08, memory = 1451.66 (MB).
    Completing 20% with 3835 violations.
    elapsed time = 00:00:19, memory = 1451.66 (MB).
    Completing 30% with 3095 violations.
    elapsed time = 00:00:28, memory = 1441.67 (MB).
    Completing 40% with 3095 violations.
    elapsed time = 00:00:38, memory = 1441.67 (MB).
    Completing 50% with 3095 violations.
    elapsed time = 00:00:50, memory = 1441.67 (MB).
    Completing 60% with 2256 violations.
    elapsed time = 00:01:00, memory = 1441.67 (MB).
    Completing 70% with 2256 violations.
    elapsed time = 00:01:10, memory = 1441.67 (MB).
    Completing 80% with 1500 violations.
    elapsed time = 00:01:23, memory = 1435.69 (MB).
    Completing 90% with 1500 violations.
    elapsed time = 00:01:30, memory = 1435.69 (MB).
    Completing 100% with 723 violations.
    elapsed time = 00:01:44, memory = 1435.69 (MB).
[INFO DRT-0199]   Number of violations = 723.
Viol/Layer      metal1   via1 metal2   via2 metal3
Cut Spacing          0      2      0      1      0
Metal Spacing        7      0    151      0      8
Short                0      0    511      0     43
[INFO DRT-0267] cpu time = 00:06:46, elapsed time = 00:01:45, memory = 1445.69 (MB), peak = 1651.47 (MB)
Total wire length = 431377 um.
Total wire length on LAYER metal1 = 0 um.
Total wire length on LAYER metal2 = 162671 um.
Total wire length on LAYER metal3 = 190948 um.
Total wire length on LAYER metal4 = 55983 um.
Total wire length on LAYER metal5 = 20020 um.
Total wire length on LAYER metal6 = 1551 um.
Total wire length on LAYER metal7 = 203 um.
Total wire length on LAYER metal8 = 0 um.
Total wire length on LAYER metal9 = 0 um.
Total wire length on LAYER metal10 = 0 um.
Total number of vias = 210433.
Up-via summary (total 210433):

-----------------
 active         0
 metal1    112824
 metal2     92416
 metal3      3841
 metal4      1266
 metal5        80
 metal6         6
 metal7         0
 metal8         0
 metal9         0
-----------------
       210433


[INFO DRT-0195] Start 2nd optimization iteration.
    Completing 10% with 723 violations.
    elapsed time = 00:00:05, memory = 1445.69 (MB).
    Completing 20% with 723 violations.
    elapsed time = 00:00:11, memory = 1445.69 (MB).
    Completing 30% with 650 violations.
    elapsed time = 00:00:17, memory = 1445.75 (MB).
    Completing 40% with 650 violations.
    elapsed time = 00:00:22, memory = 1445.75 (MB).
    Completing 50% with 650 violations.
    elapsed time = 00:00:30, memory = 1445.75 (MB).
    Completing 60% with 631 violations.
    elapsed time = 00:00:37, memory = 1439.75 (MB).
    Completing 70% with 631 violations.
    elapsed time = 00:00:42, memory = 1439.75 (MB).
    Completing 80% with 583 violations.
    elapsed time = 00:00:50, memory = 1429.75 (MB).
    Completing 90% with 583 violations.
    elapsed time = 00:00:56, memory = 1429.75 (MB).
    Completing 100% with 586 violations.
    elapsed time = 00:01:04, memory = 1429.75 (MB).
[INFO DRT-0199]   Number of violations = 586.
Viol/Layer      metal1   via1 metal2 metal3
Cut Spacing          0      2      0      0
Metal Spacing        5      0    110     10
Short                0      0    438     21
[INFO DRT-0267] cpu time = 00:04:08, elapsed time = 00:01:05, memory = 1425.75 (MB), peak = 1651.47 (MB)
Total wire length = 431051 um.
Total wire length on LAYER metal1 = 0 um.
Total wire length on LAYER metal2 = 162502 um.
Total wire length on LAYER metal3 = 190801 um.
Total wire length on LAYER metal4 = 55977 um.
Total wire length on LAYER metal5 = 20009 um.
Total wire length on LAYER metal6 = 1551 um.
Total wire length on LAYER metal7 = 208 um.
Total wire length on LAYER metal8 = 0 um.
Total wire length on LAYER metal9 = 0 um.
Total wire length on LAYER metal10 = 0 um.
Total number of vias = 210245.
Up-via summary (total 210245):

-----------------
 active         0
 metal1    112837
 metal2     92228
 metal3      3843
 metal4      1253
 metal5        78
 metal6         6
 metal7         0
 metal8         0
 metal9         0
-----------------
       210245


[INFO DRT-0195] Start 3rd optimization iteration.
    Completing 10% with 586 violations.
    elapsed time = 00:00:02, memory = 1425.75 (MB).
    Completing 20% with 586 violations.
    elapsed time = 00:00:05, memory = 1425.75 (MB).
    Completing 30% with 440 violations.
    elapsed time = 00:00:09, memory = 1421.75 (MB).
    Completing 40% with 440 violations.
    elapsed time = 00:00:11, memory = 1421.75 (MB).
    Completing 50% with 440 violations.
    elapsed time = 00:00:15, memory = 1421.75 (MB).
    Completing 60% with 286 violations.
    elapsed time = 00:00:19, memory = 1419.75 (MB).
    Completing 70% with 286 violations.
    elapsed time = 00:00:21, memory = 1419.75 (MB).
    Completing 80% with 143 violations.
    elapsed time = 00:00:24, memory = 1417.75 (MB).
    Completing 90% with 143 violations.
    elapsed time = 00:00:26, memory = 1417.75 (MB).
    Completing 100% with 2 violations.
    elapsed time = 00:00:31, memory = 1415.75 (MB).
[INFO DRT-0199]   Number of violations = 2.
Viol/Layer      metal2
Metal Spacing        1
Short                1
[INFO DRT-0267] cpu time = 00:01:59, elapsed time = 00:00:31, memory = 1419.75 (MB), peak = 1651.47 (MB)
Total wire length = 431048 um.
Total wire length on LAYER metal1 = 0 um.
Total wire length on LAYER metal2 = 161491 um.
Total wire length on LAYER metal3 = 190949 um.
Total wire length on LAYER metal4 = 56837 um.
Total wire length on LAYER metal5 = 20009 um.
Total wire length on LAYER metal6 = 1551 um.
Total wire length on LAYER metal7 = 208 um.
Total wire length on LAYER metal8 = 0 um.
Total wire length on LAYER metal9 = 0 um.
Total wire length on LAYER metal10 = 0 um.
Total number of vias = 210912.
Up-via summary (total 210912):

-----------------
 active         0
 metal1    112838
 metal2     92612
 metal3      4125
 metal4      1253
 metal5        78
 metal6         6
 metal7         0
 metal8         0
 metal9         0
-----------------
       210912


[INFO DRT-0195] Start 4th guides tiles iteration.
    Completing 50% with 2 violations.
    elapsed time = 00:00:00, memory = 1419.75 (MB).
    Completing 100% with 0 violations.
    elapsed time = 00:00:00, memory = 1419.75 (MB).
[INFO DRT-0199]   Number of violations = 0.
[INFO DRT-0267] cpu time = 00:00:00, elapsed time = 00:00:00, memory = 1597.75 (MB), peak = 1651.47 (MB)
Total wire length = 431048 um.
Total wire length on LAYER metal1 = 0 um.
Total wire length on LAYER metal2 = 161491 um.
Total wire length on LAYER metal3 = 190949 um.
Total wire length on LAYER metal4 = 56837 um.
Total wire length on LAYER metal5 = 20009 um.
Total wire length on LAYER metal6 = 1551 um.
Total wire length on LAYER metal7 = 208 um.
Total wire length on LAYER metal8 = 0 um.
Total wire length on LAYER metal9 = 0 um.
Total wire length on LAYER metal10 = 0 um.
Total number of vias = 210912.
Up-via summary (total 210912):

-----------------
 active         0
 metal1    112838
 metal2     92614
 metal3      4123
 metal4      1253
 metal5        78
 metal6         6
 metal7         0
 metal8         0
 metal9         0
-----------------
       210912


[INFO DRT-0198] Complete detail routing.
Total wire length = 431048 um.
Total wire length on LAYER metal1 = 0 um.
Total wire length on LAYER metal2 = 161491 um.
Total wire length on LAYER metal3 = 190949 um.
Total wire length on LAYER metal4 = 56837 um.
Total wire length on LAYER metal5 = 20009 um.
Total wire length on LAYER metal6 = 1551 um.
Total wire length on LAYER metal7 = 208 um.
Total wire length on LAYER metal8 = 0 um.
Total wire length on LAYER metal9 = 0 um.
Total wire length on LAYER metal10 = 0 um.
Total number of vias = 210912.
Up-via summary (total 210912):

-----------------
 active         0
 metal1    112838
 metal2     92614
 metal3      4123
 metal4      1253
 metal5        78
 metal6         6
 metal7         0
 metal8         0
 metal9         0
-----------------
       210912


[INFO DRT-0267] cpu time = 00:19:57, elapsed time = 00:05:12, memory = 1597.82 (MB), peak = 1651.47 (MB)

[INFO DRT-0180] Post processing.
[INFO DRT-0501] Runtime: 402.57s
Took 403 seconds: detailed_route -output_drc ./reports/nangate45/similarity_asic_transfer_broadcast/base/5_route_drc.rpt -output_maze ./results/nangate45/similarity_asic_transfer_broadcast/base/maze.log -droute_end_iter 64 -verbose 1 -drc_report_iter_step 5
[WARNING GRT-0246] No diode with LEF class CORE ANTENNACELL found.
[INFO ANT-0002] Found 0 net violations.
[INFO ANT-0001] Found 0 pin violations.
[INFO ANT-0002] Found 0 net violations.
[INFO ANT-0001] Found 0 pin violations.
Design area 65863 um^2 36% utilization.
write_db ./results/nangate45/similarity_asic_transfer_broadcast/base/5_2_route.odb
Elapsed time: 6:53.96[h:]min:sec. CPU time: user 1581.51 sys 0.56 (382%). Peak memory: 1691108KB.
Log                       Ext     Elapsed/s Peak Memory/MB sha1sum result [0:20)
5_2_route                 .odb          413           1651 713f45cc67e5a819c03f
/OpenROAD-flow-scripts/flow/scripts/flow.sh 5_3_fillcell fillcell
Running fillcell.tcl, stage 5_3_fillcell
read_liberty /OpenROAD-flow-scripts/flow/platforms/nangate45/lib/NangateOpenCellLibrary_typical.lib
read_db ./results/nangate45/similarity_asic_transfer_broadcast/base/5_2_route.odb
read_sdc ./results/nangate45/similarity_asic_transfer_broadcast/base/5_1_grt.sdc
source /OpenROAD-flow-scripts/flow/platforms/nangate45/setRC.tcl
filler_placement "FILLCELL_X1 FILLCELL_X2 FILLCELL_X4 FILLCELL_X8 FILLCELL_X16 FILLCELL_X32"
[INFO DPL-0001] Placed 47395 filler instances.
Design area 65863 um^2 36% utilization.
write_db ./results/nangate45/similarity_asic_transfer_broadcast/base/5_3_fillcell.odb
Elapsed time: 0:00.92[h:]min:sec. CPU time: user 0.84 sys 0.07 (99%). Peak memory: 277380KB.
Log                       Ext     Elapsed/s Peak Memory/MB sha1sum result [0:20)
5_3_fillcell              .odb            0            270 4fdf1a710ddb005eff5d
cp ./results/nangate45/similarity_asic_transfer_broadcast/base/5_3_fillcell.odb ./results/nangate45/similarity_asic_transfer_broadcast/base/5_route.odb
cp ./results/nangate45/similarity_asic_transfer_broadcast/base/5_1_grt.sdc ./results/nangate45/similarity_asic_transfer_broadcast/base/5_route.sdc
/OpenROAD-flow-scripts/flow/scripts/flow.sh 6_1_fill density_fill
Running density_fill.tcl, stage 6_1_fill
read_liberty /OpenROAD-flow-scripts/flow/platforms/nangate45/lib/NangateOpenCellLibrary_typical.lib
read_db ./results/nangate45/similarity_asic_transfer_broadcast/base/5_route.odb
read_sdc ./results/nangate45/similarity_asic_transfer_broadcast/base/5_route.sdc
source /OpenROAD-flow-scripts/flow/platforms/nangate45/setRC.tcl
exec cp ./results/nangate45/similarity_asic_transfer_broadcast/base/5_route.odb ./results/nangate45/similarity_asic_transfer_broadcast/base/6_1_fill.odb
Elapsed time: 0:00.54[h:]min:sec. CPU time: user 0.47 sys 0.07 (99%). Peak memory: 201516KB.
Log                       Ext     Elapsed/s Peak Memory/MB sha1sum result [0:20)
6_1_fill                  .odb            0            196 4fdf1a710ddb005eff5d

===== emulated final report (217.10s) =====
OPENROAD: /OpenROAD-flow-scripts/tools/OpenROAD
unknown 
/OpenROAD-flow-scripts/flow/scripts/flow.sh 6_report final_report
Running final_report.tcl, stage 6_report
read_liberty /OpenROAD-flow-scripts/flow/platforms/nangate45/lib/NangateOpenCellLibrary_typical.lib
read_db ./results/nangate45/similarity_asic_transfer_broadcast/base/6_1_fill.odb
read_sdc ./results/nangate45/similarity_asic_transfer_broadcast/base/6_1_fill.sdc
source /OpenROAD-flow-scripts/flow/platforms/nangate45/setRC.tcl
write_db ./results/nangate45/similarity_asic_transfer_broadcast/base/6_final.odb
write_sdc -no_timestamp ./results/nangate45/similarity_asic_transfer_broadcast/base/6_final.sdc
Deleted 0 routing obstructions
[INFO RCX-0431] Defined process_corner X with ext_model_index 0
[INFO RCX-0029] Defined extraction corner X
[INFO RCX-0435] Reading extraction model file /OpenROAD-flow-scripts/flow/platforms/nangate45/rcx_patterns.rules ...
[INFO RCX-0436] RC segment generation similarity_asic_transfer_broadcast (max_merge_res 50.0) ...
[INFO RCX-0040] Final 114739 rc segments
[INFO RCX-0439] Coupling Cap extraction similarity_asic_transfer_broadcast ...
[INFO RCX-0440] Coupling threshhold is 0.1000 fF, coupling capacitance less than 0.1000 fF will be grounded.
[INFO RCX-0442] 10% of 185506 wires extracted
[INFO RCX-0442] 28% of 185506 wires extracted
[INFO RCX-0442] 48% of 185506 wires extracted
[INFO RCX-0442] 62% of 185506 wires extracted
[INFO RCX-0442] 85% of 185506 wires extracted
[INFO RCX-0442] 100% of 185506 wires extracted
[INFO RCX-0045] Extract 42036 nets, 155083 rsegs, 155083 caps, 281050 ccs
[INFO RCX-0443] 42036 nets finished
[INFO PSM-0040] All shapes on net VDD are connected.
########## IR report #################
Net              : VDD
Corner           : default
Total power      : 3.89e-03 W
Supply voltage   : 1.10e+00 V
Worstcase voltage: 1.10e+00 V
Average voltage  : 1.10e+00 V
Average IR drop  : 1.38e-04 V
Worstcase IR drop: 4.36e-04 V
Percentage drop  : 0.04 %
######################################
[INFO PSM-0040] All shapes on net VSS are connected.
########## IR report #################
Net              : VSS
Corner           : default
Total power      : 3.89e-03 W
Supply voltage   : 0.00e+00 V
Worstcase voltage: 5.30e-04 V
Average voltage  : 1.32e-04 V
Average IR drop  : 1.32e-04 V
Worstcase IR drop: 5.30e-04 V
Percentage drop  : 0.05 %
######################################
Cell type report:                       Count        Area
  Fill cell                             47395   119428.41
  Tap cell                               1077      286.48
  Clock buffer                            462      558.60
  Timing Repair Buffer                    922     1215.89
  Inverter                               1513      804.92
  Clock inverter                          180      125.02
  Sequential cell                        1674     7569.83
  Multi-Input combinational cell        25926    55301.93
  Total                                 79149   185291.08
Report metrics stage 6, finish...

==========================================================================
finish report_design_area
--------------------------------------------------------------------------
Design area 65863 um^2 36% utilization.
Elapsed time: 3:35.48[h:]min:sec. CPU time: user 293.37 sys 1.23 (136%). Peak memory: 1051300KB.
Log                       Ext     Elapsed/s Peak Memory/MB sha1sum result [0:20)
6_report                                215           1026                  N/A

===== native finish (5.56s) =====
OPENROAD: /OpenROAD-flow-scripts/tools/OpenROAD
cp /OpenROAD-flow-scripts/flow/platforms/nangate45/lef/NangateOpenCellLibrary.tech.lef ./objects/nangate45/similarity_asic_transfer_broadcast/base/klayout_tech.lef
/usr/bin/python3 /OpenROAD-flow-scripts/flow/util/generate_klayout_tech.py \
	--template /OpenROAD-flow-scripts/flow/platforms/nangate45/FreePDK45.lyt \
	--output ./objects/nangate45/similarity_asic_transfer_broadcast/base/klayout.lyt \
	--lef-files ./objects/nangate45/similarity_asic_transfer_broadcast/base/klayout_tech.lef /OpenROAD-flow-scripts/flow/platforms/nangate45/lef/NangateOpenCellLibrary.macro.mod.lef   \
	--map-files 
/usr/bin/python3 /OpenROAD-flow-scripts/flow/scripts/run_command.py --log /OpenROAD-flow-scripts/flow/logs/nangate45/similarity_asic_transfer_broadcast/base/6_1_merge.log --tee -- \
        /OpenROAD-flow-scripts/flow/scripts/klayout.sh -zz -rd design_name=similarity_asic_transfer_broadcast \
        -rd in_def=./results/nangate45/similarity_asic_transfer_broadcast/base/6_final.def \
        -rd in_files="/OpenROAD-flow-scripts/flow/platforms/nangate45/gds/NangateOpenCellLibrary.gds  " \
        -rd seal_file="" \
        -rd out_file=./results/nangate45/similarity_asic_transfer_broadcast/base/6_1_merged.gds \
        -rd tech_file=./objects/nangate45/similarity_asic_transfer_broadcast/base/klayout.lyt \
        -rd layer_map= \
        -r /OpenROAD-flow-scripts/flow/util/def2stream.py
KLayout 0.30.12
Warning: DEF UNITS does not match reader DBU (DEF UNITS is 2000 and corresponds to a DBU of 0.0005, but reader DBU is set to 0.0001) (line=5, cell=, file=6_final.def)
[INFO] Reporting cells prior to loading DEF ...
	/OpenROAD-flow-scripts/flow/platforms/nangate45/gds/NangateOpenCellLibrary.gds
[INFO] GDS_ALLOW_EMPTY=fakeram.*
[INFO] All LEF cells have matching GDS/OAS cells
[INFO] No orphan cells in the final layout
Elapsed time: 0:03.71[h:]min:sec. CPU time: user 3.42 sys 0.29 (99%). Peak memory: 579176KB.
cp results/nangate45/similarity_asic_transfer_broadcast/base/6_1_merged.gds results/nangate45/similarity_asic_transfer_broadcast/base/6_final.gds
./logs/nangate45/similarity_asic_transfer_broadcast/base
Log                       Ext     Elapsed/s Peak Memory/MB sha1sum result [0:20)
1_1_yosys_canonicalize    .rtlil          0             45 743271d649a40f9222ba
1_2_yosys                 .v             39            380 04a8cccfc32e7b130cab
1_2_yosys                 .sdc                             7d34f03a79b07a31dbf7
1_synth                   .odb            1            189 4d0910065f5bd93f0e02
1_synth                   .sdc                             9b902f57180de0be30ff
2_1_floorplan             .odb            5            257 d354679f7bfad429f5d1
2_1_floorplan             .sdc                             9b902f57180de0be30ff
2_2_floorplan_macro       .odb            0            142 d354679f7bfad429f5d1
2_3_floorplan_tapcell     .odb            0            141 23d8f2420b4794907475
2_4_floorplan_pdn         .odb            0            151 80cf1eb8cc91cb10d2c6
3_1_place_gp_skip_io      .odb            4            210 b9efd71f253798aea205
3_2_place_iop             .odb            0            145 664e762b59b908a57d9e
3_3_place_gp              .odb           40            600 3b1c5ee56af847661c52
3_4_place_resized         .odb           14            267 0041ad5ed4d04dfac340
3_5_place_dp              .odb           18            338 0ceaff0446be6f09bd1f
4_1_cts                   .odb           16            342 519a7fed4c65db6d7b66
5_1_grt                   .odb          117            720 29600f3ad0ba3b721d84
5_1_grt                   .sdc                             a7d4a24766f0813c1d1e
5_2_route                 .odb          413           1651 713f45cc67e5a819c03f
5_3_fillcell              .odb            0            270 4fdf1a710ddb005eff5d
6_1_fill                  .odb            0            196 4fdf1a710ddb005eff5d
6_1_fill                  .sdc                             a7d4a24766f0813c1d1e
6_1_merge                                 3            565                  N/A
6_report                                215           1026                  N/A
Total                                   885           1651                     
