
===== native route and fill (1116.06s) =====
OPENROAD: /OpenROAD-flow-scripts/tools/OpenROAD
rm -f ./results/sky130hd/similarity_asic_transfer_local/base/1_* ./results/sky130hd/similarity_asic_transfer_local/base/mem*.json
rm -rf ./results/sky130hd/similarity_asic_transfer_local/base/memories
rm -f ./reports/sky130hd/similarity_asic_transfer_local/base/synth_*
rm -f ./logs/sky130hd/similarity_asic_transfer_local/base/1_*
rm -f 
rm -f ./results/sky130hd/similarity_asic_transfer_local/base/clock_period.txt
rm -f ./results/sky130hd/similarity_asic_transfer_local/base/2_*floorplan*.odb ./results/sky130hd/similarity_asic_transfer_local/base/2_floorplan.sdc ./results/sky130hd/similarity_asic_transfer_local/base/2_*.v ./results/sky130hd/similarity_asic_transfer_local/base/2_*.def
rm -f ./reports/sky130hd/similarity_asic_transfer_local/base/2_*
rm -f ./logs/sky130hd/similarity_asic_transfer_local/base/2_*
rm -f ./results/sky130hd/similarity_asic_transfer_local/base/3_*place*.odb
rm -f ./results/sky130hd/similarity_asic_transfer_local/base/3_place.sdc
rm -f ./results/sky130hd/similarity_asic_transfer_local/base/3_*.def ./results/sky130hd/similarity_asic_transfer_local/base/3_*.v
rm -f ./reports/sky130hd/similarity_asic_transfer_local/base/3_*
rm -f ./logs/sky130hd/similarity_asic_transfer_local/base/3_*
rm -rf ./results/sky130hd/similarity_asic_transfer_local/base/4_*cts*.odb ./results/sky130hd/similarity_asic_transfer_local/base/4_cts.sdc ./results/sky130hd/similarity_asic_transfer_local/base/4_*.v ./results/sky130hd/similarity_asic_transfer_local/base/4_*.def
rm -f  ./reports/sky130hd/similarity_asic_transfer_local/base/4_*
rm -rf ./logs/sky130hd/similarity_asic_transfer_local/base/4_*
rm -rf ./results/sky130hd/similarity_asic_transfer_local/base/route.guide ./results/sky130hd/similarity_asic_transfer_local/base/output_guide.mod ./results/sky130hd/similarity_asic_transfer_local/base/updated_clks.sdc
rm -rf ./results/sky130hd/similarity_asic_transfer_local/base/5_*.odb ./results/sky130hd/similarity_asic_transfer_local/base/5_route.sdc ./results/sky130hd/similarity_asic_transfer_local/base/5_*.def ./results/sky130hd/similarity_asic_transfer_local/base/5_*.v
rm -f  ./reports/sky130hd/similarity_asic_transfer_local/base/5_*
rm -f  ./logs/sky130hd/similarity_asic_transfer_local/base/5_*
rm -rf ./results/sky130hd/similarity_asic_transfer_local/base/6_*.gds ./results/sky130hd/similarity_asic_transfer_local/base/6_*.oas ./results/sky130hd/similarity_asic_transfer_local/base/6_*.odb ./results/sky130hd/similarity_asic_transfer_local/base/6_*.v ./results/sky130hd/similarity_asic_transfer_local/base/6_*.def ./results/sky130hd/similarity_asic_transfer_local/base/6_*.sdc ./results/sky130hd/similarity_asic_transfer_local/base/6_*.spef
rm -rf ./reports/sky130hd/similarity_asic_transfer_local/base/6_*.rpt
rm -f  ./logs/sky130hd/similarity_asic_transfer_local/base/6_*
rm -f ./reports/sky130hd/similarity_asic_transfer_local/base/design-dir.txt
rm -f ./reports/sky130hd/similarity_asic_transfer_local/base/metadata*.*
rm -f ./results/sky130hd/similarity_asic_transfer_local/base/similarity_asic_transfer_local.lib ./results/sky130hd/similarity_asic_transfer_local/base/similarity_asic_transfer_local.lef
rm -rf ./objects/sky130hd/similarity_asic_transfer_local/base
mkdir -p ./results/sky130hd/similarity_asic_transfer_local/base/
echo 20.0 > ./results/sky130hd/similarity_asic_transfer_local/base/clock_period.txt
/OpenROAD-flow-scripts/flow/scripts/synth.sh /OpenROAD-flow-scripts/flow/scripts/synth_canonicalize.tcl ./logs/sky130hd/similarity_asic_transfer_local/base/1_1_yosys_canonicalize.log
Using ABC speed script.
Extracting clock period from SDC file: ./results/sky130hd/similarity_asic_transfer_local/base/clock_period.txt
Setting clock period to 20.0
1. Executing Liberty frontend: /OpenROAD-flow-scripts/flow/platforms/sky130hd/lib/sky130_fd_sc_hd__tt_025C_1v80.lib
2. Executing Liberty frontend: /OpenROAD-flow-scripts/flow/platforms/sky130hd/lib/sky130_fd_sc_hd__tt_025C_1v80.lib
3. Executing Verilog-2005 frontend: /work/rtl/kernellum_mac_array.sv
4. Executing Verilog-2005 frontend: /work/rtl/kernellum_local_mac_array.sv
5. Executing Verilog-2005 frontend: /work/rtl/similarity_asic_transfer_top.sv
6. Executing Verilog-2005 frontend: /OpenROAD-flow-scripts/flow/platforms/sky130hd/cells_clkgate_hd.v
7. Executing HIERARCHY pass (managing design hierarchy).
8. Executing AST frontend in derive mode using pre-parsed AST for module `\similarity_asic_transfer_local'.
8.1. Analyzing design hierarchy..
8.2. Executing AST frontend in derive mode using pre-parsed AST for module `\similarity_asic_transport_core'.
8.3. Analyzing design hierarchy..
8.4. Executing AST frontend in derive mode using pre-parsed AST for module `\kernellum_local_mac_array'.
8.5. Analyzing design hierarchy..
8.6. Executing AST frontend in derive mode using pre-parsed AST for module `\kernellum_delay_line'.
Warning: Replacing memory \g_delay.valid_pipe with list of registers. See /work/rtl/kernellum_local_mac_array.sv:28
Warning: Replacing memory \g_delay.data_pipe with list of registers. See /work/rtl/kernellum_local_mac_array.sv:27
8.7. Executing AST frontend in derive mode using pre-parsed AST for module `\kernellum_delay_line'.
8.8. Executing AST frontend in derive mode using pre-parsed AST for module `\kernellum_delay_line'.
8.9. Executing AST frontend in derive mode using pre-parsed AST for module `\kernellum_delay_line'.
8.10. Executing AST frontend in derive mode using pre-parsed AST for module `\kernellum_delay_line'.
8.11. Executing AST frontend in derive mode using pre-parsed AST for module `\kernellum_delay_line'.
8.12. Executing AST frontend in derive mode using pre-parsed AST for module `\kernellum_delay_line'.
8.13. Executing AST frontend in derive mode using pre-parsed AST for module `\kernellum_delay_line'.
8.14. Executing AST frontend in derive mode using pre-parsed AST for module `\kernellum_delay_line'.
8.15. Executing AST frontend in derive mode using pre-parsed AST for module `\kernellum_delay_line'.
8.16. Analyzing design hierarchy..
8.17. Analyzing design hierarchy..
8.18. Analyzing design hierarchy..
9. Executing OPT_CLEAN pass (remove unused cells and wires).
Warning: Ignoring module $paramod$da5c6e3f64faa1f672788225f4c55878ff9e971e\kernellum_delay_line because it contains processes (run 'proc' command first).
Warning: Ignoring module $paramod$08146823295b8a3bf53cc0b8d3a0a25a26201b9a\kernellum_delay_line because it contains processes (run 'proc' command first).
Warning: Ignoring module $paramod$aeb5f64991a0f57a1ea3e1bde0515bab78a0eebf\kernellum_delay_line because it contains processes (run 'proc' command first).
Warning: Ignoring module $paramod$59c02ad5be344f1c655e7e3b2ee6beec73046e08\kernellum_delay_line because it contains processes (run 'proc' command first).
Warning: Ignoring module $paramod$ee0c605872b4ddbf452233ea4bb22be0931e2d09\similarity_asic_transport_core because it contains processes (run 'proc' command first).
Warning: Ignoring module $paramod$bad22a4c85b38a14f1683881bf38f467801c8096\kernellum_local_mac_array because it contains processes (run 'proc' command first).
Warning: Ignoring module $paramod$3bdb6e428b977cd3876f6d5401d32e0bd1d9d7dc\kernellum_delay_line because it contains processes (run 'proc' command first).
Warning: Ignoring module $paramod$df776baa2b3e4cf9a96489ff2d591202f7313df5\kernellum_delay_line because it contains processes (run 'proc' command first).
Warning: Ignoring module $paramod$f95acc223ed609738aa77f6fb903de6fd2d8cdf1\kernellum_delay_line because it contains processes (run 'proc' command first).
Warning: Ignoring module $paramod$159fa91ade1d549e8c18c4c1d268449338397d00\kernellum_delay_line because it contains processes (run 'proc' command first).
Warning: Ignoring module $paramod$21df655d0ed86de5f5cd0f7f45e43de1a91f28b6\kernellum_delay_line because it contains processes (run 'proc' command first).
10. Executing RTLIL backend.
Warnings: 13 unique messages, 29 total
End of script. Logfile hash: 372b8f0b70, time: 0.21s, user: 0.18s, system: 0.02s, MEM: 56.75 MB peak
Yosys 0.68+post (git sha1 UNKNOWN, Release, GNU /usr/local/bin/wrapped-cc/g++ 11.4.0)
Time spent: 47% 4x read_liberty (0 sec), 39% 1x hierarchy (0 sec), ...
Elapsed time: 0:00.22[h:]min:sec. CPU time: user 0.19 sys 0.03 (99%). Peak memory: 60828KB.
Log                       Ext     Elapsed/s Peak Memory/MB sha1sum result [0:20)
1_1_yosys_canonicalize    .rtlil          0             59 64b660736ae234d26b58
/OpenROAD-flow-scripts/flow/scripts/synth.sh /OpenROAD-flow-scripts/flow/scripts/synth.tcl ./logs/sky130hd/similarity_asic_transfer_local/base/1_2_yosys.log
Using ABC speed script.
Extracting clock period from SDC file: ./results/sky130hd/similarity_asic_transfer_local/base/clock_period.txt
Setting clock period to 20.0
1. Executing RTLIL frontend.
2. Executing HIERARCHY pass (managing design hierarchy).
2.1. Analyzing design hierarchy..
2.2. Analyzing design hierarchy..
3. Executing SYNTH pass.
3.1. Executing HIERARCHY pass (managing design hierarchy).
3.1.1. Analyzing design hierarchy..
3.1.2. Analyzing design hierarchy..
3.2. Executing PROC pass (convert processes to netlists).
3.2.1. Executing PROC_CLEAN pass (remove empty switches from decision trees).
3.2.2. Executing PROC_RMDEAD pass (remove dead branches from decision trees).
3.2.3. Executing PROC_PRUNE pass (remove redundant assignments in processes).
3.2.4. Executing PROC_INIT pass (extract init attributes).
3.2.5. Executing PROC_ARST pass (detect async resets in processes).
3.2.6. Executing PROC_ROM pass (convert switches to ROMs).
3.2.7. Executing PROC_MUX pass (convert decision trees to multiplexers).
3.2.8. Executing PROC_DLATCH pass (convert process syncs to latches).
3.2.9. Executing PROC_DFF pass (convert process syncs to FFs).
3.2.10. Executing PROC_MEMWR pass (convert process memory writes to cells).
3.2.11. Executing PROC_CLEAN pass (remove empty switches from decision trees).
3.2.12. Executing OPT_EXPR pass (perform const folding).
3.3. Executing CHECK pass (checking for obvious problems).
3.4. Executing FLATTEN pass (flatten design).
3.5. Executing OPT_EXPR pass (perform const folding).
3.6. Executing OPT_CLEAN pass (remove unused cells and wires).
3.7. Executing CHECK pass (checking for obvious problems).
3.8. Executing OPT pass (performing simple optimizations).
3.8.1. Executing OPT_EXPR pass (perform const folding).
3.8.2. Executing OPT_MERGE pass (detect identical cells).
3.8.3. Executing OPT_MUXTREE pass (detect dead branches in mux trees).
3.8.4. Executing OPT_REDUCE pass (consolidate $*mux and $reduce_* inputs).
3.8.5. Executing OPT_MERGE pass (detect identical cells).
3.8.6. Executing OPT_DFF pass (perform DFF optimizations).
3.8.7. Executing OPT_CLEAN pass (remove unused cells and wires).
3.8.8. Executing OPT_EXPR pass (perform const folding).
3.8.9. Rerunning OPT passes. (Maybe there is more to do..)
3.8.10. Executing OPT_MUXTREE pass (detect dead branches in mux trees).
3.8.11. Executing OPT_REDUCE pass (consolidate $*mux and $reduce_* inputs).
3.8.12. Executing OPT_MERGE pass (detect identical cells).
3.8.13. Executing OPT_DFF pass (perform DFF optimizations).
3.8.14. Executing OPT_CLEAN pass (remove unused cells and wires).
3.8.15. Executing OPT_EXPR pass (perform const folding).
3.8.16. Rerunning OPT passes. (Maybe there is more to do..)
3.8.17. Executing OPT_MUXTREE pass (detect dead branches in mux trees).
3.8.18. Executing OPT_REDUCE pass (consolidate $*mux and $reduce_* inputs).
3.8.19. Executing OPT_MERGE pass (detect identical cells).
3.8.20. Executing OPT_DFF pass (perform DFF optimizations).
3.8.21. Executing OPT_CLEAN pass (remove unused cells and wires).
3.8.22. Executing OPT_EXPR pass (perform const folding).
3.8.23. Finished fast OPT passes. (There is nothing left to do.)
3.9. Executing FSM pass (extract and optimize FSM).
3.9.1. Executing FSM_DETECT pass (finding FSMs in design).
3.9.2. Executing FSM_EXTRACT pass (extracting FSM from design).
3.9.3. Executing FSM_OPT pass (simple optimizations of FSMs).
3.9.4. Executing OPT_CLEAN pass (remove unused cells and wires).
3.9.5. Executing FSM_OPT pass (simple optimizations of FSMs).
3.9.6. Executing FSM_RECODE pass (re-assigning FSM state encoding).
3.9.7. Executing FSM_INFO pass (dumping all available information on FSM cells).
3.9.8. Executing FSM_MAP pass (mapping FSMs to basic logic).
3.10. Executing OPT pass (performing simple optimizations).
3.10.1. Executing OPT_EXPR pass (perform const folding).
3.10.2. Executing OPT_MERGE pass (detect identical cells).
3.10.3. Executing OPT_MUXTREE pass (detect dead branches in mux trees).
3.10.4. Executing OPT_REDUCE pass (consolidate $*mux and $reduce_* inputs).
3.10.5. Executing OPT_MERGE pass (detect identical cells).
3.10.6. Executing OPT_DFF pass (perform DFF optimizations).
3.10.7. Executing OPT_CLEAN pass (remove unused cells and wires).
3.10.8. Executing OPT_EXPR pass (perform const folding).
3.10.9. Rerunning OPT passes. (Maybe there is more to do..)
3.10.10. Executing OPT_MUXTREE pass (detect dead branches in mux trees).
3.10.11. Executing OPT_REDUCE pass (consolidate $*mux and $reduce_* inputs).
3.10.12. Executing OPT_MERGE pass (detect identical cells).
3.10.13. Executing OPT_DFF pass (perform DFF optimizations).
3.10.14. Executing OPT_CLEAN pass (remove unused cells and wires).
3.10.15. Executing OPT_EXPR pass (perform const folding).
3.10.16. Finished fast OPT passes. (There is nothing left to do.)
3.11. Executing WREDUCE pass (reducing word size of cells).
3.12. Executing PEEPOPT pass (run peephole optimizers).
3.13. Executing OPT_CLEAN pass (remove unused cells and wires).
3.14. Executing ALUMACC pass (create $alu and $macc cells).
3.15. Executing SHARE pass (SAT-based resource sharing).
3.16. Executing OPT pass (performing simple optimizations).
3.16.1. Executing OPT_EXPR pass (perform const folding).
3.16.2. Executing OPT_MERGE pass (detect identical cells).
3.16.3. Executing OPT_MUXTREE pass (detect dead branches in mux trees).
3.16.4. Executing OPT_REDUCE pass (consolidate $*mux and $reduce_* inputs).
3.16.5. Executing OPT_MERGE pass (detect identical cells).
3.16.6. Executing OPT_DFF pass (perform DFF optimizations).
3.16.7. Executing OPT_CLEAN pass (remove unused cells and wires).
3.16.8. Executing OPT_EXPR pass (perform const folding).
3.16.9. Rerunning OPT passes. (Maybe there is more to do..)
3.16.10. Executing OPT_MUXTREE pass (detect dead branches in mux trees).
3.16.11. Executing OPT_REDUCE pass (consolidate $*mux and $reduce_* inputs).
3.16.12. Executing OPT_MERGE pass (detect identical cells).
3.16.13. Executing OPT_DFF pass (perform DFF optimizations).
3.16.14. Executing OPT_CLEAN pass (remove unused cells and wires).
3.16.15. Executing OPT_EXPR pass (perform const folding).
3.16.16. Finished fast OPT passes. (There is nothing left to do.)
3.17. Executing MEMORY pass.
3.17.1. Executing OPT_MEM pass (optimize memories).
3.17.2. Executing OPT_MEM_PRIORITY pass (removing unnecessary memory write priority relations).
3.17.3. Executing OPT_MEM_FEEDBACK pass (finding memory read-to-write feedback paths).
3.17.4. Executing MEMORY_BMUX2ROM pass (converting muxes to ROMs).
3.17.5. Executing MEMORY_DFF pass (merging $dff cells to $memrd).
3.17.6. Executing OPT_CLEAN pass (remove unused cells and wires).
3.17.7. Executing MEMORY_SHARE pass (consolidating $memrd/$memwr cells).
3.17.8. Executing OPT_MEM_WIDEN pass (optimize memories where all ports are wide).
3.17.9. Executing OPT_CLEAN pass (remove unused cells and wires).
3.17.10. Executing MEMORY_COLLECT pass (generating $mem cells).
3.18. Executing OPT_CLEAN pass (remove unused cells and wires).
4. Executing SYNTH pass.
4.1. Executing OPT pass (performing simple optimizations).
4.1.1. Executing OPT_EXPR pass (perform const folding).
4.1.2. Executing OPT_MERGE pass (detect identical cells).
4.1.3. Executing OPT_DFF pass (perform DFF optimizations).
4.1.4. Executing OPT_CLEAN pass (remove unused cells and wires).
4.1.5. Finished fast OPT passes.
4.2. Executing MEMORY_MAP pass (converting memories to logic and flip-flops).
4.3. Executing OPT pass (performing simple optimizations).
4.3.1. Executing OPT_EXPR pass (perform const folding).
4.3.2. Executing OPT_MERGE pass (detect identical cells).
4.3.3. Executing OPT_MUXTREE pass (detect dead branches in mux trees).
4.3.4. Executing OPT_REDUCE pass (consolidate $*mux and $reduce_* inputs).
4.3.5. Executing OPT_MERGE pass (detect identical cells).
4.3.6. Executing OPT_SHARE pass.
4.3.7. Executing OPT_DFF pass (perform DFF optimizations).
4.3.8. Executing OPT_CLEAN pass (remove unused cells and wires).
4.3.9. Executing OPT_EXPR pass (perform const folding).
4.3.10. Rerunning OPT passes. (Maybe there is more to do..)
4.3.11. Executing OPT_MUXTREE pass (detect dead branches in mux trees).
4.3.12. Executing OPT_REDUCE pass (consolidate $*mux and $reduce_* inputs).
4.3.13. Executing OPT_MERGE pass (detect identical cells).
4.3.14. Executing OPT_SHARE pass.
4.3.15. Executing OPT_DFF pass (perform DFF optimizations).
4.3.16. Executing OPT_CLEAN pass (remove unused cells and wires).
4.3.17. Executing OPT_EXPR pass (perform const folding).
4.3.18. Rerunning OPT passes. (Maybe there is more to do..)
4.3.19. Executing OPT_MUXTREE pass (detect dead branches in mux trees).
4.3.20. Executing OPT_REDUCE pass (consolidate $*mux and $reduce_* inputs).
4.3.21. Executing OPT_MERGE pass (detect identical cells).
4.3.22. Executing OPT_SHARE pass.
4.3.23. Executing OPT_DFF pass (perform DFF optimizations).
4.3.24. Executing OPT_CLEAN pass (remove unused cells and wires).
4.3.25. Executing OPT_EXPR pass (perform const folding).
4.3.26. Rerunning OPT passes. (Maybe there is more to do..)
4.3.27. Executing OPT_MUXTREE pass (detect dead branches in mux trees).
4.3.28. Executing OPT_REDUCE pass (consolidate $*mux and $reduce_* inputs).
4.3.29. Executing OPT_MERGE pass (detect identical cells).
4.3.30. Executing OPT_SHARE pass.
4.3.31. Executing OPT_DFF pass (perform DFF optimizations).
4.3.32. Executing OPT_CLEAN pass (remove unused cells and wires).
4.3.33. Executing OPT_EXPR pass (perform const folding).
4.3.34. Rerunning OPT passes. (Maybe there is more to do..)
4.3.35. Executing OPT_MUXTREE pass (detect dead branches in mux trees).
4.3.36. Executing OPT_REDUCE pass (consolidate $*mux and $reduce_* inputs).
4.3.37. Executing OPT_MERGE pass (detect identical cells).
4.3.38. Executing OPT_SHARE pass.
4.3.39. Executing OPT_DFF pass (perform DFF optimizations).
4.3.40. Executing OPT_CLEAN pass (remove unused cells and wires).
4.3.41. Executing OPT_EXPR pass (perform const folding).
4.3.42. Rerunning OPT passes. (Maybe there is more to do..)
4.3.43. Executing OPT_MUXTREE pass (detect dead branches in mux trees).
4.3.44. Executing OPT_REDUCE pass (consolidate $*mux and $reduce_* inputs).
4.3.45. Executing OPT_MERGE pass (detect identical cells).
4.3.46. Executing OPT_SHARE pass.
4.3.47. Executing OPT_DFF pass (perform DFF optimizations).
4.3.48. Executing OPT_CLEAN pass (remove unused cells and wires).
4.3.49. Executing OPT_EXPR pass (perform const folding).
4.3.50. Rerunning OPT passes. (Maybe there is more to do..)
4.3.51. Executing OPT_MUXTREE pass (detect dead branches in mux trees).
4.3.52. Executing OPT_REDUCE pass (consolidate $*mux and $reduce_* inputs).
4.3.53. Executing OPT_MERGE pass (detect identical cells).
4.3.54. Executing OPT_SHARE pass.
4.3.55. Executing OPT_DFF pass (perform DFF optimizations).
4.3.56. Executing OPT_CLEAN pass (remove unused cells and wires).
4.3.57. Executing OPT_EXPR pass (perform const folding).
4.3.58. Rerunning OPT passes. (Maybe there is more to do..)
4.3.59. Executing OPT_MUXTREE pass (detect dead branches in mux trees).
4.3.60. Executing OPT_REDUCE pass (consolidate $*mux and $reduce_* inputs).
4.3.61. Executing OPT_MERGE pass (detect identical cells).
4.3.62. Executing OPT_SHARE pass.
4.3.63. Executing OPT_DFF pass (perform DFF optimizations).
4.3.64. Executing OPT_CLEAN pass (remove unused cells and wires).
4.3.65. Executing OPT_EXPR pass (perform const folding).
4.3.66. Rerunning OPT passes. (Maybe there is more to do..)
4.3.67. Executing OPT_MUXTREE pass (detect dead branches in mux trees).
4.3.68. Executing OPT_REDUCE pass (consolidate $*mux and $reduce_* inputs).
4.3.69. Executing OPT_MERGE pass (detect identical cells).
4.3.70. Executing OPT_SHARE pass.
4.3.71. Executing OPT_DFF pass (perform DFF optimizations).
4.3.72. Executing OPT_CLEAN pass (remove unused cells and wires).
4.3.73. Executing OPT_EXPR pass (perform const folding).
4.3.74. Rerunning OPT passes. (Maybe there is more to do..)
4.3.75. Executing OPT_MUXTREE pass (detect dead branches in mux trees).
4.3.76. Executing OPT_REDUCE pass (consolidate $*mux and $reduce_* inputs).
4.3.77. Executing OPT_MERGE pass (detect identical cells).
4.3.78. Executing OPT_SHARE pass.
4.3.79. Executing OPT_DFF pass (perform DFF optimizations).
4.3.80. Executing OPT_CLEAN pass (remove unused cells and wires).
4.3.81. Executing OPT_EXPR pass (perform const folding).
4.3.82. Rerunning OPT passes. (Maybe there is more to do..)
4.3.83. Executing OPT_MUXTREE pass (detect dead branches in mux trees).
4.3.84. Executing OPT_REDUCE pass (consolidate $*mux and $reduce_* inputs).
4.3.85. Executing OPT_MERGE pass (detect identical cells).
4.3.86. Executing OPT_SHARE pass.
4.3.87. Executing OPT_DFF pass (perform DFF optimizations).
4.3.88. Executing OPT_CLEAN pass (remove unused cells and wires).
4.3.89. Executing OPT_EXPR pass (perform const folding).
4.3.90. Rerunning OPT passes. (Maybe there is more to do..)
4.3.91. Executing OPT_MUXTREE pass (detect dead branches in mux trees).
4.3.92. Executing OPT_REDUCE pass (consolidate $*mux and $reduce_* inputs).
4.3.93. Executing OPT_MERGE pass (detect identical cells).
4.3.94. Executing OPT_SHARE pass.
4.3.95. Executing OPT_DFF pass (perform DFF optimizations).
4.3.96. Executing OPT_CLEAN pass (remove unused cells and wires).
4.3.97. Executing OPT_EXPR pass (perform const folding).
4.3.98. Rerunning OPT passes. (Maybe there is more to do..)
4.3.99. Executing OPT_MUXTREE pass (detect dead branches in mux trees).
4.3.100. Executing OPT_REDUCE pass (consolidate $*mux and $reduce_* inputs).
4.3.101. Executing OPT_MERGE pass (detect identical cells).
4.3.102. Executing OPT_SHARE pass.
4.3.103. Executing OPT_DFF pass (perform DFF optimizations).
4.3.104. Executing OPT_CLEAN pass (remove unused cells and wires).
4.3.105. Executing OPT_EXPR pass (perform const folding).
4.3.106. Rerunning OPT passes. (Maybe there is more to do..)
4.3.107. Executing OPT_MUXTREE pass (detect dead branches in mux trees).
4.3.108. Executing OPT_REDUCE pass (consolidate $*mux and $reduce_* inputs).
4.3.109. Executing OPT_MERGE pass (detect identical cells).
4.3.110. Executing OPT_SHARE pass.
4.3.111. Executing OPT_DFF pass (perform DFF optimizations).
4.3.112. Executing OPT_CLEAN pass (remove unused cells and wires).
4.3.113. Executing OPT_EXPR pass (perform const folding).
4.3.114. Rerunning OPT passes. (Maybe there is more to do..)
4.3.115. Executing OPT_MUXTREE pass (detect dead branches in mux trees).
4.3.116. Executing OPT_REDUCE pass (consolidate $*mux and $reduce_* inputs).
4.3.117. Executing OPT_MERGE pass (detect identical cells).
4.3.118. Executing OPT_SHARE pass.
4.3.119. Executing OPT_DFF pass (perform DFF optimizations).
4.3.120. Executing OPT_CLEAN pass (remove unused cells and wires).
4.3.121. Executing OPT_EXPR pass (perform const folding).
4.3.122. Rerunning OPT passes. (Maybe there is more to do..)
4.3.123. Executing OPT_MUXTREE pass (detect dead branches in mux trees).
4.3.124. Executing OPT_REDUCE pass (consolidate $*mux and $reduce_* inputs).
4.3.125. Executing OPT_MERGE pass (detect identical cells).
4.3.126. Executing OPT_SHARE pass.
4.3.127. Executing OPT_DFF pass (perform DFF optimizations).
4.3.128. Executing OPT_CLEAN pass (remove unused cells and wires).
4.3.129. Executing OPT_EXPR pass (perform const folding).
4.3.130. Finished fast OPT passes. (There is nothing left to do.)
4.4. Executing TECHMAP pass (map to technology primitives).
4.4.1. Executing Verilog-2005 frontend: /OpenROAD-flow-scripts/tools/install/yosys/bin/../share/yosys/techmap.v
4.4.2. Executing Verilog-2005 frontend: /OpenROAD-flow-scripts/flow/platforms/common/lcu_kogge_stone.v
4.4.3. Continuing TECHMAP pass.
4.5. Executing OPT pass (performing simple optimizations).
4.5.1. Executing OPT_EXPR pass (perform const folding).
4.5.2. Executing OPT_MERGE pass (detect identical cells).
4.5.3. Executing OPT_DFF pass (perform DFF optimizations).
4.5.4. Executing OPT_CLEAN pass (remove unused cells and wires).
4.5.5. Finished fast OPT passes.
4.6. Executing HIERARCHY pass (managing design hierarchy).
4.6.1. Analyzing design hierarchy..
4.6.2. Analyzing design hierarchy..
4.7. Printing statistics.
4.8. Executing CHECK pass (checking for obvious problems).
5. Executing OPT pass (performing simple optimizations).
5.1. Executing OPT_EXPR pass (perform const folding).
5.2. Executing OPT_MERGE pass (detect identical cells).
5.3. Executing OPT_MUXTREE pass (detect dead branches in mux trees).
5.4. Executing OPT_REDUCE pass (consolidate $*mux and $reduce_* inputs).
5.5. Executing OPT_MERGE pass (detect identical cells).
5.6. Executing OPT_DFF pass (perform DFF optimizations).
5.7. Executing OPT_CLEAN pass (remove unused cells and wires).
5.8. Executing OPT_EXPR pass (perform const folding).
5.9. Rerunning OPT passes. (Maybe there is more to do..)
5.10. Executing OPT_MUXTREE pass (detect dead branches in mux trees).
5.11. Executing OPT_REDUCE pass (consolidate $*mux and $reduce_* inputs).
5.12. Executing OPT_MERGE pass (detect identical cells).
5.13. Executing OPT_DFF pass (perform DFF optimizations).
5.14. Executing OPT_CLEAN pass (remove unused cells and wires).
5.15. Executing OPT_EXPR pass (perform const folding).
5.16. Finished fast OPT passes. (There is nothing left to do.)
6. Executing EXTRACT_FA pass (find and extract full/half adders).
7. Executing TECHMAP pass (map to technology primitives).
7.1. Executing Verilog-2005 frontend: /OpenROAD-flow-scripts/flow/platforms/sky130hd/cells_adders_hd.v
7.2. Continuing TECHMAP pass.
8. Executing TECHMAP pass (map to technology primitives).
8.1. Executing Verilog-2005 frontend: /OpenROAD-flow-scripts/tools/install/yosys/bin/../share/yosys/techmap.v
8.2. Continuing TECHMAP pass.
9. Executing OPT pass (performing simple optimizations).
9.1. Executing OPT_EXPR pass (perform const folding).
9.2. Executing OPT_MERGE pass (detect identical cells).
9.3. Executing OPT_DFF pass (perform DFF optimizations).
9.4. Executing OPT_CLEAN pass (remove unused cells and wires).
9.5. Finished fast OPT passes.
10. Executing DFFLEGALIZE pass (convert FFs to types supported by the target).
11. Executing TECHMAP pass (map to technology primitives).
11.1. Executing Verilog-2005 frontend: /OpenROAD-flow-scripts/flow/platforms/sky130hd/cells_latch_hd.v
11.2. Continuing TECHMAP pass.
12. Executing DFFLIBMAP pass (mapping DFF cells to sequential cells from liberty file).
12.1. Executing DFFLEGALIZE pass (convert FFs to types supported by the target).
13. Executing OPT pass (performing simple optimizations).
13.1. Executing OPT_EXPR pass (perform const folding).
13.2. Executing OPT_MERGE pass (detect identical cells).
13.3. Executing OPT_MUXTREE pass (detect dead branches in mux trees).
13.4. Executing OPT_REDUCE pass (consolidate $*mux and $reduce_* inputs).
13.5. Executing OPT_MERGE pass (detect identical cells).
13.6. Executing OPT_DFF pass (perform DFF optimizations).
13.7. Executing OPT_CLEAN pass (remove unused cells and wires).
13.8. Executing OPT_EXPR pass (perform const folding).
13.9. Finished fast OPT passes. (There is nothing left to do.)
14. Executing SETUNDEF pass (replace undef values with defined constants).
abc -script /OpenROAD-flow-scripts/flow/scripts/abc_speed.script -liberty /OpenROAD-flow-scripts/flow/platforms/sky130hd/lib/sky130_fd_sc_hd__tt_025C_1v80.lib -dont_use sky130_fd_sc_hd__probe_p_8 -dont_use sky130_fd_sc_hd__probec_p_8 -dont_use sky130_fd_sc_hd__lpflow_bleeder_1 -dont_use sky130_fd_sc_hd__lpflow_clkbufkapwr_1 -dont_use sky130_fd_sc_hd__lpflow_clkbufkapwr_16 -dont_use sky130_fd_sc_hd__lpflow_clkbufkapwr_2 -dont_use sky130_fd_sc_hd__lpflow_clkbufkapwr_4 -dont_use sky130_fd_sc_hd__lpflow_clkbufkapwr_8 -dont_use sky130_fd_sc_hd__lpflow_clkinvkapwr_1 -dont_use sky130_fd_sc_hd__lpflow_clkinvkapwr_16 -dont_use sky130_fd_sc_hd__lpflow_clkinvkapwr_2 -dont_use sky130_fd_sc_hd__lpflow_clkinvkapwr_4 -dont_use sky130_fd_sc_hd__lpflow_clkinvkapwr_8 -dont_use sky130_fd_sc_hd__lpflow_decapkapwr_12 -dont_use sky130_fd_sc_hd__lpflow_decapkapwr_3 -dont_use sky130_fd_sc_hd__lpflow_decapkapwr_4 -dont_use sky130_fd_sc_hd__lpflow_decapkapwr_6 -dont_use sky130_fd_sc_hd__lpflow_decapkapwr_8 -dont_use sky130_fd_sc_hd__lpflow_inputiso0n_1 -dont_use sky130_fd_sc_hd__lpflow_inputiso0p_1 -dont_use sky130_fd_sc_hd__lpflow_inputiso1n_1 -dont_use sky130_fd_sc_hd__lpflow_inputiso1p_1 -dont_use sky130_fd_sc_hd__lpflow_inputisolatch_1 -dont_use sky130_fd_sc_hd__lpflow_isobufsrc_1 -dont_use sky130_fd_sc_hd__lpflow_isobufsrc_16 -dont_use sky130_fd_sc_hd__lpflow_isobufsrc_2 -dont_use sky130_fd_sc_hd__lpflow_isobufsrc_4 -dont_use sky130_fd_sc_hd__lpflow_isobufsrc_8 -dont_use sky130_fd_sc_hd__lpflow_isobufsrckapwr_16 -dont_use sky130_fd_sc_hd__lpflow_lsbuf_lh_hl_isowell_tap_1 -dont_use sky130_fd_sc_hd__lpflow_lsbuf_lh_hl_isowell_tap_2 -dont_use sky130_fd_sc_hd__lpflow_lsbuf_lh_hl_isowell_tap_4 -dont_use sky130_fd_sc_hd__lpflow_lsbuf_lh_isowell_4 -dont_use sky130_fd_sc_hd__lpflow_lsbuf_lh_isowell_tap_1 -dont_use sky130_fd_sc_hd__lpflow_lsbuf_lh_isowell_tap_2 -dont_use sky130_fd_sc_hd__lpflow_lsbuf_lh_isowell_tap_4 -constr ./objects/sky130hd/similarity_asic_transfer_local/base/abc.constr -D 20.0
15. Executing ABC pass (technology mapping using ABC).
15.1. Extracting gate netlist of module `\similarity_asic_transfer_local' to `<abc-temp-dir>/input.blif'..
15.1.1. Executed ABC.
15.1.2. Re-integrating ABC results.
Took 11 seconds: abc -script /OpenROAD-flow-scripts/flow/scripts/abc_speed.script -liberty /OpenROAD-flow-scripts/flow/platforms/sky130hd/lib/sky130_fd_sc_hd__tt_025C_1v80.lib -dont_use sky130_fd_sc_hd__probe_p_8 -dont_use sky130_fd_sc_hd__probec_p_8 -dont_use sky130_fd_sc_hd__lpflow_bleeder_1 -dont_use sky130_fd_sc_hd__lpflow_clkbufkapwr_1 -dont_use sky130_fd_sc_hd__lpflow_clkbufkapwr_16 -dont_use sky130_fd_sc_hd__lpflow_clkbufkapwr_2 -dont_use sky130_fd_sc_hd__lpflow_clkbufkapwr_4 -dont_use sky130_fd_sc_hd__lpflow_clkbufkapwr_8 -dont_use sky130_fd_sc_hd__lpflow_clkinvkapwr_1 -dont_use sky130_fd_sc_hd__lpflow_clkinvkapwr_16 -dont_use sky130_fd_sc_hd__lpflow_clkinvkapwr_2 -dont_use sky130_fd_sc_hd__lpflow_clkinvkapwr_4 -dont_use sky130_fd_sc_hd__lpflow_clkinvkapwr_8 -dont_use sky130_fd_sc_hd__lpflow_decapkapwr_12 -dont_use sky130_fd_sc_hd__lpflow_decapkapwr_3 -dont_use sky130_fd_sc_hd__lpflow_decapkapwr_4 -dont_use sky130_fd_sc_hd__lpflow_decapkapwr_6 -dont_use sky130_fd_sc_hd__lpflow_decapkapwr_8 -dont_use sky130_fd_sc_hd__lpflow_inputiso0n_1 -dont_use sky130_fd_sc_hd__lpflow_inputiso0p_1 -dont_use sky130_fd_sc_hd__lpflow_inputiso1n_1 -dont_use sky130_fd_sc_hd__lpflow_inputiso1p_1 -dont_use sky130_fd_sc_hd__lpflow_inputisolatch_1 -dont_use sky130_fd_sc_hd__lpflow_isobufsrc_1 -dont_use sky130_fd_sc_hd__lpflow_isobufsrc_16 -dont_use sky130_fd_sc_hd__lpflow_isobufsrc_2 -dont_use sky130_fd_sc_hd__lpflow_isobufsrc_4 -dont_use sky130_fd_sc_hd__lpflow_isobufsrc_8 -dont_use sky130_fd_sc_hd__lpflow_isobufsrckapwr_16 -dont_use sky130_fd_sc_hd__lpflow_lsbuf_lh_hl_isowell_tap_1 -dont_use sky130_fd_sc_hd__lpflow_lsbuf_lh_hl_isowell_tap_2 -dont_use sky130_fd_sc_hd__lpflow_lsbuf_lh_hl_isowell_tap_4 -dont_use sky130_fd_sc_hd__lpflow_lsbuf_lh_isowell_4 -dont_use sky130_fd_sc_hd__lpflow_lsbuf_lh_isowell_tap_1 -dont_use sky130_fd_sc_hd__lpflow_lsbuf_lh_isowell_tap_2 -dont_use sky130_fd_sc_hd__lpflow_lsbuf_lh_isowell_tap_4 -constr ./objects/sky130hd/similarity_asic_transfer_local/base/abc.constr -D 20.0
16. Executing SPLITNETS pass (splitting up multi-bit signals).
17. Executing OPT_CLEAN pass (remove unused cells and wires).
18. Executing HILOMAP pass (mapping to constant drivers).
19. Executing INSBUF pass (insert buffer cells for connected wires).
20. Executing CHECK pass (checking for obvious problems).
21. Printing statistics.
22. Executing CHECK pass (checking for obvious problems).
23. Executing Verilog backend.
23.1. Executing BMUXMAP pass.
23.2. Executing DEMUXMAP pass.
End of script. Logfile hash: 513a8adab6, time: 28.90s, user: 19.80s, system: 0.35s, MEM: 393.03 MB peak
Yosys 0.68+post (git sha1 UNKNOWN, Release, GNU /usr/local/bin/wrapped-cc/g++ 11.4.0)
Time spent: 35% 1x abc (11 sec), 29% 1x extract_fa (9 sec), ...
Elapsed time: 0:28.98[h:]min:sec. CPU time: user 30.53 sys 0.42 (106%). Peak memory: 402460KB.
Log                       Ext     Elapsed/s Peak Memory/MB sha1sum result [0:20)
1_2_yosys                 .v             28            393 ee4fe13935e63adfa2f9
cp /work/asic/transfer/constraints.sdc results/sky130hd/similarity_asic_transfer_local/base/1_2_yosys.sdc
touch -r /work/asic/transfer/constraints.sdc results/sky130hd/similarity_asic_transfer_local/base/1_2_yosys.sdc
OpenROAD unknown 
Features included (+) or not (-): -GPU +GUI -Python
This program is licensed under the BSD-3 license. See the LICENSE file for details.
Components of this program may be licensed under more restrictive licenses which must be honored.
[INFO ORD-0030] Using 4 thread(s).
mkdir -p ./objects/sky130hd/similarity_asic_transfer_local/base
/OpenROAD-flow-scripts/flow/scripts/flow.sh 1_synth synth_odb
Running synth_odb.tcl, stage 1_synth
read_liberty /OpenROAD-flow-scripts/flow/platforms/sky130hd/lib/sky130_fd_sc_hd__tt_025C_1v80.lib
[INFO ODB-0227] LEF file: /OpenROAD-flow-scripts/flow/platforms/sky130hd/lef/sky130_fd_sc_hd.tlef, created 13 layers, 25 vias
[INFO ODB-0227] LEF file: /OpenROAD-flow-scripts/flow/platforms/sky130hd/lef/sky130_fd_sc_hd_merged.lef, created 441 library cells
link_design similarity_asic_transfer_local
read_sdc ./results/sky130hd/similarity_asic_transfer_local/base/1_2_yosys.sdc
source /OpenROAD-flow-scripts/flow/platforms/sky130hd/setRC.tcl
eliminate_dead_logic
Removed 41 unused instances and 41 unused nets.
Design area 336758 um^2 100% utilization.
write_db ./results/sky130hd/similarity_asic_transfer_local/base/1_synth.odb
write_sdc -no_timestamp ./results/sky130hd/similarity_asic_transfer_local/base/1_synth.sdc
Elapsed time: 0:00.79[h:]min:sec. CPU time: user 0.74 sys 0.04 (99%). Peak memory: 210884KB.
Log                       Ext     Elapsed/s Peak Memory/MB sha1sum result [0:20)
1_synth                   .odb            0            205 4a1c2c8f7627ac4f9cfe
1_synth                   .sdc                             3b767cadacc1f1fd673f
/OpenROAD-flow-scripts/flow/scripts/flow.sh 2_1_floorplan floorplan
Running floorplan.tcl, stage 2_1_floorplan
read_liberty /OpenROAD-flow-scripts/flow/platforms/sky130hd/lib/sky130_fd_sc_hd__tt_025C_1v80.lib
read_db ./results/sky130hd/similarity_asic_transfer_local/base/1_synth.odb
read_sdc ./results/sky130hd/similarity_asic_transfer_local/base/1_synth.sdc
source /OpenROAD-flow-scripts/flow/platforms/sky130hd/setRC.tcl
Master sky130_ef_sc_hd__decap_12 is loaded but not used in the design

==========================================================================
Floorplan check_setup
--------------------------------------------------------------------------
Warning: There is 1 input port missing set_input_delay.
Warning: There are 32 output ports missing set_output_delay.
Warning: There are 34 unconstrained endpoints.
number instances in verilog is 29252
initialize_floorplan -utilization 35 -aspect_ratio 1.0 -core_space 1.0 -site unithd
[INFO IFP-0107] Defining die area using utilization: 35.00% and aspect ratio: 1.
[WARNING IFP-0028] Core area lower left (1.000, 1.000) snapped to (1.380, 2.720).
[INFO IFP-0001] Added 359 rows of 2131 site unithd.
[INFO IFP-0100] Die BBox:  (  0.000  0.000 ) ( 982.900 982.900 ) um
[INFO IFP-0101] Core BBox: (  1.380  2.720 ) ( 981.640 979.200 ) um
[INFO IFP-0102] Core area:                       957204.285 um^2
[INFO IFP-0103] Total instances area:            336757.978 um^2
[INFO IFP-0104] Effective utilization:                0.352
[INFO IFP-0105] Number of instances:                  29252
source /OpenROAD-flow-scripts/flow/platforms/sky130hd/make_tracks.tcl
source /OpenROAD-flow-scripts/flow/platforms/sky130hd/fastroute.tcl
set_dont_use "sky130_fd_sc_hd__probe_p_8 sky130_fd_sc_hd__probec_p_8 sky130_fd_sc_hd__lpflow_bleeder_1 sky130_fd_sc_hd__lpflow_clkbufkapwr_1 sky130_fd_sc_hd__lpflow_clkbufkapwr_16 sky130_fd_sc_hd__lpflow_clkbufkapwr_2 sky130_fd_sc_hd__lpflow_clkbufkapwr_4 sky130_fd_sc_hd__lpflow_clkbufkapwr_8 sky130_fd_sc_hd__lpflow_clkinvkapwr_1 sky130_fd_sc_hd__lpflow_clkinvkapwr_16 sky130_fd_sc_hd__lpflow_clkinvkapwr_2 sky130_fd_sc_hd__lpflow_clkinvkapwr_4 sky130_fd_sc_hd__lpflow_clkinvkapwr_8 sky130_fd_sc_hd__lpflow_decapkapwr_12 sky130_fd_sc_hd__lpflow_decapkapwr_3 sky130_fd_sc_hd__lpflow_decapkapwr_4 sky130_fd_sc_hd__lpflow_decapkapwr_6 sky130_fd_sc_hd__lpflow_decapkapwr_8 sky130_fd_sc_hd__lpflow_inputiso0n_1 sky130_fd_sc_hd__lpflow_inputiso0p_1 sky130_fd_sc_hd__lpflow_inputiso1n_1 sky130_fd_sc_hd__lpflow_inputiso1p_1 sky130_fd_sc_hd__lpflow_inputisolatch_1 sky130_fd_sc_hd__lpflow_isobufsrc_1 sky130_fd_sc_hd__lpflow_isobufsrc_16 sky130_fd_sc_hd__lpflow_isobufsrc_2 sky130_fd_sc_hd__lpflow_isobufsrc_4 sky130_fd_sc_hd__lpflow_isobufsrc_8 sky130_fd_sc_hd__lpflow_isobufsrckapwr_16 sky130_fd_sc_hd__lpflow_lsbuf_lh_hl_isowell_tap_1 sky130_fd_sc_hd__lpflow_lsbuf_lh_hl_isowell_tap_2 sky130_fd_sc_hd__lpflow_lsbuf_lh_hl_isowell_tap_4 sky130_fd_sc_hd__lpflow_lsbuf_lh_isowell_4 sky130_fd_sc_hd__lpflow_lsbuf_lh_isowell_tap_1 sky130_fd_sc_hd__lpflow_lsbuf_lh_isowell_tap_2 sky130_fd_sc_hd__lpflow_lsbuf_lh_isowell_tap_4"
repair_tie_fanout -separation 0 sky130_fd_sc_hd__tt_025C_1v80/sky130_fd_sc_hd__conb_1/LO
repair_tie_fanout -separation 0 sky130_fd_sc_hd__tt_025C_1v80/sky130_fd_sc_hd__conb_1/HI
repair_timing -setup_margin 0 -hold_margin 0 -repair_tns 100 -match_cell_footprint -setup -skip_last_gasp -sequence unbuffer,sizeup,swap,vt_swap -verbose
[WARNING EST-0027] no estimated parasitics. Using wire load models.
[INFO RSZ-0100] Repair move sequence: UnbufferMove SizeUpMove SwapPinsMove 
[INFO RSZ-0098] No setup violations found
[INFO RSZ-0505] Runtime: 0.07s
Default units for flow
 time 1ns
 capacitance 1pF
 resistance 1kohm
 voltage 1v
 current 1mA
 power 1nW
 distance 1um
   Layer   | Unit Resistance | Unit Capacitance 
           |       (kohm/um) |          (pF/um)
------------------------------------------------
       li1 |        7.18e-02 |         1.50e-04
      met1 |        1.21e-03 |         1.72e-04
      met2 |        1.22e-03 |         1.36e-04
      met3 |        1.66e-04 |         2.15e-04
      met4 |        1.68e-04 |         1.48e-04
      met5 |        1.84e-05 |         1.54e-04
------------------------------------------------

   Layer   | Via Resistance 
           |         (kohm) 
----------------------------
      mcon |       9.25e-03 
       via |       4.50e-03 
      via2 |       3.37e-03 
      via3 |       3.77e-04 
      via4 |       5.80e-06 
----------------------------
Report metrics stage 2, floorplan final...

==========================================================================
floorplan final report_design_area
--------------------------------------------------------------------------
Design area 336758 um^2 35% utilization.
write_db ./results/sky130hd/similarity_asic_transfer_local/base/2_1_floorplan.odb
write_sdc -no_timestamp ./results/sky130hd/similarity_asic_transfer_local/base/2_1_floorplan.sdc
Elapsed time: 0:03.52[h:]min:sec. CPU time: user 4.00 sys 0.13 (117%). Peak memory: 268116KB.
Log                       Ext     Elapsed/s Peak Memory/MB sha1sum result [0:20)
2_1_floorplan             .odb            3            261 a5a51b1e18c5e2060ecd
2_1_floorplan             .sdc                             3b767cadacc1f1fd673f
/OpenROAD-flow-scripts/flow/scripts/flow.sh 2_2_floorplan_macro macro_place
Running macro_place.tcl, stage 2_2_floorplan_macro
read_liberty /OpenROAD-flow-scripts/flow/platforms/sky130hd/lib/sky130_fd_sc_hd__tt_025C_1v80.lib
read_db ./results/sky130hd/similarity_asic_transfer_local/base/2_1_floorplan.odb
read_sdc ./results/sky130hd/similarity_asic_transfer_local/base/2_1_floorplan.sdc
source /OpenROAD-flow-scripts/flow/platforms/sky130hd/setRC.tcl
No macros found: Skipping macro_placement
Design area 336758 um^2 35% utilization.
write_db ./results/sky130hd/similarity_asic_transfer_local/base/2_2_floorplan_macro.odb
Elapsed time: 0:00.36[h:]min:sec. CPU time: user 0.33 sys 0.03 (99%). Peak memory: 158088KB.
Log                       Ext     Elapsed/s Peak Memory/MB sha1sum result [0:20)
2_2_floorplan_macro       .odb            0            154 a5a51b1e18c5e2060ecd
/OpenROAD-flow-scripts/flow/scripts/flow.sh 2_3_floorplan_tapcell tapcell
Running tapcell.tcl, stage 2_3_floorplan_tapcell
read_liberty /OpenROAD-flow-scripts/flow/platforms/sky130hd/lib/sky130_fd_sc_hd__tt_025C_1v80.lib
read_db ./results/sky130hd/similarity_asic_transfer_local/base/2_2_floorplan_macro.odb
read_sdc ./results/sky130hd/similarity_asic_transfer_local/base/2_1_floorplan.sdc
source /OpenROAD-flow-scripts/flow/platforms/sky130hd/setRC.tcl
[INFO TAP-0005] Inserted 12815 tapcells.
Design area 352792 um^2 37% utilization.
write_db ./results/sky130hd/similarity_asic_transfer_local/base/2_3_floorplan_tapcell.odb
Elapsed time: 0:00.35[h:]min:sec. CPU time: user 0.32 sys 0.03 (99%). Peak memory: 163088KB.
Log                       Ext     Elapsed/s Peak Memory/MB sha1sum result [0:20)
2_3_floorplan_tapcell     .odb            0            159 5e7b7773553996b642a0
/OpenROAD-flow-scripts/flow/scripts/flow.sh 2_4_floorplan_pdn pdn
Running pdn.tcl, stage 2_4_floorplan_pdn
read_liberty /OpenROAD-flow-scripts/flow/platforms/sky130hd/lib/sky130_fd_sc_hd__tt_025C_1v80.lib
read_db ./results/sky130hd/similarity_asic_transfer_local/base/2_3_floorplan_tapcell.odb
read_sdc ./results/sky130hd/similarity_asic_transfer_local/base/2_1_floorplan.sdc
source /OpenROAD-flow-scripts/flow/platforms/sky130hd/setRC.tcl
[WARNING PDN-1051] No instances found for grid (CORE_macro_grid_1).
[WARNING PDN-1051] No instances found for grid (CORE_macro_grid_2).
[INFO PDN-0001] Inserting grid: grid
[INFO PDN-0500] Runtime: 0.25s
Design area 352792 um^2 37% utilization.
write_db ./results/sky130hd/similarity_asic_transfer_local/base/2_4_floorplan_pdn.odb
Elapsed time: 0:01.02[h:]min:sec. CPU time: user 0.97 sys 0.05 (99%). Peak memory: 211920KB.
Log                       Ext     Elapsed/s Peak Memory/MB sha1sum result [0:20)
2_4_floorplan_pdn         .odb            1            206 446acc531f7fd138eee5
cp ./results/sky130hd/similarity_asic_transfer_local/base/2_4_floorplan_pdn.odb ./results/sky130hd/similarity_asic_transfer_local/base/2_floorplan.odb
cp ./results/sky130hd/similarity_asic_transfer_local/base/2_1_floorplan.sdc ./results/sky130hd/similarity_asic_transfer_local/base/2_floorplan.sdc
/OpenROAD-flow-scripts/flow/scripts/flow.sh 3_1_place_gp_skip_io global_place_skip_io
Running global_place_skip_io.tcl, stage 3_1_place_gp_skip_io
read_liberty /OpenROAD-flow-scripts/flow/platforms/sky130hd/lib/sky130_fd_sc_hd__tt_025C_1v80.lib
read_db ./results/sky130hd/similarity_asic_transfer_local/base/2_floorplan.odb
read_sdc ./results/sky130hd/similarity_asic_transfer_local/base/2_floorplan.sdc
source /OpenROAD-flow-scripts/flow/platforms/sky130hd/setRC.tcl
global_placement -skip_io -density 0.5 -pad_left 0 -pad_right 0 -random_seed 277
[INFO GPL-0190] Using 2 of 4 threads for placement: one per core, SMT siblings idle.
[INFO GPL-0001] ---- Initialize GPL Main Data Structures
[INFO GPL-0002] DBU: 1000
[INFO GPL-0003] SiteSize: (  0.460  2.720 ) um
[INFO GPL-0004] CoreBBox: (  1.380  2.720 ) ( 981.640 979.200 ) um
[INFO GPL-0016] Core area:                  957204.285 um^2
[INFO GPL-0036] Movable instances area:     336757.978 um^2
[INFO GPL-0037] Total instances area:       352792.106 um^2
[INFO GPL-0035] Pin density area adjust:     12680.825 um^2
[INFO GPL-0032] ---- Initialize Region: Top-level
[INFO GPL-0006] Number of instances:             42067
[INFO GPL-0007] Movable instances:               29252
[INFO GPL-0008] Fixed instances:                 12815
[INFO GPL-0009] Dummy instances:                     0
[INFO GPL-0010] Number of nets:                  39224
[INFO GPL-0011] Number of pins:                 110174
[INFO GPL-0012] Die BBox:       (  0.000  0.000 ) ( 982.900 982.900 ) um
[INFO GPL-0013] Placement BBox: (  1.380  2.720 ) ( 981.640 979.200 ) um
[INFO GPL-0014] Region name: top-level.
[INFO GPL-0015] Region area:                957204.285 um^2
[INFO GPL-0017] Fixed instances area:        16034.128 um^2
[INFO GPL-0018] Movable instances area:     349438.803 um^2
[INFO GPL-0019] Utilization:                    37.128 %
[INFO GPL-0020] Standard cells area:        349438.803 um^2
[INFO GPL-0021] Large instances area:            0.000 um^2
[INFO GPL-0005] ---- Execute Conjugate Gradient Initial Placement.
[INFO GPL-0051] Source of initial instance position counters:
	Odb location = 0	Core center = 29252	Region center = 0
[INFO GPL-0033] ---- Initialize Nesterov Region: Top-level
[INFO GPL-0023] Placement target density:       0.5000
[INFO GPL-0024] Movable insts average area:     11.946 um^2
[INFO GPL-0025] Ideal bin area:                 23.892 um^2
[INFO GPL-0026] Ideal bin count:                 40064
[INFO GPL-0027] Total bin area:             957204.285 um^2
[INFO GPL-0028] Bin count (X, Y):         128 ,    128
[INFO GPL-0029] Bin size (W * H):       7.658 *  7.629 um
[INFO GPL-0030] Number of bins:                  16384
[INFO GPL-0084] ---- Execute Nesterov Global Placement.
[INFO GPL-0031] HPWL: Half-Perimeter Wirelength
Iteration | Overflow |     HPWL (um) |  HPWL(%) |   Penalty | Group
---------------------------------------------------------------
        0 |   0.9996 |  1.021799e+05 |   +0.00% |  7.20e-16 |      
       10 |   0.9992 |  8.682975e+04 |  -15.02% |  1.17e-15 |      
       20 |   0.9992 |  8.640281e+04 |   -0.49% |  1.91e-15 |      
       30 |   0.9991 |  8.633221e+04 |   -0.08% |  3.11e-15 |      
       40 |   0.9990 |  8.621866e+04 |   -0.13% |  5.07e-15 |      
       50 |   0.9989 |  8.610970e+04 |   -0.13% |  8.25e-15 |      
       60 |   0.9989 |  8.604847e+04 |   -0.07% |  1.34e-14 |      
       70 |   0.9989 |  8.610500e+04 |   +0.07% |  2.19e-14 |      
       80 |   0.9989 |  8.645354e+04 |   +0.40% |  3.57e-14 |      
       90 |   0.9988 |  8.741022e+04 |   +1.11% |  5.81e-14 |      
      100 |   0.9986 |  8.969470e+04 |   +2.61% |  9.46e-14 |      
      110 |   0.9985 |  9.457970e+04 |   +5.45% |  1.54e-13 |      
      120 |   0.9977 |  1.033684e+05 |   +9.29% |  2.51e-13 |      
      130 |   0.9962 |  1.187417e+05 |  +14.87% |  4.08e-13 |      
      140 |   0.9930 |  1.473089e+05 |  +24.06% |  6.62e-13 |      
      150 |   0.9865 |  1.859254e+05 |  +26.21% |  1.07e-12 |      
      160 |   0.9767 |  2.253717e+05 |  +21.22% |  1.74e-12 |      
      170 |   0.9648 |  2.615540e+05 |  +16.05% |  2.83e-12 |      
      180 |   0.9497 |  2.973511e+05 |  +13.69% |  4.59e-12 |      
      190 |   0.9310 |  3.392882e+05 |  +14.10% |  7.44e-12 |      
      200 |   0.9055 |  3.900075e+05 |  +14.95% |  1.20e-11 |      
      210 |   0.8738 |  4.468806e+05 |  +14.58% |  1.95e-11 |      
      220 |   0.8402 |  5.079381e+05 |  +13.66% |  3.16e-11 |      
      230 |   0.8059 |  5.686740e+05 |  +11.96% |  5.11e-11 |      
      240 |   0.7716 |  6.272079e+05 |  +10.29% |  8.26e-11 |      
      250 |   0.7344 |  6.814377e+05 |   +8.65% |  1.34e-10 |      
      260 |   0.6966 |  7.381906e+05 |   +8.33% |  2.17e-10 |      
      270 |   0.6557 |  7.958310e+05 |   +7.81% |  3.51e-10 |      
      280 |   0.6171 |  8.295237e+05 |   +4.23% |  5.69e-10 |      
      290 |   0.5794 |  8.592278e+05 |   +3.58% |  9.24e-10 |      
      300 |   0.5417 |  8.744539e+05 |   +1.77% |  1.50e-09 |      
      310 |   0.5064 |  8.742133e+05 |   -0.03% |  2.45e-09 |      
      320 |   0.4692 |  8.754597e+05 |   +0.14% |  3.98e-09 |      
      330 |   0.4298 |  8.852836e+05 |   +1.12% |  6.48e-09 |      
      340 |   0.3862 |  8.871159e+05 |   +0.21% |  1.05e-08 |      
      350 |   0.3422 |  8.879078e+05 |   +0.09% |  1.72e-08 |      
      360 |   0.3079 |  8.895686e+05 |   +0.19% |  2.53e-08 |      
      370 |   0.2712 |  8.932776e+05 |   +0.42% |  3.73e-08 |      
      380 |   0.2365 |  8.975355e+05 |   +0.48% |  5.49e-08 |      
      390 |   0.2044 |  9.014878e+05 |   +0.44% |  8.08e-08 |      
      400 |   0.1764 |  9.056950e+05 |   +0.47% |  1.19e-07 |      
      410 |   0.1522 |  9.090996e+05 |   +0.38% |  1.75e-07 |      
      420 |   0.1315 |  9.116029e+05 |   +0.28% |  2.58e-07 |      
      430 |   0.1138 |  9.142045e+05 |   +0.29% |  3.80e-07 |      
      439 |   0.0992 |  9.163872e+05 |          |  5.60e-07 |      
---------------------------------------------------------------
[INFO GPL-1001] Global placement finished at iteration 439
[INFO GPL-1002] Placed Cell Area            349438.8030
[INFO GPL-1003] Available Free Area         941170.1568
[INFO GPL-1004] Minimum Feasible Density        0.3800 (cell_area / free_area)
[INFO GPL-1006]   Suggested Target Densities:
[INFO GPL-1007]     - For 90% usage of free space: 0.4125
[INFO GPL-1008]     - For 80% usage of free space: 0.4641
[INFO GPL-1009]     - For 50% usage of free space: 0.7426
[INFO GPL-1014] Final placement area: 349438.80 (+0.00%)
[INFO GPL-1018] Final HPWL (um): 917296.15
Design area 352792 um^2 37% utilization.
write_db ./results/sky130hd/similarity_asic_transfer_local/base/3_1_place_gp_skip_io.odb
Elapsed time: 0:04.00[h:]min:sec. CPU time: user 6.18 sys 0.12 (157%). Peak memory: 237972KB.
Log                       Ext     Elapsed/s Peak Memory/MB sha1sum result [0:20)
3_1_place_gp_skip_io      .odb            4            232 71240c0885bf76d767fa
/OpenROAD-flow-scripts/flow/scripts/flow.sh 3_2_place_iop io_placement
Running io_placement.tcl, stage 3_2_place_iop
read_liberty /OpenROAD-flow-scripts/flow/platforms/sky130hd/lib/sky130_fd_sc_hd__tt_025C_1v80.lib
read_db ./results/sky130hd/similarity_asic_transfer_local/base/3_1_place_gp_skip_io.odb
read_sdc ./results/sky130hd/similarity_asic_transfer_local/base/2_floorplan.sdc
source /OpenROAD-flow-scripts/flow/platforms/sky130hd/setRC.tcl
place_pins -hor_layers met3 -ver_layers met2
Found 0 macro blocks.
Using 2 tracks default min distance between IO pins.
[INFO PPL-0001] Number of available slots 3572
[INFO PPL-0002] Number of I/O             34
[INFO PPL-0003] Number of I/O w/sink      34
[INFO PPL-0004] Number of I/O w/o sink    0
[INFO PPL-0005] Slots per section         200
[INFO PPL-0008] Successfully assigned pins to sections.
[INFO PPL-0012] I/O nets HPWL: 15252.26 um.
Design area 352792 um^2 37% utilization.
write_db ./results/sky130hd/similarity_asic_transfer_local/base/3_2_place_iop.odb
Elapsed time: 0:00.39[h:]min:sec. CPU time: user 0.34 sys 0.05 (99%). Peak memory: 175260KB.
Log                       Ext     Elapsed/s Peak Memory/MB sha1sum result [0:20)
3_2_place_iop             .odb            0            171 92369952d841235b279a
/OpenROAD-flow-scripts/flow/scripts/flow.sh 3_3_place_gp global_place
Running global_place.tcl, stage 3_3_place_gp
read_liberty /OpenROAD-flow-scripts/flow/platforms/sky130hd/lib/sky130_fd_sc_hd__tt_025C_1v80.lib
read_db ./results/sky130hd/similarity_asic_transfer_local/base/3_2_place_iop.odb
read_sdc ./results/sky130hd/similarity_asic_transfer_local/base/2_floorplan.sdc
source /OpenROAD-flow-scripts/flow/platforms/sky130hd/setRC.tcl
[INFO RSZ-0026] Removed 534 buffers.
Perform port buffering...
[INFO RSZ-0027] Inserted 1 sky130_fd_sc_hd__clkdlybuf4s50_1 input buffers.
[INFO RSZ-0028] Inserted 32 sky130_fd_sc_hd__clkdlybuf4s50_1 output buffers.
global_placement -density 0.5 -pad_left 0 -pad_right 0 -routability_driven -random_seed 277 -timing_driven -force_center_initial_place -min_phi_coef 0.95 -max_phi_coef 1.05
[INFO GPL-0190] Using 2 of 4 threads for placement: one per core, SMT siblings idle.
[INFO GPL-0001] ---- Initialize GPL Main Data Structures
[INFO GPL-0002] DBU: 1000
[INFO GPL-0003] SiteSize: (  0.460  2.720 ) um
[INFO GPL-0004] CoreBBox: (  1.380  2.720 ) ( 981.640 979.200 ) um
[INFO GPL-0016] Core area:                  957204.285 um^2
[INFO GPL-0036] Movable instances area:     335062.602 um^2
[INFO GPL-0037] Total instances area:       351096.730 um^2
[INFO GPL-0035] Pin density area adjust:     13025.225 um^2
[INFO GPL-0032] ---- Initialize Region: Top-level
[INFO GPL-0006] Number of instances:             41566
[INFO GPL-0007] Movable instances:               28751
[INFO GPL-0008] Fixed instances:                 12815
[INFO GPL-0009] Dummy instances:                     0
[INFO GPL-0010] Number of nets:                  38723
[INFO GPL-0011] Number of pins:                 109206
[INFO GPL-0012] Die BBox:       (  0.000  0.000 ) ( 982.900 982.900 ) um
[INFO GPL-0013] Placement BBox: (  1.380  2.720 ) ( 981.640 979.200 ) um
[INFO GPL-0014] Region name: top-level.
[INFO GPL-0015] Region area:                957204.285 um^2
[INFO GPL-0017] Fixed instances area:        16034.128 um^2
[INFO GPL-0018] Movable instances area:     348087.826 um^2
[INFO GPL-0019] Utilization:                    36.985 %
[INFO GPL-0020] Standard cells area:        348087.826 um^2
[INFO GPL-0021] Large instances area:            0.000 um^2
[INFO GPL-0005] ---- Execute Conjugate Gradient Initial Placement.
[INFO GPL-0051] Source of initial instance position counters:
	Odb location = 0	Core center = 28751	Region center = 0
[InitialPlace]  Iter: 1 conjugate gradient residual: 0.00314958 HPWL: 1088275632
[InitialPlace]  Iter: 2 conjugate gradient residual: 0.00395015 HPWL: 374023922
[InitialPlace]  Iter: 3 conjugate gradient residual: 0.00030288 HPWL: 381272156
[InitialPlace]  Iter: 4 conjugate gradient residual: 0.00039942 HPWL: 385212832
[InitialPlace]  Iter: 5 conjugate gradient residual: 0.00027256 HPWL: 386740705
[InitialPlace]  Iter: 6 conjugate gradient residual: 0.00036545 HPWL: 387838719
[InitialPlace]  Iter: 7 conjugate gradient residual: 0.00026593 HPWL: 388204431
[InitialPlace]  Iter: 8 conjugate gradient residual: 0.00025346 HPWL: 388776168
[InitialPlace]  Iter: 9 conjugate gradient residual: 0.00016968 HPWL: 388851336
[InitialPlace]  Iter: 10 conjugate gradient residual: 0.00019887 HPWL: 389323691
[InitialPlace]  Iter: 11 conjugate gradient residual: 0.02255005 HPWL: 389297536
[InitialPlace]  Iter: 12 conjugate gradient residual: 0.00135777 HPWL: 387553262
[InitialPlace]  Iter: 13 conjugate gradient residual: 0.00116829 HPWL: 390896282
[InitialPlace]  Iter: 14 conjugate gradient residual: 0.00045294 HPWL: 390852340
[InitialPlace]  Iter: 15 conjugate gradient residual: 0.00049172 HPWL: 391008023
[InitialPlace]  Iter: 16 conjugate gradient residual: 0.00040596 HPWL: 391099154
[InitialPlace]  Iter: 17 conjugate gradient residual: 0.00046874 HPWL: 391179961
[InitialPlace]  Iter: 18 conjugate gradient residual: 0.00046327 HPWL: 391271264
[InitialPlace]  Iter: 19 conjugate gradient residual: 0.00039323 HPWL: 391341505
[InitialPlace]  Iter: 20 conjugate gradient residual: 0.00048750 HPWL: 391407404
[INFO GPL-0033] ---- Initialize Nesterov Region: Top-level
[INFO GPL-0023] Placement target density:       0.5000
[INFO GPL-0024] Movable insts average area:     12.107 um^2
[INFO GPL-0025] Ideal bin area:                 24.214 um^2
[INFO GPL-0026] Ideal bin count:                 39531
[INFO GPL-0027] Total bin area:             957204.285 um^2
[INFO GPL-0028] Bin count (X, Y):         128 ,    128
[INFO GPL-0029] Bin size (W * H):       7.658 *  7.629 um
[INFO GPL-0030] Number of bins:                  16384
[INFO GPL-0084] ---- Execute Nesterov Global Placement.
[INFO GPL-0031] HPWL: Half-Perimeter Wirelength
Iteration | Overflow |     HPWL (um) |  HPWL(%) |   Penalty | Group
---------------------------------------------------------------
        0 |   0.9971 |  1.030714e+05 |   +0.00% |  2.39e-17 |      
       10 |   0.9939 |  1.249653e+05 |  +21.24% |  3.88e-17 |      
       20 |   0.9936 |  1.319247e+05 |   +5.57% |  6.32e-17 |      
       30 |   0.9933 |  1.332132e+05 |   +0.98% |  1.03e-16 |      
       40 |   0.9931 |  1.340141e+05 |   +0.60% |  1.68e-16 |      
       50 |   0.9929 |  1.342679e+05 |   +0.19% |  2.73e-16 |      
       60 |   0.9926 |  1.345323e+05 |   +0.20% |  4.45e-16 |      
       70 |   0.9925 |  1.350506e+05 |   +0.39% |  7.24e-16 |      
       80 |   0.9924 |  1.354365e+05 |   +0.29% |  1.18e-15 |      
       90 |   0.9922 |  1.355631e+05 |   +0.09% |  1.92e-15 |      
      100 |   0.9923 |  1.356400e+05 |   +0.06% |  3.13e-15 |      
      110 |   0.9923 |  1.358001e+05 |   +0.12% |  5.10e-15 |      
      120 |   0.9921 |  1.361020e+05 |   +0.22% |  8.30e-15 |      
      130 |   0.9920 |  1.365435e+05 |   +0.32% |  1.35e-14 |      
      140 |   0.9919 |  1.371774e+05 |   +0.46% |  2.20e-14 |      
      150 |   0.9915 |  1.381668e+05 |   +0.72% |  3.59e-14 |      
      160 |   0.9913 |  1.397946e+05 |   +1.18% |  5.84e-14 |      
      170 |   0.9907 |  1.425129e+05 |   +1.94% |  9.52e-14 |      
      180 |   0.9897 |  1.468594e+05 |   +3.05% |  1.55e-13 |      
      190 |   0.9877 |  1.534513e+05 |   +4.49% |  2.52e-13 |      
      200 |   0.9849 |  1.630936e+05 |   +6.28% |  4.10e-13 |      
      210 |   0.9802 |  1.766004e+05 |   +8.28% |  6.68e-13 |      
      220 |   0.9727 |  1.945066e+05 |  +10.14% |  1.09e-12 |      
      230 |   0.9621 |  2.172798e+05 |  +11.71% |  1.76e-12 |      
      240 |   0.9466 |  2.455063e+05 |  +12.99% |  2.86e-12 |      
      250 |   0.9271 |  2.795744e+05 |  +13.88% |  4.65e-12 |      
      260 |   0.9048 |  3.196242e+05 |  +14.33% |  7.54e-12 |      
      270 |   0.8795 |  3.645552e+05 |  +14.06% |  1.22e-11 |      
      280 |   0.8494 |  4.115451e+05 |  +12.89% |  1.98e-11 |      
      290 |   0.8159 |  4.554164e+05 |  +10.66% |  3.21e-11 |      
      300 |   0.7810 |  5.023118e+05 |  +10.30% |  5.20e-11 |      
      310 |   0.7468 |  5.555761e+05 |  +10.60% |  8.43e-11 |      
      320 |   0.7096 |  6.044586e+05 |   +8.80% |  1.37e-10 |      
      330 |   0.6704 |  6.829847e+05 |  +12.99% |  2.21e-10 |      
      340 |   0.6329 |  7.669164e+05 |  +12.29% |  3.56e-10 |      
[INFO GPL-0100] Timing-driven iteration 1/2, virtual: false.
[INFO GPL-0101]    Iter: 341, overflow: 0.633, keep resizer changes at: 1, HPWL: 766916401
Iteration |   Area    | Resized | Buffers | Nets repaired | Remaining
---------------------------------------------------------------------
        0 |     +0.0% |       0 |       0 |             0 |     38723
    final |     +0.4% |     214 |     122 |           159 |         0
---------------------------------------------------------------------
[INFO RSZ-0034] Found 155 slew violations.
[INFO RSZ-0035] Found 16 fanout violations.
[INFO RSZ-0036] Found 9 capacitance violations.
[INFO RSZ-0039] Resized 214 instances.
[INFO RSZ-0038] Inserted 122 buffers in 159 nets.
   Iter   |    Area   | Removed | Inserted |   Pins
          |           | Buffers | Buffers  | Remaining
-------------------------------------------------------
        0 |     +0.0% |       0 |        0 |     38721
     3800 |     +0.0% |       0 |        0 |     34921
     7600 |     +0.0% |       0 |        0 |     31121
    11400 |     +0.0% |       0 |        0 |     27321
    15200 |     +0.0% |       1 |        8 |     23521
    19000 |     +0.0% |       1 |       16 |     19721
    22800 |     +0.0% |       1 |       22 |     15921
    26600 |     +0.1% |       1 |       44 |     12121
    30400 |     +0.1% |       4 |       69 |      8321
    34200 |     +0.0% |      88 |      154 |      4521
    38000 |     +0.1% |      98 |      167 |       721
    final |     +0.1% |     122 |      198 |         0
-------------------------------------------------------
[INFO GPL-0106] Timing-driven: worst slack 1.2611333e-08
[INFO GPL-0107] Timing-driven: repair_design delta area: 1490.630 um^2 (+0.43%)
[INFO GPL-0108] Timing-driven: repair_design, gpl delta gcells: 198 (+0.69%)
[INFO GPL-0109] Timing-driven: repair_design, gcells created: 320, deleted: 122
[INFO GPL-0110] Timing-driven: new target density: 0.5015838
Iteration | Overflow |     HPWL (um) |  HPWL(%) |   Penalty | Group
---------------------------------------------------------------
      350 |   0.6163 |  7.250145e+05 |   -5.46% |  5.77e-10 |      
[INFO GPL-0038] Routability snapshot saved at iter = 357
      356 |   0.5968 |  7.323413e+05 |          |           |      
      360 |   0.5804 |  7.377938e+05 |   +1.76% |  9.39e-10 |      
      370 |   0.5433 |  7.467667e+05 |   +1.22% |  1.53e-09 |      
      380 |   0.5037 |  7.727076e+05 |   +3.47% |  2.48e-09 |      
      390 |   0.4705 |  7.750708e+05 |   +0.31% |  4.04e-09 |      
      400 |   0.4242 |  7.812102e+05 |   +0.79% |  6.58e-09 |      
      410 |   0.3954 |  7.886567e+05 |   +0.95% |  1.07e-08 |      
      420 |   0.3433 |  7.925504e+05 |   +0.49% |  1.74e-08 |      
      430 |   0.3155 |  7.808894e+05 |   -1.47% |  2.59e-08 |      
[INFO GPL-0040] Routability iteration: 1
[WARNING GRT-0281] Net clk has a large fanout of 2847 terminals.
[INFO GPL-0088] Tiles the placer can act on: 10064 of 20164 (49.91%)
[INFO GPL-0041] Total routing overflow: 13.4880
[INFO GPL-0042] Number of overflowed tiles: 86 (0.85%)
[INFO GPL-0043] Average top 0.5% routing congestion: 1.2302
[INFO GPL-0044] Average top 1.0% routing congestion: 1.1311
[INFO GPL-0045] Average top 2.0% routing congestion: 1.0217
[INFO GPL-0046] Average top 5.0% routing congestion: 0.8912
[INFO GPL-0047] Routability iteration weighted routing congestion: 1.1806
[INFO GPL-0048] Routing congestion (1.1806) lower than previous minimum (1e+30). Updating minimum.
[INFO GPL-0086] Inflated area:                3770.485 um^2 (+1.08%)
[INFO GPL-0052] Placement target density:       0.5016
[INFO GPL-0076] Removing fillers, count: Before: 9689, After: 9391 (-3.08%)
[INFO GPL-0077] Filler area (um^2)     : Before: 122497.255, After: 118726.281 (-3.08%)
[INFO GPL-0078] Removed fillers count: 298, area removed: 3767.483 um^2. Remaining area to be compensated by modifying density: 3.002 um^2
[INFO GPL-0058] White space area:           941170.157 um^2 (+0.00%)
[INFO GPL-0059] Movable instances area:     472075.731 um^2 (+0.00%)
[INFO GPL-0060] Total filler area:          118726.281 um^2 (-3.08%)
[INFO GPL-0061] Total non-inflated area:    472075.222 um^2 (-0.00%)
[INFO GPL-0062] Total inflated area:        475845.707 um^2 (-0.00%)
[INFO GPL-0063] New Target Density:             0.5016
[INFO GPL-0087] Routability end iteration: increase inflation and revert back to snapshot.
Iteration | Overflow |     HPWL (um) |  HPWL(%) |   Penalty | Group
---------------------------------------------------------------
      440 |   0.5800 |  7.389620e+05 |   +0.00% |  9.48e-10 |      
      450 |   0.5447 |  7.484461e+05 |   +1.28% |  1.39e-09 |      
      460 |   0.5180 |  7.670490e+05 |   +2.49% |  2.05e-09 |      
      470 |   0.4949 |  7.680222e+05 |   +0.13% |  3.02e-09 |      
      480 |   0.4578 |  7.685185e+05 |   +0.06% |  4.45e-09 |      
      490 |   0.4320 |  7.804436e+05 |   +1.55% |  6.55e-09 |      
      500 |   0.3998 |  7.793387e+05 |   -0.14% |  9.65e-09 |      
      510 |   0.3658 |  7.840810e+05 |   +0.61% |  1.42e-08 |      
      520 |   0.3357 |  7.803780e+05 |   -0.47% |  2.09e-08 |      
[INFO GPL-0040] Routability iteration: 2
[INFO GPL-0088] Tiles the placer can act on: 10138 of 20164 (50.28%)
[INFO GPL-0041] Total routing overflow: 2.9947
[INFO GPL-0042] Number of overflowed tiles: 29 (0.29%)
[INFO GPL-0043] Average top 0.5% routing congestion: 1.0446
[INFO GPL-0044] Average top 1.0% routing congestion: 0.9698
[INFO GPL-0045] Average top 2.0% routing congestion: 0.8995
[INFO GPL-0046] Average top 5.0% routing congestion: 0.7962
[INFO GPL-0047] Routability iteration weighted routing congestion: 1.0072
[INFO GPL-0050] Weighted routing congestion is lower than target routing congestion(1.0100), end routability optimization.
[INFO GPL-0090] Routability finished. Target routing congestion achieved succesfully.
Iteration | Overflow |     HPWL (um) |  HPWL(%) |   Penalty | Group
---------------------------------------------------------------
      530 |   0.2967 |  7.821413e+05 |   +0.23% |  3.08e-08 |      
      540 |   0.2609 |  7.838457e+05 |   +0.22% |  4.54e-08 |      
      550 |   0.2274 |  7.839393e+05 |   +0.01% |  6.68e-08 |      
      560 |   0.1972 |  7.871045e+05 |   +0.40% |  9.84e-08 |      
[INFO GPL-0100] Timing-driven iteration 2/2, virtual: false.
[INFO GPL-0101]    Iter: 562, overflow: 0.195, keep resizer changes at: 1, HPWL: 787183831
Iteration |   Area    | Resized | Buffers | Nets repaired | Remaining
---------------------------------------------------------------------
        0 |     +0.0% |       0 |       0 |             0 |     38921
    final |     +0.0% |      11 |       4 |            11 |         0
---------------------------------------------------------------------
[INFO RSZ-0034] Found 11 slew violations.
[INFO RSZ-0039] Resized 11 instances.
[INFO RSZ-0038] Inserted 4 buffers in 11 nets.
   Iter   |    Area   | Removed | Inserted |   Pins
          |           | Buffers | Buffers  | Remaining
-------------------------------------------------------
        0 |     +0.0% |       0 |        0 |     38721
     3800 |     +0.0% |       0 |        1 |     34921
     7600 |     +0.0% |       0 |        1 |     31121
    11400 |     +0.0% |       0 |        1 |     27321
    15200 |     +0.0% |       8 |       18 |     23521
    19000 |     +0.0% |      16 |       29 |     19721
    22800 |     +0.1% |      23 |       61 |     15921
    26600 |     +0.2% |      45 |      147 |     12121
    30400 |     +0.2% |      70 |      172 |      8321
    34200 |     +0.2% |     158 |      280 |      4521
    38000 |     +0.3% |     171 |      306 |       721
    final |     +0.3% |     202 |      340 |         0
-------------------------------------------------------
[INFO GPL-0106] Timing-driven: worst slack 1.2615574e-08
[INFO GPL-0107] Timing-driven: repair_design delta area: 1123.036 um^2 (+0.32%)
[INFO GPL-0108] Timing-driven: repair_design, gpl delta gcells: 142 (+0.49%)
[INFO GPL-0109] Timing-driven: repair_design, gcells created: 344, deleted: 202
[INFO GPL-0110] Timing-driven: new target density: 0.5027765
Iteration | Overflow |     HPWL (um) |  HPWL(%) |   Penalty | Group
---------------------------------------------------------------
      570 |   0.1689 |  7.921660e+05 |   +0.64% |  1.45e-07 |      
      580 |   0.1453 |  7.934854e+05 |   +0.17% |  2.13e-07 |      
      590 |   0.1259 |  7.950354e+05 |   +0.20% |  3.14e-07 |      
      600 |   0.1079 |  7.965949e+05 |   +0.20% |  4.63e-07 |      
      605 |   0.0999 |  7.974364e+05 |          |  5.84e-07 |      
---------------------------------------------------------------
[INFO GPL-1001] Global placement finished at iteration 605
[INFO GPL-1017] Routability mode iteration count: 171
[INFO GPL-1005] Routability final weighted congestion: 0.7957
[INFO GPL-1002] Placed Cell Area            354471.9772
[INFO GPL-1003] Available Free Area         941170.1568
[INFO GPL-1004] Minimum Feasible Density        0.3700 (cell_area / free_area)
[INFO GPL-1006]   Suggested Target Densities:
[INFO GPL-1007]     - For 90% usage of free space: 0.4185
[INFO GPL-1008]     - For 80% usage of free space: 0.4708
[INFO GPL-1009]     - For 50% usage of free space: 0.7533
[INFO GPL-1011] Original area (um^2): 348087.83
[INFO GPL-1012] Total routability artificial inflation: 3770.49 (+1.08%)
[INFO GPL-1013] Total timing-driven delta area: 2613.67 (+0.75%)
[INFO GPL-1014] Final placement area: 354471.98 (+1.83%)
[INFO GPL-1018] Final HPWL (um): 798258.61
Took 18 seconds: global_placement -density 0.5 -pad_left 0 -pad_right 0 -routability_driven -random_seed 277 -timing_driven -force_center_initial_place -min_phi_coef 0.95 -max_phi_coef 1.05
estimate_parasitics -placement
Report metrics stage 3, global place...

==========================================================================
global place report_design_area
--------------------------------------------------------------------------
Design area 353964 um^2 37% utilization.
write_db ./results/sky130hd/similarity_asic_transfer_local/base/3_3_place_gp.odb
Elapsed time: 0:22.54[h:]min:sec. CPU time: user 32.00 sys 1.05 (146%). Peak memory: 588604KB.
Log                       Ext     Elapsed/s Peak Memory/MB sha1sum result [0:20)
3_3_place_gp              .odb           22            574 cf94fb9396c7629e34f4
/OpenROAD-flow-scripts/flow/scripts/flow.sh 3_4_place_resized resize
Running resize.tcl, stage 3_4_place_resized
read_liberty /OpenROAD-flow-scripts/flow/platforms/sky130hd/lib/sky130_fd_sc_hd__tt_025C_1v80.lib
read_db ./results/sky130hd/similarity_asic_transfer_local/base/3_3_place_gp.odb
read_sdc ./results/sky130hd/similarity_asic_transfer_local/base/2_floorplan.sdc
source /OpenROAD-flow-scripts/flow/platforms/sky130hd/setRC.tcl
estimate_parasitics -placement
Perform buffer insertion and gate resizing...
repair_design -verbose -cap_margin 30 -slew_margin 25 -match_cell_footprint
Iteration |   Area    | Resized | Buffers | Nets repaired | Remaining
---------------------------------------------------------------------
        0 |     +0.0% |       0 |       0 |             0 |     39063
     1000 |     +0.0% |       0 |       0 |             0 |     38063
     2000 |     +0.0% |       0 |       1 |             1 |     37063
     3000 |     +0.0% |       0 |       1 |             1 |     36063
     4000 |     +0.0% |       0 |       1 |             1 |     35063
     5000 |     +0.0% |       0 |       1 |             1 |     34063
     6000 |     +0.0% |       1 |       1 |             1 |     33063
     7000 |     +0.0% |       1 |       1 |             1 |     32063
     8000 |     +0.0% |       1 |       1 |             1 |     31063
     9000 |     +0.0% |       1 |       1 |             1 |     30063
    10000 |     +0.0% |       1 |       1 |             1 |     29063
    11000 |     +0.0% |       1 |       1 |             1 |     28063
    12000 |     +0.0% |       1 |       1 |             1 |     27063
    13000 |     +0.0% |       1 |       1 |             1 |     26063
    14000 |     +0.0% |       1 |       1 |             1 |     25063
    15000 |     +0.0% |       3 |       1 |             1 |     24063
    16000 |     +0.0% |       3 |       1 |             1 |     23063
    17000 |     +0.0% |       3 |       1 |             1 |     22063
    18000 |     +0.0% |       3 |       1 |             1 |     21063
    19000 |     +0.0% |       3 |       3 |             3 |     20063
    20000 |     +0.0% |       3 |       3 |             3 |     19063
    21000 |     +0.0% |       3 |       3 |             3 |     18063
    22000 |     +0.0% |       5 |       5 |             5 |     17063
    23000 |     +0.0% |       5 |       5 |             5 |     16063
    24000 |     +0.0% |       5 |       6 |             6 |     15063
    25000 |     +0.0% |       7 |      14 |            14 |     14063
    26000 |     +0.0% |       7 |      15 |            15 |     13063
    27000 |     +0.0% |       7 |      15 |            15 |     12063
    28000 |     +0.1% |      17 |      19 |            19 |     11063
    29000 |     +0.1% |      17 |      19 |            19 |     10063
    30000 |     +0.1% |      17 |      19 |            19 |      9063
    31000 |     +0.1% |      17 |      19 |            19 |      8063
    32000 |     +0.1% |      17 |      19 |            19 |      7063
    33000 |     +0.1% |      20 |      29 |            28 |      6063
    34000 |     +0.2% |      20 |      39 |            38 |      5063
    35000 |     +0.2% |      22 |      45 |            44 |      4063
    36000 |     +0.3% |      22 |      59 |            58 |      3063
    37000 |     +0.3% |      22 |      62 |            61 |      2063
    38000 |     +0.3% |      23 |      62 |            61 |      1063
    39000 |     +0.3% |      23 |      62 |            61 |        63
    final |     +0.3% |      23 |      62 |            61 |         0
---------------------------------------------------------------------
[INFO RSZ-0034] Found 26 slew violations.
[INFO RSZ-0036] Found 61 capacitance violations.
[INFO RSZ-0039] Resized 23 instances.
[INFO RSZ-0038] Inserted 62 buffers in 61 nets.
[INFO RSZ-0504] Runtime: 1.63s
Floating nets: 
Report metrics stage 3, resizer...

==========================================================================
resizer report_design_area
--------------------------------------------------------------------------
Design area 355129 um^2 37% utilization.
Instance count before 41906, after 41968
Pin count before 109852, after 109976
write_db ./results/sky130hd/similarity_asic_transfer_local/base/3_4_place_resized.odb
Elapsed time: 0:08.18[h:]min:sec. CPU time: user 10.58 sys 0.47 (135%). Peak memory: 290400KB.
Log                       Ext     Elapsed/s Peak Memory/MB sha1sum result [0:20)
3_4_place_resized         .odb            8            283 24a49190e2f4859f7949
/OpenROAD-flow-scripts/flow/scripts/flow.sh 3_5_place_dp detail_place
Running detail_place.tcl, stage 3_5_place_dp
read_liberty /OpenROAD-flow-scripts/flow/platforms/sky130hd/lib/sky130_fd_sc_hd__tt_025C_1v80.lib
read_db ./results/sky130hd/similarity_asic_transfer_local/base/3_4_place_resized.odb
read_sdc ./results/sky130hd/similarity_asic_transfer_local/base/2_floorplan.sdc
source /OpenROAD-flow-scripts/flow/platforms/sky130hd/setRC.tcl
detailed_placement
[INFO DPL-0006] Core area: 957204.28 um^2
[INFO DPL-0007] Movable instances area: 339095.22 um^2
[INFO DPL-0008] Fixed instances area within core: 16034.13 um^2
[INFO DPL-0009] Utilization: 37.1%
[INFO DPL-0005] Diamond search max displacement: +/- 500 sites horizontally, +/- 100 rows vertically.
[INFO DPL-1102] Legalizing using negotiation legalizer.
[INFO DPL-1103] Negotiation base search window: +/-20 sites horizontally, +/-5 rows vertically 
	Automatic search window extension enabled.
	Search window extendable up to the max displacement cap of +/-500 sites, +/-100 rows near walls.
[INFO DPL-1104] NegotiationLegalizer DRC penalty: 5.
[INFO DPL-0392] Negotiation cell height distribution (1 unique row-count(s)):
[INFO DPL-0393]   height 1 row(s): 41968 cells
          |      Total |  Illegal |  Illegal
Iteration | Violations |    Cells |    Sites
---------------------------------------------
        0 |       5805 |      1549 |      4241
        1 |         14 |         6 |         8
        2 |          0 |         0 |         0
Negotiation phase 1 converged at iteration 2.
[INFO DPL-0500] Runtime: 0.29s
Placement Analysis
---------------------------------
total displacement      79836.8 u
average displacement        1.9 u
max displacement           12.7 u
original HPWL          801054.6 u
legalized HPWL         852637.5 u
delta HPWL                    6 %

improve_placement -max_displacement "5 1"
Detailed placement improvement.
[INFO DPL-0401] Setting random seed to 1.
[INFO DPL-0402] Setting maximum displacement 5 1 to 13600 2720 units.
[INFO DPL-0320] Collected 12849 fixed cells.
[INFO DPL-0318] Collected 29153 single height cells.
[INFO DPL-0321] Collected 0 wide cells.
[INFO DPL-0322] Image (1380, 2720) - (981640, 979200)
[INFO DPL-0310] Assigned 29153 cells into segments.  Movement in X-direction is 0.000000, movement in Y-direction is 0.000000.
[INFO DPL-0313] Found 0 cells in wrong regions.
[INFO DPL-0315] Found 0 row alignment problems.
[INFO DPL-0314] Found 0 site alignment problems.
[INFO DPL-0311] Found 0 overlaps between adjacent cells.
[INFO DPL-0312] Found 0 edge spacing violations and 0 padding violations.
[INFO DPL-0303] Running algorithm for independent set matching.
[INFO DPL-0300] Set matching objective is wirelength.
[INFO DPL-0301] Pass   1 of matching; objective is 8.523285e+08.
[INFO DPL-0302] End of matching; objective is 8.517298e+08, improvement is 0.07 percent.
[INFO DPL-0303] Running algorithm for global swaps.
[INFO DPL-0306] Pass   1 of global swaps; hpwl is 8.415856e+08.
[INFO DPL-0306] Pass   2 of global swaps; hpwl is 8.397454e+08.
[INFO DPL-0307] End of global swaps; objective is 8.397454e+08, improvement is 1.41 percent.
[INFO DPL-0303] Running algorithm for vertical swaps.
[INFO DPL-0308] Pass   1 of vertical swaps; hpwl is 8.369323e+08.
[INFO DPL-0309] End of vertical swaps; objective is 8.369323e+08, improvement is 0.33 percent.
[INFO DPL-0303] Running algorithm for reordering.
[INFO DPL-0304] Pass   1 of reordering; objective is 8.364598e+08.
[INFO DPL-0305] End of reordering; objective is 8.364598e+08, improvement is 0.06 percent.
[INFO DPL-0303] Running algorithm for random improvement.
[INFO DPL-0324] Random improver is using random generator.
[INFO DPL-0325] Random improver is using hpwl objective.
[INFO DPL-0326] Random improver cost string is (a).
[INFO DPL-0332] End of pass, Generator random called 583060 times.
[INFO DPL-0335] Generator random, Cumulative attempts 583060, swaps 82090, moves 170842 since last reset.
[INFO DPL-0333] End of pass, Objective hpwl, Initial cost 8.345232e+08, Scratch cost 8.271901e+08, Incremental cost 8.271901e+08, Mismatch? N
[INFO DPL-0338] End of pass, Total cost is 8.271901e+08.
[INFO DPL-0327] Pass   1 of random improver; improvement in cost is 0.88 percent.
[INFO DPL-0328] End of random improver; improvement is 0.878714 percent.
[INFO DPL-0380] Cell flipping.
[INFO DPL-0382] Changed 0 cell orientations for row compatibility.
[INFO DPL-0383] Performed 9025 cell flips.
[INFO DPL-0384] End of flipping; objective is 8.097362e+08, improvement is 2.34 percent.
[INFO DPL-0313] Found 0 cells in wrong regions.
[INFO DPL-0315] Found 0 row alignment problems.
[INFO DPL-0314] Found 0 site alignment problems.
[INFO DPL-0311] Found 0 overlaps between adjacent cells.
[INFO DPL-0312] Found 0 edge spacing violations and 0 padding violations.
Detailed Improvement Results
------------------------------------------
Original HPWL           852637.5 u (  426724.1,   425913.4)
Final HPWL              809655.5 u (  398865.0,   410790.5)
Delta HPWL                  -5.0 % (      -6.5,       -3.6)

optimize_mirroring
[INFO DPL-0020] Mirrored 1138 instances
[INFO DPL-0021] HPWL before          809655.5 u
[INFO DPL-0022] HPWL after           809106.9 u
[INFO DPL-0023] HPWL delta               -0.1 %
[INFO FLW-0012] Placement violations .
estimate_parasitics -placement
Report metrics stage 3, detailed place...

==========================================================================
detailed place report_design_area
--------------------------------------------------------------------------
Design area 355129 um^2 37% utilization.
write_db ./results/sky130hd/similarity_asic_transfer_local/base/3_5_place_dp.odb
write_sdc -no_timestamp ./results/sky130hd/similarity_asic_transfer_local/base/3_place.sdc
Elapsed time: 0:10.24[h:]min:sec. CPU time: user 12.42 sys 0.48 (126%). Peak memory: 368764KB.
Log                       Ext     Elapsed/s Peak Memory/MB sha1sum result [0:20)
3_5_place_dp              .odb           10            360 718e26a889a6c73cd7e4
cp ./results/sky130hd/similarity_asic_transfer_local/base/3_5_place_dp.odb ./results/sky130hd/similarity_asic_transfer_local/base/3_place.odb
/OpenROAD-flow-scripts/flow/scripts/flow.sh 4_1_cts cts
Running cts.tcl, stage 4_1_cts
read_liberty /OpenROAD-flow-scripts/flow/platforms/sky130hd/lib/sky130_fd_sc_hd__tt_025C_1v80.lib
read_db ./results/sky130hd/similarity_asic_transfer_local/base/3_place.odb
read_sdc ./results/sky130hd/similarity_asic_transfer_local/base/3_place.sdc
source /OpenROAD-flow-scripts/flow/platforms/sky130hd/setRC.tcl
clock_tree_synthesis -sink_clustering_enable -repair_clock_nets
[INFO CTS-0050] Root buffer is sky130_fd_sc_hd__clkbuf_16.
[INFO CTS-0051] Sink buffer is sky130_fd_sc_hd__clkbuf_16.
[INFO CTS-0052] The following clock buffers will be used for CTS:
                    sky130_fd_sc_hd__clkbuf_16
[INFO CTS-0049] Characterization buffer is sky130_fd_sc_hd__clkbuf_16.
[INFO CTS-0007] Net "clk" found for clock "clk".
[INFO CTS-0010]  Clock net "clk" has 2846 sinks.
[INFO CTS-0008] TritonCTS found 1 clock nets.
[INFO CTS-0097] Characterization used 1 buffer(s) types.
[INFO CTS-0201] 0 blockages from hard placement blockages and placed macros will be used.
[INFO CTS-0027] Generating H-Tree topology for net clk.
[INFO CTS-0028]  Total number of sinks: 2846.
[INFO CTS-0090]  Sinks will be clustered based on buffer max cap.
[INFO CTS-0030]  Number of static layers: 0.
[INFO CTS-0020]  Wire segment unit: 13600  dbu (13 um).
[INFO CTS-0206] Best clustering solution was found from max clustering size of 15 and max clustering diameter of 130.
[INFO CTS-0019]  Total number of sinks after clustering: 345.
[INFO CTS-0024]  Normalized sink region: [(3.44459, 0.775588), (71.0277, 67.6475)].
[INFO CTS-0025]     Width:  67.5831.
[INFO CTS-0026]     Height: 66.8719.
 Level 1
    Direction: Horizontal
    Sinks per sub-region: 173
    Sub-region size: 33.7915 X 66.8719
[INFO CTS-0034]     Segment length (rounded): 16.
 Level 2
    Direction: Vertical
    Sinks per sub-region: 87
    Sub-region size: 33.7915 X 33.4359
[INFO CTS-0034]     Segment length (rounded): 16.
 Level 3
    Direction: Horizontal
    Sinks per sub-region: 44
    Sub-region size: 16.8958 X 33.4359
[INFO CTS-0034]     Segment length (rounded): 8.
 Level 4
    Direction: Vertical
    Sinks per sub-region: 22
    Sub-region size: 16.8958 X 16.7180
[INFO CTS-0034]     Segment length (rounded): 8.
 Level 5
    Direction: Horizontal
    Sinks per sub-region: 11
    Sub-region size: 8.4479 X 16.7180
[INFO CTS-0034]     Segment length (rounded): 4.
[INFO CTS-0038]  Stop criterion found. Sink region hpwl is smaller than max wirelength (1911.535 um) and max number of sinks is 15.
[INFO CTS-0035]  Number of sinks covered: 345.
[INFO CTS-0018]     Created 382 clock buffers.
[INFO CTS-0012]     Minimum number of buffers in the clock path: 4.
[INFO CTS-0013]     Maximum number of buffers in the clock path: 4.
[INFO CTS-0015]     Created 382 clock nets.
[INFO CTS-0016]     Fanout distribution for the current clock = 3:3, 4:8, 5:22, 6:46, 7:54, 8:66, 9:59, 10:48, 11:32, 12:22, 13:12, 14:1, 15:3, 16:1..
[INFO CTS-0017]     Max level of the clock tree: 5.
[INFO CTS-0098] Clock net "clk"
[INFO CTS-0099]  Sinks 3171
[INFO CTS-0100]  Leaf buffers 345
[INFO CTS-0101]  Average sink wire length 1630.92 um
[INFO CTS-0102]  Path depth 3 - 4
[INFO CTS-0207]  Dummy loads inserted 325
[INFO CTS-0500] Runtime: 1.60s
estimate_parasitics -placement
detailed_placement
[INFO DPL-0006] Core area: 957204.28 um^2
[INFO DPL-0007] Movable instances area: 352903.46 um^2
[INFO DPL-0008] Fixed instances area within core: 16034.13 um^2
[INFO DPL-0009] Utilization: 38.5%
[INFO DPL-0005] Diamond search max displacement: +/- 500 sites horizontally, +/- 100 rows vertically.
[INFO DPL-1102] Legalizing using negotiation legalizer.
[INFO DPL-1103] Negotiation base search window: +/-20 sites horizontally, +/-5 rows vertically 
	Automatic search window extension enabled.
	Search window extendable up to the max displacement cap of +/-500 sites, +/-100 rows near walls.
[INFO DPL-1104] NegotiationLegalizer DRC penalty: 5.
[INFO DPL-0392] Negotiation cell height distribution (1 unique row-count(s)):
[INFO DPL-0393]   height 1 row(s): 42675 cells
          |      Total |  Illegal |  Illegal
Iteration | Violations |    Cells |    Sites
---------------------------------------------
        0 |       1476 |       260 |      1210
        1 |         76 |        10 |        66
        2 |          0 |         0 |         0
Negotiation phase 1 converged at iteration 2.
[INFO DPL-0500] Runtime: 0.26s
Placement Analysis
---------------------------------
total displacement      38716.3 u
average displacement        0.9 u
max displacement           17.0 u
original HPWL          843161.6 u
legalized HPWL         865312.4 u
delta HPWL                    3 %

estimate_parasitics -placement
Report metrics stage 4, cts final...

==========================================================================
cts final report_design_area
--------------------------------------------------------------------------
Design area 368938 um^2 39% utilization.
write_db ./results/sky130hd/similarity_asic_transfer_local/base/4_1_cts.odb
write_sdc -no_timestamp ./results/sky130hd/similarity_asic_transfer_local/base/4_cts.sdc
Elapsed time: 0:09.81[h:]min:sec. CPU time: user 13.92 sys 0.77 (149%). Peak memory: 374348KB.
Log                       Ext     Elapsed/s Peak Memory/MB sha1sum result [0:20)
4_1_cts                   .odb            9            365 d3263d55ec57e2480fb5
cp ./results/sky130hd/similarity_asic_transfer_local/base/4_1_cts.odb ./results/sky130hd/similarity_asic_transfer_local/base/4_cts.odb
/OpenROAD-flow-scripts/flow/scripts/flow.sh 5_1_grt global_route
Running global_route.tcl, stage 5_1_grt
read_liberty /OpenROAD-flow-scripts/flow/platforms/sky130hd/lib/sky130_fd_sc_hd__tt_025C_1v80.lib
read_db ./results/sky130hd/similarity_asic_transfer_local/base/4_cts.odb
read_sdc ./results/sky130hd/similarity_asic_transfer_local/base/4_cts.sdc
source /OpenROAD-flow-scripts/flow/platforms/sky130hd/setRC.tcl
pin_access
[INFO DRT-0149] Reading tech and libs.
[WARNING DRT-0349] LEF58_ENCLOSURE with no CUTCLASS is not supported. Skipping for layer mcon
[WARNING DRT-0349] LEF58_ENCLOSURE with no CUTCLASS is not supported. Skipping for layer mcon
[WARNING DRT-0349] LEF58_ENCLOSURE with no CUTCLASS is not supported. Skipping for layer via
[WARNING DRT-0349] LEF58_ENCLOSURE with no CUTCLASS is not supported. Skipping for layer via
[WARNING DRT-0349] LEF58_ENCLOSURE with no CUTCLASS is not supported. Skipping for layer via2
[WARNING DRT-0349] LEF58_ENCLOSURE with no CUTCLASS is not supported. Skipping for layer via2
[WARNING DRT-0349] LEF58_ENCLOSURE with no CUTCLASS is not supported. Skipping for layer via3
[WARNING DRT-0349] LEF58_ENCLOSURE with no CUTCLASS is not supported. Skipping for layer via3
[WARNING DRT-0349] LEF58_ENCLOSURE with no CUTCLASS is not supported. Skipping for layer via4
[WARNING DRT-0349] LEF58_ENCLOSURE with no CUTCLASS is not supported. Skipping for layer via4

Units:                1000
Number of layers:     13
Number of macros:     441
Number of vias:       29
Number of viarulegen: 25

[INFO DRT-0150] Reading design.

Design:                   similarity_asic_transfer_local
Die area:                 ( 0 0 ) ( 982900 982900 )
Number of track patterns: 12
Number of DEF vias:       0
Number of components:     42675
Number of terminals:      36
Number of snets:          2
Number of nets:           39507

[INFO DRT-0167] List of default vias:
  Layer via
    default via: M1M2_PR
  Layer via2
    default via: M2M3_PR
  Layer via3
    default via: M3M4_PR
  Layer via4
    default via: M4M5_PR
[INFO DRT-0162] Library cell analysis.
[INFO DRT-0163] Instance analysis.
[INFO DRT-0164] Number of unique instances = 217.
[INFO DRT-0168] Init region query.
[INFO DRT-0024]   Complete FR_MASTERSLICE.
[INFO DRT-0024]   Complete Fr_VIA.
[INFO DRT-0024]   Complete li1.
[INFO DRT-0024]   Complete mcon.
[INFO DRT-0024]   Complete met1.
[INFO DRT-0024]   Complete via.
[INFO DRT-0024]   Complete met2.
[INFO DRT-0024]   Complete via2.
[INFO DRT-0024]   Complete met3.
[INFO DRT-0024]   Complete via3.
[INFO DRT-0024]   Complete met4.
[INFO DRT-0024]   Complete via4.
[INFO DRT-0024]   Complete met5.
[INFO DRT-0033] FR_MASTERSLICE shape region query size = 0.
[INFO DRT-0033] FR_VIA shape region query size = 0.
[INFO DRT-0033] li1 shape region query size = 1156786.
[INFO DRT-0033] mcon shape region query size = 666410.
[INFO DRT-0033] met1 shape region query size = 247177.
[INFO DRT-0033] via shape region query size = 64800.
[INFO DRT-0033] met2 shape region query size = 38899.
[INFO DRT-0033] via2 shape region query size = 51840.
[INFO DRT-0033] met3 shape region query size = 38895.
[INFO DRT-0033] via3 shape region query size = 51840.
[INFO DRT-0033] met4 shape region query size = 15588.
[INFO DRT-0033] via4 shape region query size = 2556.
[INFO DRT-0033] met5 shape region query size = 2698.
[INFO DRT-0165] Start pin access.
[INFO DRT-0076]   Complete 1000 pins.
[INFO DRT-0078]   Complete 1755 pins.
[INFO DRT-0079]   Complete 100 unique inst patterns.
[INFO DRT-0079]   Complete 200 unique inst patterns.
[INFO DRT-0081]   Complete 217 unique inst patterns.
[INFO DRT-0082]   Complete 10000 groups.
[INFO DRT-0082]   Complete 20000 groups.
[INFO DRT-0084]   Complete 21129 groups.
#scanned instances     = 42675
#unique  instances     = 217
#stdCellGenAp          = 7513
#stdCellValidPlanarAp  = 90
#stdCellValidViaAp     = 5181
#stdCellPinNoAp        = 10
#stdCellPinCnt         = 111065
#instTermValidViaApCnt = 0
#macroGenAp            = 0
#macroValidPlanarAp    = 0
#macroValidViaAp       = 0
#macroNoAp             = 0
[INFO DRT-0166] Complete pin access.
[INFO DRT-0267] cpu time = 00:06:47, elapsed time = 00:01:43, memory = 372.24 (MB), peak = 387.17 (MB)
Took 104 seconds: pin_access
set_global_routing_random -seed 277
global_route -congestion_report_file ./reports/sky130hd/similarity_asic_transfer_local/base/congestion.rpt -congestion_iterations 30 -congestion_report_iter_step 5 -verbose
[INFO GRT-0020] Min routing layer: met1
[INFO GRT-0021] Max routing layer: met5
[INFO GRT-0022] Global adjustment: 0%
[INFO GRT-0023] Grid origin: (0, 0)
[INFO GRT-0088] Layer li1     Track-Pitch = 0.4600  line-2-Via Pitch: 0.3400
[INFO GRT-0088] Layer met1    Track-Pitch = 0.3400  line-2-Via Pitch: 0.3400
[INFO GRT-0088] Layer met2    Track-Pitch = 0.4600  line-2-Via Pitch: 0.3500
[INFO GRT-0088] Layer met3    Track-Pitch = 0.6800  line-2-Via Pitch: 0.6150
[INFO GRT-0088] Layer met4    Track-Pitch = 0.9200  line-2-Via Pitch: 1.0400
[INFO GRT-0088] Layer met5    Track-Pitch = 3.4000  line-2-Via Pitch: 3.1100
[INFO GRT-0003] Macros: 0
[INFO GRT-0004] Blockages: 73009
[INFO GRT-0019] Found 383 clock nets.
[INFO GRT-0001] Minimum degree: 2
[INFO GRT-0002] Maximum degree: 51

[INFO GRT-0053] Routing resources analysis:
          Routing      Original      Derated      Resource
Layer     Direction    Resources     Resources    Reduction (%)
---------------------------------------------------------------
li1        Vertical            0             0          0.00%
met1       Horizontal     305310        235949          22.72%
met2       Vertical       259017        198810          23.24%
met3       Horizontal     193663        152008          21.51%
met4       Vertical       127746         92496          27.59%
met5       Horizontal      28482         20445          28.22%
---------------------------------------------------------------

[INFO GRT-0101] Running extra iterations to remove congestion.
[INFO GRT-0102] Start extra iteration 1/30
[INFO GRT-0197] Via related to pin nodes: 180173
[INFO GRT-0198] Via related Steiner nodes: 2812
[INFO GRT-0199] Via filling finished.
[INFO GRT-0111] Final number of vias: 227015
[INFO GRT-0112] Final usage 3D: 823594

[INFO GRT-0096] Final congestion report:
Layer         Resource        Demand        Usage (%)    Max H / Max V / Total Congestion
---------------------------------------------------------------------------------------
li1                  0             0            0.00%             0 /  0 /  0
met1            235949         69457           29.44%             0 /  0 /  0
met2            198810         63744           32.06%             0 /  0 /  0
met3            152008          3895            2.56%             0 /  0 /  0
met4             92496          5453            5.90%             0 /  0 /  0
met5             20445             0            0.00%             0 /  0 /  0
---------------------------------------------------------------------------------------
Total           699708        142549           20.37%             0 /  0 /  0

[INFO GRT-0018] Total wirelength: 1494153 um
[INFO GRT-0014] Routed nets: 39407
[INFO GRT-0303] Global routing runtime = 00:00:01
estimate_parasitics -global_routing
Perform buffer insertion and gate resizing...
repair_design -verbose -cap_margin 30 -slew_margin 25
Iteration |   Area    | Resized | Buffers | Nets repaired | Remaining
---------------------------------------------------------------------
        0 |     +0.0% |       0 |       0 |             0 |     39832
     1000 |     +0.0% |       0 |       0 |             0 |     38832
     2000 |     +0.0% |       0 |       0 |             0 |     37832
     3000 |     +0.0% |       1 |       0 |             0 |     36832
     4000 |     +0.0% |       1 |       0 |             0 |     35832
     5000 |     +0.0% |       1 |       0 |             0 |     34832
     6000 |     +0.0% |       1 |       0 |             0 |     33832
     7000 |     +0.0% |       1 |       0 |             0 |     32832
     8000 |     +0.0% |       1 |       0 |             0 |     31832
     9000 |     +0.0% |       1 |       0 |             0 |     30832
    10000 |     +0.0% |       1 |       0 |             0 |     29832
    11000 |     +0.0% |       1 |       0 |             0 |     28832
    12000 |     +0.0% |       1 |       0 |             0 |     27832
    13000 |     +0.0% |       1 |       0 |             0 |     26832
    14000 |     +0.0% |       1 |       0 |             0 |     25832
[WARNING RSZ-0104] Net _35826_ only has one pin. Check if it is intended to be dangling.
[WARNING RSZ-0104] Net _35721_ only has one pin. Check if it is intended to be dangling.
    15000 |     +0.0% |       1 |       0 |             0 |     24832
    16000 |     +0.0% |       1 |       0 |             0 |     23832
    17000 |     +0.0% |       1 |       0 |             0 |     22832
[WARNING RSZ-0104] Net _36340_ only has one pin. Check if it is intended to be dangling.
[WARNING RSZ-0104] Net _36326_ only has one pin. Check if it is intended to be dangling.
[WARNING RSZ-0104] Net _36291_ only has one pin. Check if it is intended to be dangling.
[WARNING RSZ-0104] Net _36269_ only has one pin. Check if it is intended to be dangling.
[WARNING RSZ-0104] Net _36215_ only has one pin. Check if it is intended to be dangling.
[WARNING RSZ-0104] Net _36115_ only has one pin. Check if it is intended to be dangling.
[WARNING RSZ-0104] Net _36108_ only has one pin. Check if it is intended to be dangling.
[WARNING RSZ-0104] Net _36101_ only has one pin. Check if it is intended to be dangling.
[WARNING RSZ-0104] Net _36052_ only has one pin. Check if it is intended to be dangling.
[WARNING RSZ-0104] Net _36049_ only has one pin. Check if it is intended to be dangling.
[WARNING RSZ-0104] Net _35891_ only has one pin. Check if it is intended to be dangling.
[WARNING RSZ-0104] Net _35879_ only has one pin. Check if it is intended to be dangling.
[WARNING RSZ-0104] Net _35792_ only has one pin. Check if it is intended to be dangling.
[WARNING RSZ-0104] Net _35738_ only has one pin. Check if it is intended to be dangling.
[WARNING RSZ-0104] Net _35729_ only has one pin. Check if it is intended to be dangling.
[WARNING RSZ-0104] Net _35666_ only has one pin. Check if it is intended to be dangling.
[WARNING RSZ-0104] Net _35590_ only has one pin. Check if it is intended to be dangling.
[WARNING RSZ-0104] Net _35586_ only has one pin. Check if it is intended to be dangling.
[WARNING RSZ-0104] Net _35500_ only has one pin. Check if it is intended to be dangling.
[WARNING RSZ-0104] Net _35379_ only has one pin. Check if it is intended to be dangling.
[WARNING RSZ-0104] Net _35261_ only has one pin. Check if it is intended to be dangling.
    18000 |     +0.0% |       1 |       0 |             0 |     21832
[WARNING RSZ-0104] Net _35122_ only has one pin. Check if it is intended to be dangling.
[WARNING RSZ-0104] Net _35079_ only has one pin. Check if it is intended to be dangling.
[WARNING RSZ-0104] Net _34988_ only has one pin. Check if it is intended to be dangling.
[WARNING RSZ-0104] Net _34940_ only has one pin. Check if it is intended to be dangling.
[WARNING RSZ-0104] Net _34833_ only has one pin. Check if it is intended to be dangling.
[WARNING RSZ-0104] Net _34781_ only has one pin. Check if it is intended to be dangling.
[WARNING RSZ-0104] Net _34725_ only has one pin. Check if it is intended to be dangling.
[WARNING RSZ-0104] Net _34721_ only has one pin. Check if it is intended to be dangling.
[WARNING RSZ-0104] Net _34704_ only has one pin. Check if it is intended to be dangling.
[WARNING RSZ-0104] Net _34614_ only has one pin. Check if it is intended to be dangling.
[WARNING RSZ-0104] Net _34604_ only has one pin. Check if it is intended to be dangling.
[WARNING RSZ-0104] Net _34507_ only has one pin. Check if it is intended to be dangling.
[WARNING RSZ-0104] Net _34501_ only has one pin. Check if it is intended to be dangling.
[WARNING RSZ-0104] Net _34385_ only has one pin. Check if it is intended to be dangling.
[WARNING RSZ-0104] Net _34270_ only has one pin. Check if it is intended to be dangling.
[WARNING RSZ-0104] Net _34248_ only has one pin. Check if it is intended to be dangling.
[WARNING RSZ-0104] Net _34171_ only has one pin. Check if it is intended to be dangling.
[WARNING RSZ-0104] Net _34135_ only has one pin. Check if it is intended to be dangling.
[WARNING RSZ-0104] Net _34069_ only has one pin. Check if it is intended to be dangling.
[WARNING RSZ-0104] Net _33924_ only has one pin. Check if it is intended to be dangling.
[WARNING RSZ-0104] Net _33813_ only has one pin. Check if it is intended to be dangling.
[WARNING RSZ-0104] Net _33738_ only has one pin. Check if it is intended to be dangling.
[WARNING RSZ-0104] Net _33735_ only has one pin. Check if it is intended to be dangling.
[WARNING RSZ-0104] Net _33586_ only has one pin. Check if it is intended to be dangling.
[WARNING RSZ-0104] Net _33535_ only has one pin. Check if it is intended to be dangling.
[WARNING RSZ-0104] Net _33520_ only has one pin. Check if it is intended to be dangling.
[WARNING RSZ-0104] Net _33411_ only has one pin. Check if it is intended to be dangling.
[WARNING RSZ-0104] Net _33393_ only has one pin. Check if it is intended to be dangling.
    19000 |     +0.0% |       1 |       0 |             0 |     20832
    20000 |     +0.0% |       1 |       0 |             0 |     19832
    21000 |     +0.0% |       1 |       0 |             0 |     18832
    22000 |     +0.0% |       2 |       0 |             0 |     17832
    23000 |     +0.0% |       2 |       0 |             0 |     16832
    24000 |     +0.0% |       2 |       0 |             0 |     15832
[WARNING RSZ-0104] Net _36343_ only has one pin. Check if it is intended to be dangling.
[WARNING RSZ-0104] Net _36338_ only has one pin. Check if it is intended to be dangling.
[WARNING RSZ-0104] Net _36336_ only has one pin. Check if it is intended to be dangling.
[WARNING RSZ-0104] Net _36317_ only has one pin. Check if it is intended to be dangling.
[WARNING RSZ-0104] Net _36309_ only has one pin. Check if it is intended to be dangling.
[WARNING RSZ-0104] Net _36274_ only has one pin. Check if it is intended to be dangling.
[WARNING RSZ-0104] Net _36165_ only has one pin. Check if it is intended to be dangling.
[WARNING RSZ-0104] Net _35725_ only has one pin. Check if it is intended to be dangling.
[WARNING RSZ-0104] Net _35651_ only has one pin. Check if it is intended to be dangling.
[WARNING RSZ-0104] Net _35468_ only has one pin. Check if it is intended to be dangling.
[WARNING RSZ-0104] Net _35467_ only has one pin. Check if it is intended to be dangling.
[WARNING RSZ-0104] Net _35358_ only has one pin. Check if it is intended to be dangling.
[WARNING RSZ-0104] Net _35218_ only has one pin. Check if it is intended to be dangling.
[WARNING RSZ-0104] Net _35071_ only has one pin. Check if it is intended to be dangling.
[WARNING RSZ-0104] Net _35059_ only has one pin. Check if it is intended to be dangling.
[WARNING RSZ-0104] Net _34924_ only has one pin. Check if it is intended to be dangling.
[WARNING RSZ-0104] Net _34811_ only has one pin. Check if it is intended to be dangling.
[WARNING RSZ-0104] Net _34585_ only has one pin. Check if it is intended to be dangling.
[WARNING RSZ-0104] Net _34500_ only has one pin. Check if it is intended to be dangling.
[WARNING RSZ-0104] Net _34486_ only has one pin. Check if it is intended to be dangling.
[WARNING RSZ-0104] Net _34354_ only has one pin. Check if it is intended to be dangling.
    25000 |     +0.0% |       2 |       0 |             0 |     14832
[WARNING RSZ-0104] Net _34239_ only has one pin. Check if it is intended to be dangling.
[WARNING RSZ-0104] Net _34236_ only has one pin. Check if it is intended to be dangling.
[WARNING RSZ-0104] Net _34147_ only has one pin. Check if it is intended to be dangling.
[WARNING RSZ-0104] Net _34039_ only has one pin. Check if it is intended to be dangling.
[WARNING RSZ-0104] Net _33836_ only has one pin. Check if it is intended to be dangling.
[WARNING RSZ-0104] Net _33698_ only has one pin. Check if it is intended to be dangling.
[WARNING RSZ-0104] Net _33686_ only has one pin. Check if it is intended to be dangling.
[WARNING RSZ-0104] Net _33536_ only has one pin. Check if it is intended to be dangling.
[WARNING RSZ-0104] Net _33523_ only has one pin. Check if it is intended to be dangling.
    26000 |     +0.0% |       2 |       0 |             0 |     13832
    27000 |     +0.0% |       2 |       0 |             0 |     12832
    28000 |     +0.0% |       2 |       0 |             0 |     11832
[WARNING RSZ-0104] Net _36339_ only has one pin. Check if it is intended to be dangling.
[WARNING RSZ-0104] Net _36337_ only has one pin. Check if it is intended to be dangling.
[WARNING RSZ-0104] Net _36285_ only has one pin. Check if it is intended to be dangling.
[WARNING RSZ-0104] Net _36068_ only has one pin. Check if it is intended to be dangling.
[WARNING RSZ-0104] Net _36050_ only has one pin. Check if it is intended to be dangling.
[WARNING RSZ-0104] Net _36042_ only has one pin. Check if it is intended to be dangling.
[WARNING RSZ-0104] Net _35870_ only has one pin. Check if it is intended to be dangling.
[WARNING RSZ-0104] Net _35581_ only has one pin. Check if it is intended to be dangling.
[WARNING RSZ-0104] Net _35564_ only has one pin. Check if it is intended to be dangling.
[WARNING RSZ-0104] Net _35484_ only has one pin. Check if it is intended to be dangling.
[WARNING RSZ-0104] Net _35101_ only has one pin. Check if it is intended to be dangling.
[WARNING RSZ-0104] Net _35075_ only has one pin. Check if it is intended to be dangling.
[WARNING RSZ-0104] Net _35049_ only has one pin. Check if it is intended to be dangling.
[WARNING RSZ-0104] Net _34684_ only has one pin. Check if it is intended to be dangling.
[WARNING RSZ-0104] Net _34488_ only has one pin. Check if it is intended to be dangling.
[WARNING RSZ-0104] Net _34331_ only has one pin. Check if it is intended to be dangling.
[WARNING RSZ-0104] Net _34131_ only has one pin. Check if it is intended to be dangling.
[WARNING RSZ-0104] Net _33819_ only has one pin. Check if it is intended to be dangling.
[WARNING RSZ-0104] Net _33587_ only has one pin. Check if it is intended to be dangling.
    29000 |     +0.0% |       2 |       1 |             1 |     10832
    30000 |     +0.0% |       2 |       3 |             3 |      9832
    31000 |     +0.0% |       2 |       5 |             5 |      8832
    32000 |     +0.0% |       2 |       6 |             6 |      7832
    33000 |     +0.0% |       7 |       7 |             7 |      6832
    34000 |     +0.1% |      10 |      16 |            16 |      5832
    35000 |     +0.1% |      19 |      24 |            24 |      4832
    36000 |     +0.2% |      27 |      34 |            34 |      3832
    37000 |     +0.2% |      29 |      37 |            37 |      2832
    38000 |     +0.2% |      29 |      37 |            37 |      1832
    39000 |     +0.2% |      29 |      37 |            37 |       832
    final |     +0.2% |      29 |      37 |            37 |         0
---------------------------------------------------------------------
[INFO RSZ-0034] Found 31 slew violations.
[INFO RSZ-0036] Found 37 capacitance violations.
[INFO RSZ-0039] Resized 29 instances.
[INFO RSZ-0038] Inserted 37 buffers in 37 nets.
[INFO RSZ-0504] Runtime: 2.70s
global_route -start_incremental
detailed_placement
[INFO DPL-0006] Core area: 957204.28 um^2
[INFO DPL-0007] Movable instances area: 353734.26 um^2
[INFO DPL-0008] Fixed instances area within core: 16034.13 um^2
[INFO DPL-0009] Utilization: 38.6%
[INFO DPL-0005] Diamond search max displacement: +/- 500 sites horizontally, +/- 100 rows vertically.
[INFO DPL-1102] Legalizing using negotiation legalizer.
[INFO DPL-1103] Negotiation base search window: +/-20 sites horizontally, +/-5 rows vertically 
	Automatic search window extension enabled.
	Search window extendable up to the max displacement cap of +/-500 sites, +/-100 rows near walls.
[INFO DPL-1104] NegotiationLegalizer DRC penalty: 5.
[INFO DPL-0392] Negotiation cell height distribution (1 unique row-count(s)):
[INFO DPL-0393]   height 1 row(s): 42712 cells
          |      Total |  Illegal |  Illegal
Iteration | Violations |    Cells |    Sites
---------------------------------------------
        0 |        124 |        16 |       108
        1 |          0 |         0 |         0
Negotiation phase 1 converged at iteration 1.
[INFO DPL-0500] Runtime: 0.18s
Placement Analysis
---------------------------------
total displacement        233.8 u
average displacement        0.0 u
max displacement           16.5 u
original HPWL          866271.4 u
legalized HPWL         866614.5 u
delta HPWL                    0 %

global_route -end_incremental -congestion_report_file ./reports/sky130hd/similarity_asic_transfer_local/base/congestion_post_repair_design.rpt
Repair setup and hold violations...
estimate_parasitics -global_routing
repair_timing -setup_margin 0 -hold_margin 0 -repair_tns 100 -verbose
[INFO RSZ-0100] Repair move sequence: UnbufferMove SizeUpMove SwapPinsMove BufferMove CloneMove SplitLoadMove 
[INFO RSZ-0098] No setup violations found
[INFO RSZ-0505] Runtime: 0.76s
[INFO RSZ-0033] No hold violations found.
[INFO RSZ-0506] Runtime: 0.23s
global_route -start_incremental
detailed_placement
[INFO DPL-0006] Core area: 957204.28 um^2
[INFO DPL-0007] Movable instances area: 353734.26 um^2
[INFO DPL-0008] Fixed instances area within core: 16034.13 um^2
[INFO DPL-0009] Utilization: 38.6%
[INFO DPL-0005] Diamond search max displacement: +/- 500 sites horizontally, +/- 100 rows vertically.
[INFO DPL-1102] Legalizing using negotiation legalizer.
[INFO DPL-1103] Negotiation base search window: +/-20 sites horizontally, +/-5 rows vertically 
	Automatic search window extension enabled.
	Search window extendable up to the max displacement cap of +/-500 sites, +/-100 rows near walls.
[INFO DPL-1104] NegotiationLegalizer DRC penalty: 5.
[INFO DPL-0392] Negotiation cell height distribution (1 unique row-count(s)):
[INFO DPL-0393]   height 1 row(s): 42712 cells
[INFO DPL-0500] Runtime: 0.14s
Placement Analysis
---------------------------------
total displacement          0.0 u
average displacement        0.0 u
max displacement            0.0 u
original HPWL          866614.5 u
legalized HPWL         866614.5 u
delta HPWL                    0 %

check_placement -verbose
global_route -end_incremental -congestion_report_file ./reports/sky130hd/similarity_asic_transfer_local/base/congestion_post_repair_timing.rpt
estimate_parasitics -global_routing
global_route -start_incremental
global_route -end_incremental -congestion_report_file ./reports/sky130hd/similarity_asic_transfer_local/base/congestion_post_recover_power.rpt
Repair antennas...
[INFO GRT-0012] Found 119 antenna violations.
[INFO GRT-0302] Inserted 110 jumpers for 99 nets.
[INFO GRT-0012] Found 31 antenna violations.
[WARNING GRT-0243] Unable to repair antennas on net with diodes.
[INFO DPL-0006] Core area: 957204.28 um^2
[INFO DPL-0007] Movable instances area: 353196.24 um^2
[INFO DPL-0008] Fixed instances area within core: 16884.94 um^2
[INFO DPL-0009] Utilization: 38.7%
[INFO DPL-0005] Diamond search max displacement: +/- 500 sites horizontally, +/- 100 rows vertically.
[INFO DPL-1102] Legalizing using negotiation legalizer.
[INFO DPL-1103] Negotiation base search window: +/-20 sites horizontally, +/-5 rows vertically 
	Automatic search window extension enabled.
	Search window extendable up to the max displacement cap of +/-500 sites, +/-100 rows near walls.
[INFO DPL-1104] NegotiationLegalizer DRC penalty: 5.
[INFO DPL-0392] Negotiation cell height distribution (1 unique row-count(s)):
[INFO DPL-0393]   height 1 row(s): 42837 cells
          |      Total |  Illegal |  Illegal
Iteration | Violations |    Cells |    Sites
---------------------------------------------
        0 |         43 |        13 |        30
        1 |          0 |         0 |         0
Negotiation phase 1 converged at iteration 1.
[INFO DPL-0500] Runtime: 0.19s
[INFO GRT-0015] Inserted 125 diodes.
[INFO GRT-0012] Found 13 antenna violations.
[INFO GRT-0302] Inserted 5 jumpers for 5 nets.
[INFO GRT-0012] Found 8 antenna violations.
[INFO DPL-0006] Core area: 957204.28 um^2
[INFO DPL-0007] Movable instances area: 353881.90 um^2
[INFO DPL-0008] Fixed instances area within core: 16281.87 um^2
[INFO DPL-0009] Utilization: 38.7%
[INFO DPL-0005] Diamond search max displacement: +/- 500 sites horizontally, +/- 100 rows vertically.
[INFO DPL-1102] Legalizing using negotiation legalizer.
[INFO DPL-1103] Negotiation base search window: +/-20 sites horizontally, +/-5 rows vertically 
	Automatic search window extension enabled.
	Search window extendable up to the max displacement cap of +/-500 sites, +/-100 rows near walls.
[INFO DPL-1104] NegotiationLegalizer DRC penalty: 5.
[INFO DPL-0392] Negotiation cell height distribution (1 unique row-count(s)):
[INFO DPL-0393]   height 1 row(s): 42870 cells
          |      Total |  Illegal |  Illegal
Iteration | Violations |    Cells |    Sites
---------------------------------------------
        0 |         16 |         6 |        10
        1 |          0 |         0 |         0
Negotiation phase 1 converged at iteration 1.
[INFO DPL-0500] Runtime: 0.19s
[INFO GRT-0015] Inserted 33 diodes.
[INFO GRT-0012] Found 3 antenna violations.
[INFO GRT-0302] Inserted 1 jumpers for 1 nets.
[INFO GRT-0012] Found 2 antenna violations.
[INFO DPL-0006] Core area: 957204.28 um^2
[INFO DPL-0007] Movable instances area: 354089.60 um^2
[INFO DPL-0008] Fixed instances area within core: 16099.19 um^2
[INFO DPL-0009] Utilization: 38.7%
[INFO DPL-0005] Diamond search max displacement: +/- 500 sites horizontally, +/- 100 rows vertically.
[INFO DPL-1102] Legalizing using negotiation legalizer.
[INFO DPL-1103] Negotiation base search window: +/-20 sites horizontally, +/-5 rows vertically 
	Automatic search window extension enabled.
	Search window extendable up to the max displacement cap of +/-500 sites, +/-100 rows near walls.
[INFO DPL-1104] NegotiationLegalizer DRC penalty: 5.
[INFO DPL-0392] Negotiation cell height distribution (1 unique row-count(s)):
[INFO DPL-0393]   height 1 row(s): 42880 cells
          |      Total |  Illegal |  Illegal
Iteration | Violations |    Cells |    Sites
---------------------------------------------
        0 |          0 |         0 |         0
Negotiation phase 1 converged at iteration 0.
[INFO DPL-0500] Runtime: 0.17s
[INFO GRT-0015] Inserted 10 diodes.
[INFO GRT-0012] Found 0 antenna violations.
[INFO ANT-0002] Found 0 net violations.
[INFO ANT-0001] Found 0 pin violations.
Estimate parasitics...
estimate_parasitics -global_routing
Report metrics stage 5, global route...

==========================================================================
global route report_design_area
--------------------------------------------------------------------------
Design area 370189 um^2 39% utilization.
[INFO FLW-0007] clock clk period 20.000000
[INFO FLW-0008] Clock clk period 6.976
[INFO FLW-0009] Clock clk slack 12.657
write_sdc -no_timestamp ./results/sky130hd/similarity_asic_transfer_local/base/updated_clks.sdc
[INFO FLW-0011] Path endpoint path count 3471
write_db ./results/sky130hd/similarity_asic_transfer_local/base/5_1_grt.odb
write_sdc -no_timestamp ./results/sky130hd/similarity_asic_transfer_local/base/5_1_grt.sdc
Elapsed time: 2:21.95[h:]min:sec. CPU time: user 513.19 sys 1.20 (362%). Peak memory: 903388KB.
Log                       Ext     Elapsed/s Peak Memory/MB sha1sum result [0:20)
5_1_grt                   .odb          141            882 eb3a3f851cff364529eb
5_1_grt                   .sdc                             edba2204830c2b951516
/OpenROAD-flow-scripts/flow/scripts/flow.sh 5_2_route detail_route
Running detail_route.tcl, stage 5_2_route
read_liberty /OpenROAD-flow-scripts/flow/platforms/sky130hd/lib/sky130_fd_sc_hd__tt_025C_1v80.lib
read_db ./results/sky130hd/similarity_asic_transfer_local/base/5_1_grt.odb
read_sdc ./results/sky130hd/similarity_asic_transfer_local/base/5_1_grt.sdc
source /OpenROAD-flow-scripts/flow/platforms/sky130hd/setRC.tcl
detailed_route -output_drc ./reports/sky130hd/similarity_asic_transfer_local/base/5_route_drc.rpt -output_maze ./results/sky130hd/similarity_asic_transfer_local/base/maze.log -droute_end_iter 64 -verbose 1 -drc_report_iter_step 5
[INFO DRT-0149] Reading tech and libs.
[WARNING DRT-0349] LEF58_ENCLOSURE with no CUTCLASS is not supported. Skipping for layer mcon
[WARNING DRT-0349] LEF58_ENCLOSURE with no CUTCLASS is not supported. Skipping for layer mcon
[WARNING DRT-0349] LEF58_ENCLOSURE with no CUTCLASS is not supported. Skipping for layer via
[WARNING DRT-0349] LEF58_ENCLOSURE with no CUTCLASS is not supported. Skipping for layer via
[WARNING DRT-0349] LEF58_ENCLOSURE with no CUTCLASS is not supported. Skipping for layer via2
[WARNING DRT-0349] LEF58_ENCLOSURE with no CUTCLASS is not supported. Skipping for layer via2
[WARNING DRT-0349] LEF58_ENCLOSURE with no CUTCLASS is not supported. Skipping for layer via3
[WARNING DRT-0349] LEF58_ENCLOSURE with no CUTCLASS is not supported. Skipping for layer via3
[WARNING DRT-0349] LEF58_ENCLOSURE with no CUTCLASS is not supported. Skipping for layer via4
[WARNING DRT-0349] LEF58_ENCLOSURE with no CUTCLASS is not supported. Skipping for layer via4

Units:                1000
Number of layers:     13
Number of macros:     441
Number of vias:       29
Number of viarulegen: 25

[INFO DRT-0150] Reading design.

Design:                   similarity_asic_transfer_local
Die area:                 ( 0 0 ) ( 982900 982900 )
Number of track patterns: 12
Number of DEF vias:       0
Number of components:     42880
Number of terminals:      36
Number of snets:          2
Number of nets:           39544

[INFO DRT-0167] List of default vias:
  Layer via
    default via: M1M2_PR
  Layer via2
    default via: M2M3_PR
  Layer via3
    default via: M3M4_PR
  Layer via4
    default via: M4M5_PR
[INFO DRT-0162] Library cell analysis.
[INFO DRT-0163] Instance analysis.
[INFO DRT-0164] Number of unique instances = 220.
[INFO DRT-0168] Init region query.
[INFO DRT-0024]   Complete FR_MASTERSLICE.
[INFO DRT-0024]   Complete Fr_VIA.
[INFO DRT-0024]   Complete li1.
[INFO DRT-0024]   Complete mcon.
[INFO DRT-0024]   Complete met1.
[INFO DRT-0024]   Complete via.
[INFO DRT-0024]   Complete met2.
[INFO DRT-0024]   Complete via2.
[INFO DRT-0024]   Complete met3.
[INFO DRT-0024]   Complete via3.
[INFO DRT-0024]   Complete met4.
[INFO DRT-0024]   Complete via4.
[INFO DRT-0024]   Complete met5.
[INFO DRT-0033] FR_MASTERSLICE shape region query size = 0.
[INFO DRT-0033] FR_VIA shape region query size = 0.
[INFO DRT-0033] li1 shape region query size = 1159197.
[INFO DRT-0033] mcon shape region query size = 668422.
[INFO DRT-0033] met1 shape region query size = 247605.
[INFO DRT-0033] via shape region query size = 64800.
[INFO DRT-0033] met2 shape region query size = 38899.
[INFO DRT-0033] via2 shape region query size = 51840.
[INFO DRT-0033] met3 shape region query size = 38895.
[INFO DRT-0033] via3 shape region query size = 51840.
[INFO DRT-0033] met4 shape region query size = 15588.
[INFO DRT-0033] via4 shape region query size = 2556.
[INFO DRT-0033] met5 shape region query size = 2698.
[INFO DRT-0165] Start pin access.
[INFO DRT-0076]   Complete 1000 pins.
[INFO DRT-0078]   Complete 1772 pins.
[INFO DRT-0079]   Complete 100 unique inst patterns.
[INFO DRT-0079]   Complete 200 unique inst patterns.
[INFO DRT-0081]   Complete 220 unique inst patterns.
[INFO DRT-0082]   Complete 10000 groups.
[INFO DRT-0082]   Complete 20000 groups.
[INFO DRT-0084]   Complete 21245 groups.
#scanned instances     = 42880
#unique  instances     = 220
#stdCellGenAp          = 7557
#stdCellValidPlanarAp  = 90
#stdCellValidViaAp     = 5220
#stdCellPinNoAp        = 10
#stdCellPinCnt         = 111139
#instTermValidViaApCnt = 0
#macroGenAp            = 0
#macroValidPlanarAp    = 0
#macroValidViaAp       = 0
#macroNoAp             = 0
[INFO DRT-0166] Complete pin access.
[INFO DRT-0267] cpu time = 00:06:42, elapsed time = 00:01:42, memory = 581.32 (MB), peak = 594.60 (MB)
[INFO DRT-0156] guideIn read 100000 guides.
[INFO DRT-0156] guideIn read 200000 guides.

[INFO DRT-0157] Number of guides:     245135

[INFO DRT-0169] Post process guides.
[INFO DRT-0176] GCELLGRID X 0 DO 142 STEP 6900 ;
[INFO DRT-0177] GCELLGRID Y 0 DO 142 STEP 6900 ;
[INFO DRT-0026]   Complete 100000 origin guides.
[INFO DRT-0026]   Complete 200000 origin guides.
[INFO DRT-0028]   Complete FR_MASTERSLICE.
[INFO DRT-0028]   Complete Fr_VIA.
[INFO DRT-0028]   Complete li1.
[INFO DRT-0028]   Complete mcon.
[INFO DRT-0028]   Complete met1.
[INFO DRT-0028]   Complete via.
[INFO DRT-0028]   Complete met2.
[INFO DRT-0028]   Complete via2.
[INFO DRT-0028]   Complete met3.
[INFO DRT-0028]   Complete via3.
[INFO DRT-0028]   Complete met4.
[INFO DRT-0028]   Complete via4.
[INFO DRT-0028]   Complete met5.
[INFO DRT-0178] Init guide query.
[INFO DRT-0035]   Complete FR_MASTERSLICE (guide).
[INFO DRT-0035]   Complete Fr_VIA (guide).
[INFO DRT-0035]   Complete li1 (guide).
[INFO DRT-0035]   Complete mcon (guide).
[INFO DRT-0035]   Complete met1 (guide).
[INFO DRT-0035]   Complete via (guide).
[INFO DRT-0035]   Complete met2 (guide).
[INFO DRT-0035]   Complete via2 (guide).
[INFO DRT-0035]   Complete met3 (guide).
[INFO DRT-0035]   Complete via3 (guide).
[INFO DRT-0035]   Complete met4 (guide).
[INFO DRT-0035]   Complete via4 (guide).
[INFO DRT-0035]   Complete met5 (guide).
[INFO DRT-0036] FR_MASTERSLICE guide region query size = 0.
[INFO DRT-0036] FR_VIA guide region query size = 0.
[INFO DRT-0036] li1 guide region query size = 81902.
[INFO DRT-0036] mcon guide region query size = 0.
[INFO DRT-0036] met1 guide region query size = 74588.
[INFO DRT-0036] via guide region query size = 0.
[INFO DRT-0036] met2 guide region query size = 33782.
[INFO DRT-0036] via2 guide region query size = 0.
[INFO DRT-0036] met3 guide region query size = 1146.
[INFO DRT-0036] via3 guide region query size = 0.
[INFO DRT-0036] met4 guide region query size = 541.
[INFO DRT-0036] via4 guide region query size = 0.
[INFO DRT-0036] met5 guide region query size = 4.
[INFO DRT-0179] Init gr pin query.
[INFO DRT-0267] cpu time = 00:00:00, elapsed time = 00:00:00, memory = 656.00 (MB), peak = 655.82 (MB)
[INFO DRT-0245] skipped writing guide updates to database.
[INFO DRT-0181] Start track assignment.
[INFO DRT-0184] Done with 116225 vertical wires in 3 frboxes and 75738 horizontal wires in 3 frboxes.
[INFO DRT-0186] Done with 10338 vertical wires in 3 frboxes and 20137 horizontal wires in 3 frboxes.
[INFO DRT-0182] Complete track assignment.
[INFO DRT-0267] cpu time = 00:00:10, elapsed time = 00:00:04, memory = 996.91 (MB), peak = 996.68 (MB)
[INFO DRT-0187] Start routing data preparation.
[INFO DRT-0267] cpu time = 00:00:00, elapsed time = 00:00:00, memory = 996.98 (MB), peak = 996.68 (MB)
[INFO DRT-0194] Start detail routing.
[INFO DRT-0195] Start 0th optimization iteration.
    Completing 10% with 0 violations.
    elapsed time = 00:00:06, memory = 1172.18 (MB).
    Completing 20% with 0 violations.
    elapsed time = 00:00:14, memory = 1571.79 (MB).
    Completing 30% with 2441 violations.
    elapsed time = 00:00:23, memory = 1983.12 (MB).
    Completing 40% with 2441 violations.
    elapsed time = 00:00:35, memory = 1771.24 (MB).
    Completing 50% with 2441 violations.
    elapsed time = 00:00:44, memory = 1881.29 (MB).
    Completing 60% with 5174 violations.
    elapsed time = 00:00:53, memory = 1909.32 (MB).
    Completing 70% with 5174 violations.
    elapsed time = 00:01:04, memory = 1893.33 (MB).
    Completing 80% with 7975 violations.
    elapsed time = 00:01:16, memory = 2079.36 (MB).
    Completing 90% with 7975 violations.
    elapsed time = 00:01:27, memory = 1975.36 (MB).
    Completing 100% with 10991 violations.
    elapsed time = 00:01:42, memory = 1975.43 (MB).
[INFO DRT-0199]   Number of violations = 13176.
Viol/Layer         li1   mcon   met1   met2   met3   via3   met4
Cut Spacing          0     24      0      0      0      0      0
Metal Spacing        0      0   2182    480     14      0      4
Min Hole             0      0     53      0      0      0      0
Recheck             27      0   1495    649      9      0      5
Short                0      7   7479    739      2      1      6
[INFO DRT-0267] cpu time = 00:06:39, elapsed time = 00:01:43, memory = 1937.49 (MB), peak = 2099.22 (MB)
Total wire length = 978657 um.
Total wire length on LAYER li1 = 0 um.
Total wire length on LAYER met1 = 478128 um.
Total wire length on LAYER met2 = 439322 um.
Total wire length on LAYER met3 = 27325 um.
Total wire length on LAYER met4 = 33827 um.
Total wire length on LAYER met5 = 53 um.
Total number of vias = 212853.
Up-via summary (total 212853):

-------------------------
 FR_MASTERSLICE         0
            li1     98950
           met1    111362
           met2      1684
           met3       849
           met4         8
-------------------------
               212853


[INFO DRT-0195] Start 1st optimization iteration.
    Completing 10% with 13176 violations.
    elapsed time = 00:00:05, memory = 1997.49 (MB).
    Completing 20% with 13176 violations.
    elapsed time = 00:00:15, memory = 1983.49 (MB).
    Completing 30% with 11235 violations.
    elapsed time = 00:00:22, memory = 2026.07 (MB).
    Completing 40% with 11235 violations.
    elapsed time = 00:00:33, memory = 2040.07 (MB).
    Completing 50% with 11235 violations.
    elapsed time = 00:00:43, memory = 2044.07 (MB).
    Completing 60% with 9304 violations.
    elapsed time = 00:00:53, memory = 2046.09 (MB).
    Completing 70% with 9304 violations.
    elapsed time = 00:01:02, memory = 2062.09 (MB).
    Completing 80% with 7313 violations.
    elapsed time = 00:01:12, memory = 2092.18 (MB).
    Completing 90% with 7313 violations.
    elapsed time = 00:01:23, memory = 2054.18 (MB).
    Completing 100% with 5331 violations.
    elapsed time = 00:01:35, memory = 2002.18 (MB).
[INFO DRT-0199]   Number of violations = 5331.
Viol/Layer        mcon   met1   met2   met3
Cut Spacing         22      0      0      0
Metal Spacing        0    827    144      1
Min Hole             0      1      0      0
NS Metal             0      1      0      0
Short                0   4149    186      0
[INFO DRT-0267] cpu time = 00:06:08, elapsed time = 00:01:36, memory = 2006.18 (MB), peak = 2114.00 (MB)
Total wire length = 969075 um.
Total wire length on LAYER li1 = 0 um.
Total wire length on LAYER met1 = 473153 um.
Total wire length on LAYER met2 = 434955 um.
Total wire length on LAYER met3 = 27272 um.
Total wire length on LAYER met4 = 33638 um.
Total wire length on LAYER met5 = 55 um.
Total number of vias = 210277.
Up-via summary (total 210277):

-------------------------
 FR_MASTERSLICE         0
            li1     98898
           met1    108898
           met2      1636
           met3       837
           met4         8
-------------------------
               210277


[INFO DRT-0195] Start 2nd optimization iteration.
    Completing 10% with 5331 violations.
    elapsed time = 00:00:05, memory = 2110.18 (MB).
    Completing 20% with 5331 violations.
    elapsed time = 00:00:15, memory = 2114.18 (MB).
    Completing 30% with 5188 violations.
    elapsed time = 00:00:21, memory = 2096.18 (MB).
    Completing 40% with 5188 violations.
    elapsed time = 00:00:31, memory = 2096.18 (MB).
    Completing 50% with 5188 violations.
    elapsed time = 00:00:41, memory = 2102.18 (MB).
    Completing 60% with 5018 violations.
    elapsed time = 00:00:49, memory = 2120.18 (MB).
    Completing 70% with 5018 violations.
    elapsed time = 00:00:58, memory = 2118.18 (MB).
    Completing 80% with 4858 violations.
    elapsed time = 00:01:08, memory = 2108.18 (MB).
    Completing 90% with 4858 violations.
    elapsed time = 00:01:19, memory = 2102.18 (MB).
    Completing 100% with 4570 violations.
    elapsed time = 00:01:30, memory = 2118.19 (MB).
[INFO DRT-0199]   Number of violations = 4570.
Viol/Layer        mcon   met1   met2   met4
Cut Spacing         20      0      0      0
Metal Spacing        0    660    109      1
Short                0   3620    160      0
[INFO DRT-0267] cpu time = 00:05:46, elapsed time = 00:01:31, memory = 2118.19 (MB), peak = 2140.00 (MB)
Total wire length = 967214 um.
Total wire length on LAYER li1 = 0 um.
Total wire length on LAYER met1 = 471946 um.
Total wire length on LAYER met2 = 434255 um.
Total wire length on LAYER met3 = 27350 um.
Total wire length on LAYER met4 = 33613 um.
Total wire length on LAYER met5 = 48 um.
Total number of vias = 209813.
Up-via summary (total 209813):

-------------------------
 FR_MASTERSLICE         0
            li1     98931
           met1    108405
           met2      1651
           met3       818
           met4         8
-------------------------
               209813


[INFO DRT-0195] Start 3rd optimization iteration.
    Completing 10% with 4570 violations.
    elapsed time = 00:00:04, memory = 2128.19 (MB).
    Completing 20% with 4570 violations.
    elapsed time = 00:00:09, memory = 2126.19 (MB).
    Completing 30% with 3518 violations.
    elapsed time = 00:00:15, memory = 2118.19 (MB).
    Completing 40% with 3518 violations.
    elapsed time = 00:00:20, memory = 2120.19 (MB).
    Completing 50% with 3518 violations.
    elapsed time = 00:00:26, memory = 2132.19 (MB).
    Completing 60% with 2481 violations.
    elapsed time = 00:00:34, memory = 2112.19 (MB).
    Completing 70% with 2481 violations.
    elapsed time = 00:00:40, memory = 2120.19 (MB).
    Completing 80% with 1350 violations.
    elapsed time = 00:00:50, memory = 2100.19 (MB).
    Completing 90% with 1350 violations.
    elapsed time = 00:00:56, memory = 2120.19 (MB).
    Completing 100% with 212 violations.
    elapsed time = 00:01:06, memory = 2096.19 (MB).
[INFO DRT-0199]   Number of violations = 212.
Viol/Layer        mcon   met1   met2
Cut Spacing          1      0      0
Metal Spacing        0     51     14
Min Hole             0      1      0
Short                0    132     13
[INFO DRT-0267] cpu time = 00:04:01, elapsed time = 00:01:06, memory = 2088.19 (MB), peak = 2154.01 (MB)
Total wire length = 966555 um.
Total wire length on LAYER li1 = 0 um.
Total wire length on LAYER met1 = 458028 um.
Total wire length on LAYER met2 = 435424 um.
Total wire length on LAYER met3 = 39281 um.
Total wire length on LAYER met4 = 33771 um.
Total wire length on LAYER met5 = 48 um.
Total number of vias = 212898.
Up-via summary (total 212898):

-------------------------
 FR_MASTERSLICE         0
            li1     98924
           met1    109864
           met2      3272
           met3       830
           met4         8
-------------------------
               212898


[INFO DRT-0195] Start 4th optimization iteration.
    Completing 10% with 212 violations.
    elapsed time = 00:00:00, memory = 2088.19 (MB).
    Completing 20% with 212 violations.
    elapsed time = 00:00:00, memory = 2090.19 (MB).
    Completing 30% with 151 violations.
    elapsed time = 00:00:00, memory = 2088.19 (MB).
    Completing 40% with 151 violations.
    elapsed time = 00:00:01, memory = 2088.19 (MB).
    Completing 50% with 151 violations.
    elapsed time = 00:00:01, memory = 2088.19 (MB).
    Completing 60% with 122 violations.
    elapsed time = 00:00:02, memory = 2088.19 (MB).
    Completing 70% with 122 violations.
    elapsed time = 00:00:02, memory = 2090.19 (MB).
    Completing 80% with 61 violations.
    elapsed time = 00:00:03, memory = 2090.19 (MB).
    Completing 90% with 61 violations.
    elapsed time = 00:00:03, memory = 2090.19 (MB).
    Completing 100% with 0 violations.
    elapsed time = 00:00:04, memory = 2090.19 (MB).
[INFO DRT-0199]   Number of violations = 0.
[INFO DRT-0267] cpu time = 00:00:15, elapsed time = 00:00:04, memory = 2090.19 (MB), peak = 2154.01 (MB)
Total wire length = 966494 um.
Total wire length on LAYER li1 = 0 um.
Total wire length on LAYER met1 = 457803 um.
Total wire length on LAYER met2 = 435418 um.
Total wire length on LAYER met3 = 39452 um.
Total wire length on LAYER met4 = 33771 um.
Total wire length on LAYER met5 = 48 um.
Total number of vias = 212912.
Up-via summary (total 212912):

-------------------------
 FR_MASTERSLICE         0
            li1     98922
           met1    109877
           met2      3275
           met3       830
           met4         8
-------------------------
               212912


[INFO DRT-0198] Complete detail routing.
Total wire length = 966494 um.
Total wire length on LAYER li1 = 0 um.
Total wire length on LAYER met1 = 457803 um.
Total wire length on LAYER met2 = 435418 um.
Total wire length on LAYER met3 = 39452 um.
Total wire length on LAYER met4 = 33771 um.
Total wire length on LAYER met5 = 48 um.
Total number of vias = 212912.
Up-via summary (total 212912):

-------------------------
 FR_MASTERSLICE         0
            li1     98922
           met1    109877
           met2      3275
           met3       830
           met4         8
-------------------------
               212912


[INFO DRT-0267] cpu time = 00:22:52, elapsed time = 00:06:01, memory = 2090.25 (MB), peak = 2154.01 (MB)

[INFO DRT-0180] Post processing.
[INFO DRT-0501] Runtime: 469.19s
Took 470 seconds: detailed_route -output_drc ./reports/sky130hd/similarity_asic_transfer_local/base/5_route_drc.rpt -output_maze ./results/sky130hd/similarity_asic_transfer_local/base/maze.log -droute_end_iter 64 -verbose 1 -drc_report_iter_step 5
[INFO GRT-0012] Found 23 antenna violations.
[INFO DPL-0006] Core area: 957204.28 um^2
[INFO DPL-0007] Movable instances area: 0.00 um^2
[INFO DPL-0008] Fixed instances area within core: 370246.35 um^2
[INFO DPL-0009] Utilization: 38.7%
[INFO DPL-0005] Diamond search max displacement: +/- 500 sites horizontally, +/- 100 rows vertically.
[INFO DPL-1102] Legalizing using negotiation legalizer.
[INFO DPL-1103] Negotiation base search window: +/-20 sites horizontally, +/-5 rows vertically 
	Automatic search window extension enabled.
	Search window extendable up to the max displacement cap of +/-500 sites, +/-100 rows near walls.
[INFO DPL-1104] NegotiationLegalizer DRC penalty: 5.
[INFO DPL-0392] Negotiation cell height distribution (1 unique row-count(s)):
[INFO DPL-0393]   height 1 row(s): 42903 cells
[INFO DPL-0500] Runtime: 0.15s
[INFO GRT-0015] Inserted 23 diodes.
[INFO DRT-0024]   Complete FR_MASTERSLICE.
[INFO DRT-0024]   Complete Fr_VIA.
[INFO DRT-0024]   Complete li1.
[INFO DRT-0024]   Complete mcon.
[INFO DRT-0024]   Complete met1.
[INFO DRT-0024]   Complete via.
[INFO DRT-0024]   Complete met2.
[INFO DRT-0024]   Complete via2.
[INFO DRT-0024]   Complete met3.
[INFO DRT-0024]   Complete via3.
[INFO DRT-0024]   Complete met4.
[INFO DRT-0024]   Complete via4.
[INFO DRT-0024]   Complete met5.
[INFO DRT-0165] Start pin access.
[INFO DRT-0076]   Complete 1000 pins.
[INFO DRT-0078]   Complete 1772 pins.
[INFO DRT-0079]   Complete 100 unique inst patterns.
[INFO DRT-0079]   Complete 200 unique inst patterns.
[INFO DRT-0081]   Complete 220 unique inst patterns.
[INFO DRT-0082]   Complete 10000 groups.
[INFO DRT-0082]   Complete 20000 groups.
[INFO DRT-0084]   Complete 21251 groups.
#scanned instances     = 42903
#unique  instances     = 220
#stdCellGenAp          = 7557
#stdCellValidPlanarAp  = 90
#stdCellValidViaAp     = 5220
#stdCellPinNoAp        = 10
#stdCellPinCnt         = 111139
#instTermValidViaApCnt = 0
#macroGenAp            = 0
#macroValidPlanarAp    = 0
#macroValidViaAp       = 0
#macroNoAp             = 0
[INFO DRT-0166] Complete pin access.
[INFO DRT-0267] cpu time = 00:06:42, elapsed time = 00:01:42, memory = 1959.89 (MB), peak = 2154.01 (MB)
[INFO DRT-0156] guideIn read 100000 guides.
[INFO DRT-0156] guideIn read 200000 guides.

[INFO DRT-0157] Number of guides:     245104

[INFO DRT-0169] Post process guides.
[INFO DRT-0176] GCELLGRID X 0 DO 142 STEP 6900 ;
[INFO DRT-0177] GCELLGRID Y 0 DO 142 STEP 6900 ;
[INFO DRT-0026]   Complete 100000 origin guides.
[INFO DRT-0026]   Complete 200000 origin guides.
[INFO DRT-0028]   Complete FR_MASTERSLICE.
[INFO DRT-0028]   Complete Fr_VIA.
[INFO DRT-0028]   Complete li1.
[INFO DRT-0028]   Complete mcon.
[INFO DRT-0028]   Complete met1.
[INFO DRT-0028]   Complete via.
[INFO DRT-0028]   Complete met2.
[INFO DRT-0028]   Complete via2.
[INFO DRT-0028]   Complete met3.
[INFO DRT-0028]   Complete via3.
[INFO DRT-0028]   Complete met4.
[INFO DRT-0028]   Complete via4.
[INFO DRT-0028]   Complete met5.
[INFO DRT-0178] Init guide query.
[INFO DRT-0035]   Complete FR_MASTERSLICE (guide).
[INFO DRT-0035]   Complete Fr_VIA (guide).
[INFO DRT-0035]   Complete li1 (guide).
[INFO DRT-0035]   Complete mcon (guide).
[INFO DRT-0035]   Complete met1 (guide).
[INFO DRT-0035]   Complete via (guide).
[INFO DRT-0035]   Complete met2 (guide).
[INFO DRT-0035]   Complete via2 (guide).
[INFO DRT-0035]   Complete met3 (guide).
[INFO DRT-0035]   Complete via3 (guide).
[INFO DRT-0035]   Complete met4 (guide).
[INFO DRT-0035]   Complete via4 (guide).
[INFO DRT-0035]   Complete met5 (guide).
[INFO DRT-0036] FR_MASTERSLICE guide region query size = 0.
[INFO DRT-0036] FR_VIA guide region query size = 0.
[INFO DRT-0036] li1 guide region query size = 81912.
[INFO DRT-0036] mcon guide region query size = 0.
[INFO DRT-0036] met1 guide region query size = 74581.
[INFO DRT-0036] via guide region query size = 0.
[INFO DRT-0036] met2 guide region query size = 33770.
[INFO DRT-0036] via2 guide region query size = 0.
[INFO DRT-0036] met3 guide region query size = 1139.
[INFO DRT-0036] via3 guide region query size = 0.
[INFO DRT-0036] met4 guide region query size = 540.
[INFO DRT-0036] via4 guide region query size = 0.
[INFO DRT-0036] met5 guide region query size = 4.
[INFO DRT-0179] Init gr pin query.
[INFO DRT-0267] cpu time = 00:00:00, elapsed time = 00:00:00, memory = 1959.89 (MB), peak = 2154.01 (MB)
[INFO DRT-0245] skipped writing guide updates to database.
[INFO DRT-0181] Start track assignment.
[INFO DRT-0184] Done with 116222 vertical wires in 3 frboxes and 75724 horizontal wires in 3 frboxes.
[INFO DRT-0186] Done with 10431 vertical wires in 3 frboxes and 20125 horizontal wires in 3 frboxes.
[INFO DRT-0182] Complete track assignment.
[INFO DRT-0267] cpu time = 00:00:11, elapsed time = 00:00:04, memory = 2175.89 (MB), peak = 2175.77 (MB)
[INFO DRT-0187] Start routing data preparation.
[INFO DRT-0267] cpu time = 00:00:00, elapsed time = 00:00:00, memory = 2175.89 (MB), peak = 2175.77 (MB)
[INFO DRT-0194] Start detail routing.
[INFO DRT-0195] Start 0th optimization iteration.
    Completing 10% with 0 violations.
    elapsed time = 00:00:02, memory = 2175.90 (MB).
    Completing 20% with 0 violations.
    elapsed time = 00:00:05, memory = 2112.97 (MB).
    Completing 30% with 123 violations.
    elapsed time = 00:00:09, memory = 2272.68 (MB).
    Completing 40% with 123 violations.
    elapsed time = 00:00:12, memory = 2250.80 (MB).
    Completing 50% with 123 violations.
    elapsed time = 00:00:15, memory = 2234.84 (MB).
    Completing 60% with 286 violations.
    elapsed time = 00:00:18, memory = 2222.86 (MB).
    Completing 70% with 286 violations.
    elapsed time = 00:00:22, memory = 2222.87 (MB).
    Completing 80% with 369 violations.
    elapsed time = 00:00:26, memory = 2268.88 (MB).
    Completing 90% with 369 violations.
    elapsed time = 00:00:29, memory = 2268.88 (MB).
    Completing 100% with 483 violations.
    elapsed time = 00:00:33, memory = 2250.88 (MB).
[INFO DRT-0199]   Number of violations = 597.
Viol/Layer        mcon   met1   met2
Metal Spacing        0     40     28
Recheck              0     82     32
Short                1    325     89
[INFO DRT-0267] cpu time = 00:02:07, elapsed time = 00:00:33, memory = 2238.88 (MB), peak = 2292.75 (MB)
Total wire length = 966891 um.
Total wire length on LAYER li1 = 0 um.
Total wire length on LAYER met1 = 458650 um.
Total wire length on LAYER met2 = 435607 um.
Total wire length on LAYER met3 = 38813 um.
Total wire length on LAYER met4 = 33771 um.
Total wire length on LAYER met5 = 48 um.
Total number of vias = 212985.
Up-via summary (total 212985):

-------------------------
 FR_MASTERSLICE         0
            li1     98954
           met1    109989
           met2      3204
           met3       830
           met4         8
-------------------------
               212985


[INFO DRT-0195] Start 1st optimization iteration.
    Completing 10% with 597 violations.
    elapsed time = 00:00:02, memory = 2238.88 (MB).
    Completing 20% with 597 violations.
    elapsed time = 00:00:05, memory = 2238.88 (MB).
    Completing 30% with 513 violations.
    elapsed time = 00:00:08, memory = 2238.89 (MB).
    Completing 40% with 513 violations.
    elapsed time = 00:00:11, memory = 2238.89 (MB).
    Completing 50% with 513 violations.
    elapsed time = 00:00:15, memory = 2238.89 (MB).
    Completing 60% with 363 violations.
    elapsed time = 00:00:18, memory = 2238.89 (MB).
    Completing 70% with 363 violations.
    elapsed time = 00:00:21, memory = 2238.89 (MB).
    Completing 80% with 246 violations.
    elapsed time = 00:00:25, memory = 2238.89 (MB).
    Completing 90% with 246 violations.
    elapsed time = 00:00:28, memory = 2238.89 (MB).
    Completing 100% with 133 violations.
    elapsed time = 00:00:32, memory = 2238.89 (MB).
[INFO DRT-0199]   Number of violations = 133.
Viol/Layer        met1   met2
Metal Spacing        3      4
Short              113     13
[INFO DRT-0267] cpu time = 00:02:03, elapsed time = 00:00:33, memory = 2238.89 (MB), peak = 2292.75 (MB)
Total wire length = 966707 um.
Total wire length on LAYER li1 = 0 um.
Total wire length on LAYER met1 = 458559 um.
Total wire length on LAYER met2 = 435501 um.
Total wire length on LAYER met3 = 38826 um.
Total wire length on LAYER met4 = 33771 um.
Total wire length on LAYER met5 = 48 um.
Total number of vias = 212904.
Up-via summary (total 212904):

-------------------------
 FR_MASTERSLICE         0
            li1     98955
           met1    109902
           met2      3209
           met3       830
           met4         8
-------------------------
               212904


[INFO DRT-0195] Start 2nd optimization iteration.
    Completing 10% with 133 violations.
    elapsed time = 00:00:00, memory = 2238.89 (MB).
    Completing 20% with 133 violations.
    elapsed time = 00:00:00, memory = 2238.89 (MB).
    Completing 30% with 120 violations.
    elapsed time = 00:00:01, memory = 2238.89 (MB).
    Completing 40% with 120 violations.
    elapsed time = 00:00:01, memory = 2238.89 (MB).
    Completing 50% with 120 violations.
    elapsed time = 00:00:02, memory = 2250.89 (MB).
    Completing 60% with 113 violations.
    elapsed time = 00:00:02, memory = 2248.89 (MB).
    Completing 70% with 113 violations.
    elapsed time = 00:00:03, memory = 2248.89 (MB).
    Completing 80% with 118 violations.
    elapsed time = 00:00:04, memory = 2246.89 (MB).
    Completing 90% with 118 violations.
    elapsed time = 00:00:04, memory = 2246.89 (MB).
    Completing 100% with 123 violations.
    elapsed time = 00:00:05, memory = 2244.89 (MB).
[INFO DRT-0199]   Number of violations = 123.
Viol/Layer        met1   met2
Metal Spacing        3      5
Short              104     11
[INFO DRT-0267] cpu time = 00:00:17, elapsed time = 00:00:05, memory = 2244.89 (MB), peak = 2292.75 (MB)
Total wire length = 966670 um.
Total wire length on LAYER li1 = 0 um.
Total wire length on LAYER met1 = 458543 um.
Total wire length on LAYER met2 = 435480 um.
Total wire length on LAYER met3 = 38824 um.
Total wire length on LAYER met4 = 33771 um.
Total wire length on LAYER met5 = 48 um.
Total number of vias = 212895.
Up-via summary (total 212895):

-------------------------
 FR_MASTERSLICE         0
            li1     98955
           met1    109895
           met2      3207
           met3       830
           met4         8
-------------------------
               212895


[INFO DRT-0195] Start 3rd optimization iteration.
    Completing 10% with 123 violations.
    elapsed time = 00:00:00, memory = 2244.89 (MB).
    Completing 20% with 123 violations.
    elapsed time = 00:00:00, memory = 2244.89 (MB).
    Completing 30% with 102 violations.
    elapsed time = 00:00:00, memory = 2244.89 (MB).
    Completing 40% with 102 violations.
    elapsed time = 00:00:01, memory = 2244.89 (MB).
    Completing 50% with 102 violations.
    elapsed time = 00:00:01, memory = 2244.89 (MB).
    Completing 60% with 48 violations.
    elapsed time = 00:00:02, memory = 2244.89 (MB).
    Completing 70% with 48 violations.
    elapsed time = 00:00:02, memory = 2244.89 (MB).
    Completing 80% with 41 violations.
    elapsed time = 00:00:02, memory = 2244.89 (MB).
    Completing 90% with 41 violations.
    elapsed time = 00:00:03, memory = 2244.89 (MB).
    Completing 100% with 0 violations.
    elapsed time = 00:00:04, memory = 2244.89 (MB).
[INFO DRT-0199]   Number of violations = 0.
[INFO DRT-0267] cpu time = 00:00:14, elapsed time = 00:00:04, memory = 2244.89 (MB), peak = 2292.75 (MB)
Total wire length = 966663 um.
Total wire length on LAYER li1 = 0 um.
Total wire length on LAYER met1 = 457741 um.
Total wire length on LAYER met2 = 435559 um.
Total wire length on LAYER met3 = 39547 um.
Total wire length on LAYER met4 = 33765 um.
Total wire length on LAYER met5 = 48 um.
Total number of vias = 212986.
Up-via summary (total 212986):

-------------------------
 FR_MASTERSLICE         0
            li1     98956
           met1    109933
           met2      3259
           met3       830
           met4         8
-------------------------
               212986


[INFO DRT-0198] Complete detail routing.
Total wire length = 966663 um.
Total wire length on LAYER li1 = 0 um.
Total wire length on LAYER met1 = 457741 um.
Total wire length on LAYER met2 = 435559 um.
Total wire length on LAYER met3 = 39547 um.
Total wire length on LAYER met4 = 33765 um.
Total wire length on LAYER met5 = 48 um.
Total number of vias = 212986.
Up-via summary (total 212986):

-------------------------
 FR_MASTERSLICE         0
            li1     98956
           met1    109933
           met2      3259
           met3       830
           met4         8
-------------------------
               212986


[INFO DRT-0267] cpu time = 00:04:41, elapsed time = 00:01:16, memory = 2244.96 (MB), peak = 2292.75 (MB)

[INFO DRT-0180] Post processing.
[INFO DRT-0501] Runtime: 184.66s
[INFO ANT-0002] Found 1 net violations.
[INFO ANT-0001] Found 1 pin violations.
[INFO GRT-0012] Found 1 antenna violations.
[INFO DPL-0006] Core area: 957204.28 um^2
[INFO DPL-0007] Movable instances area: 0.00 um^2
[INFO DPL-0008] Fixed instances area within core: 370248.85 um^2
[INFO DPL-0009] Utilization: 38.7%
[INFO DPL-0005] Diamond search max displacement: +/- 500 sites horizontally, +/- 100 rows vertically.
[INFO DPL-1102] Legalizing using negotiation legalizer.
[INFO DPL-1103] Negotiation base search window: +/-20 sites horizontally, +/-5 rows vertically 
	Automatic search window extension enabled.
	Search window extendable up to the max displacement cap of +/-500 sites, +/-100 rows near walls.
[INFO DPL-1104] NegotiationLegalizer DRC penalty: 5.
[INFO DPL-0392] Negotiation cell height distribution (1 unique row-count(s)):
[INFO DPL-0393]   height 1 row(s): 42904 cells
[INFO DPL-0500] Runtime: 0.17s
[INFO GRT-0015] Inserted 1 diodes.
[INFO DRT-0024]   Complete FR_MASTERSLICE.
[INFO DRT-0024]   Complete Fr_VIA.
[INFO DRT-0024]   Complete li1.
[INFO DRT-0024]   Complete mcon.
[INFO DRT-0024]   Complete met1.
[INFO DRT-0024]   Complete via.
[INFO DRT-0024]   Complete met2.
[INFO DRT-0024]   Complete via2.
[INFO DRT-0024]   Complete met3.
[INFO DRT-0024]   Complete via3.
[INFO DRT-0024]   Complete met4.
[INFO DRT-0024]   Complete via4.
[INFO DRT-0024]   Complete met5.
[INFO DRT-0165] Start pin access.
[INFO DRT-0076]   Complete 1000 pins.
[INFO DRT-0078]   Complete 1772 pins.
[INFO DRT-0079]   Complete 100 unique inst patterns.
[INFO DRT-0079]   Complete 200 unique inst patterns.
[INFO DRT-0081]   Complete 220 unique inst patterns.
[INFO DRT-0082]   Complete 10000 groups.
[INFO DRT-0082]   Complete 20000 groups.
[INFO DRT-0084]   Complete 21252 groups.
#scanned instances     = 42904
#unique  instances     = 220
#stdCellGenAp          = 7557
#stdCellValidPlanarAp  = 90
#stdCellValidViaAp     = 5220
#stdCellPinNoAp        = 10
#stdCellPinCnt         = 111139
#instTermValidViaApCnt = 0
#macroGenAp            = 0
#macroValidPlanarAp    = 0
#macroValidViaAp       = 0
#macroNoAp             = 0
[INFO DRT-0166] Complete pin access.
[INFO DRT-0267] cpu time = 00:06:50, elapsed time = 00:01:44, memory = 2234.96 (MB), peak = 2312.75 (MB)
[INFO DRT-0156] guideIn read 100000 guides.
[INFO DRT-0156] guideIn read 200000 guides.

[INFO DRT-0157] Number of guides:     245087

[INFO DRT-0169] Post process guides.
[INFO DRT-0176] GCELLGRID X 0 DO 142 STEP 6900 ;
[INFO DRT-0177] GCELLGRID Y 0 DO 142 STEP 6900 ;
[INFO DRT-0026]   Complete 100000 origin guides.
[INFO DRT-0026]   Complete 200000 origin guides.
[INFO DRT-0028]   Complete FR_MASTERSLICE.
[INFO DRT-0028]   Complete Fr_VIA.
[INFO DRT-0028]   Complete li1.
[INFO DRT-0028]   Complete mcon.
[INFO DRT-0028]   Complete met1.
[INFO DRT-0028]   Complete via.
[INFO DRT-0028]   Complete met2.
[INFO DRT-0028]   Complete via2.
[INFO DRT-0028]   Complete met3.
[INFO DRT-0028]   Complete via3.
[INFO DRT-0028]   Complete met4.
[INFO DRT-0028]   Complete via4.
[INFO DRT-0028]   Complete met5.
[INFO DRT-0178] Init guide query.
[INFO DRT-0035]   Complete FR_MASTERSLICE (guide).
[INFO DRT-0035]   Complete Fr_VIA (guide).
[INFO DRT-0035]   Complete li1 (guide).
[INFO DRT-0035]   Complete mcon (guide).
[INFO DRT-0035]   Complete met1 (guide).
[INFO DRT-0035]   Complete via (guide).
[INFO DRT-0035]   Complete met2 (guide).
[INFO DRT-0035]   Complete via2 (guide).
[INFO DRT-0035]   Complete met3 (guide).
[INFO DRT-0035]   Complete via3 (guide).
[INFO DRT-0035]   Complete met4 (guide).
[INFO DRT-0035]   Complete via4 (guide).
[INFO DRT-0035]   Complete met5 (guide).
[INFO DRT-0036] FR_MASTERSLICE guide region query size = 0.
[INFO DRT-0036] FR_VIA guide region query size = 0.
[INFO DRT-0036] li1 guide region query size = 81913.
[INFO DRT-0036] mcon guide region query size = 0.
[INFO DRT-0036] met1 guide region query size = 74580.
[INFO DRT-0036] via guide region query size = 0.
[INFO DRT-0036] met2 guide region query size = 33765.
[INFO DRT-0036] via2 guide region query size = 0.
[INFO DRT-0036] met3 guide region query size = 1136.
[INFO DRT-0036] via3 guide region query size = 0.
[INFO DRT-0036] met4 guide region query size = 539.
[INFO DRT-0036] via4 guide region query size = 0.
[INFO DRT-0036] met5 guide region query size = 4.
[INFO DRT-0179] Init gr pin query.
[INFO DRT-0267] cpu time = 00:00:00, elapsed time = 00:00:00, memory = 2234.96 (MB), peak = 2312.75 (MB)
[INFO DRT-0245] skipped writing guide updates to database.
[INFO DRT-0181] Start track assignment.
[INFO DRT-0184] Done with 116217 vertical wires in 3 frboxes and 75720 horizontal wires in 3 frboxes.
[INFO DRT-0186] Done with 10415 vertical wires in 3 frboxes and 20156 horizontal wires in 3 frboxes.
[INFO DRT-0182] Complete track assignment.
[INFO DRT-0267] cpu time = 00:00:10, elapsed time = 00:00:04, memory = 2490.96 (MB), peak = 2490.78 (MB)
[INFO DRT-0187] Start routing data preparation.
[INFO DRT-0267] cpu time = 00:00:00, elapsed time = 00:00:00, memory = 2490.96 (MB), peak = 2490.78 (MB)
[INFO DRT-0194] Start detail routing.
[INFO DRT-0195] Start 0th optimization iteration.
    Completing 10% with 0 violations.
    elapsed time = 00:00:02, memory = 2490.96 (MB).
    Completing 20% with 0 violations.
    elapsed time = 00:00:04, memory = 2490.96 (MB).
    Completing 30% with 2 violations.
    elapsed time = 00:00:08, memory = 2412.96 (MB).
    Completing 40% with 2 violations.
    elapsed time = 00:00:11, memory = 2412.96 (MB).
    Completing 50% with 2 violations.
    elapsed time = 00:00:14, memory = 2412.96 (MB).
    Completing 60% with 76 violations.
    elapsed time = 00:00:18, memory = 2402.96 (MB).
    Completing 70% with 76 violations.
    elapsed time = 00:00:21, memory = 2376.96 (MB).
    Completing 80% with 79 violations.
    elapsed time = 00:00:25, memory = 2376.96 (MB).
    Completing 90% with 79 violations.
    elapsed time = 00:00:28, memory = 2388.96 (MB).
    Completing 100% with 144 violations.
    elapsed time = 00:00:32, memory = 2362.96 (MB).
[INFO DRT-0199]   Number of violations = 147.
Viol/Layer        met1   met2
Metal Spacing        4      5
Recheck              3      0
Short              113     22
[INFO DRT-0267] cpu time = 00:02:01, elapsed time = 00:00:32, memory = 2362.96 (MB), peak = 2490.78 (MB)
Total wire length = 966734 um.
Total wire length on LAYER li1 = 0 um.
Total wire length on LAYER met1 = 457873 um.
Total wire length on LAYER met2 = 435594 um.
Total wire length on LAYER met3 = 39478 um.
Total wire length on LAYER met4 = 33738 um.
Total wire length on LAYER met5 = 48 um.
Total number of vias = 212971.
Up-via summary (total 212971):

-------------------------
 FR_MASTERSLICE         0
            li1     98957
           met1    109926
           met2      3252
           met3       828
           met4         8
-------------------------
               212971


[INFO DRT-0195] Start 1st optimization iteration.
    Completing 10% with 147 violations.
    elapsed time = 00:00:02, memory = 2362.97 (MB).
    Completing 20% with 147 violations.
    elapsed time = 00:00:05, memory = 2362.97 (MB).
    Completing 30% with 144 violations.
    elapsed time = 00:00:08, memory = 2358.97 (MB).
    Completing 40% with 144 violations.
    elapsed time = 00:00:11, memory = 2358.97 (MB).
    Completing 50% with 144 violations.
    elapsed time = 00:00:14, memory = 2358.97 (MB).
    Completing 60% with 114 violations.
    elapsed time = 00:00:18, memory = 2356.97 (MB).
    Completing 70% with 114 violations.
    elapsed time = 00:00:21, memory = 2356.97 (MB).
    Completing 80% with 118 violations.
    elapsed time = 00:00:24, memory = 2352.97 (MB).
    Completing 90% with 118 violations.
    elapsed time = 00:00:27, memory = 2352.97 (MB).
    Completing 100% with 118 violations.
    elapsed time = 00:00:31, memory = 2350.97 (MB).
[INFO DRT-0199]   Number of violations = 118.
Viol/Layer        met1   met2
Metal Spacing        7      1
Short               92     18
[INFO DRT-0267] cpu time = 00:02:00, elapsed time = 00:00:32, memory = 2350.97 (MB), peak = 2490.78 (MB)
Total wire length = 966744 um.
Total wire length on LAYER li1 = 0 um.
Total wire length on LAYER met1 = 457884 um.
Total wire length on LAYER met2 = 435593 um.
Total wire length on LAYER met3 = 39478 um.
Total wire length on LAYER met4 = 33738 um.
Total wire length on LAYER met5 = 48 um.
Total number of vias = 212972.
Up-via summary (total 212972):

-------------------------
 FR_MASTERSLICE         0
            li1     98957
           met1    109927
           met2      3252
           met3       828
           met4         8
-------------------------
               212972


[INFO DRT-0195] Start 2nd optimization iteration.
    Completing 10% with 118 violations.
    elapsed time = 00:00:00, memory = 2350.97 (MB).
    Completing 20% with 118 violations.
    elapsed time = 00:00:00, memory = 2350.97 (MB).
    Completing 30% with 126 violations.
    elapsed time = 00:00:00, memory = 2350.97 (MB).
    Completing 40% with 126 violations.
    elapsed time = 00:00:00, memory = 2350.97 (MB).
    Completing 50% with 126 violations.
    elapsed time = 00:00:00, memory = 2350.97 (MB).
    Completing 60% with 126 violations.
    elapsed time = 00:00:01, memory = 2350.97 (MB).
    Completing 70% with 126 violations.
    elapsed time = 00:00:01, memory = 2350.97 (MB).
    Completing 80% with 114 violations.
    elapsed time = 00:00:02, memory = 2350.97 (MB).
    Completing 90% with 114 violations.
    elapsed time = 00:00:02, memory = 2350.97 (MB).
    Completing 100% with 114 violations.
    elapsed time = 00:00:02, memory = 2350.97 (MB).
[INFO DRT-0199]   Number of violations = 114.
Viol/Layer        met1   met2
Metal Spacing        0      3
Short               92     19
[INFO DRT-0267] cpu time = 00:00:06, elapsed time = 00:00:02, memory = 2350.97 (MB), peak = 2490.78 (MB)
Total wire length = 966739 um.
Total wire length on LAYER li1 = 0 um.
Total wire length on LAYER met1 = 457875 um.
Total wire length on LAYER met2 = 435598 um.
Total wire length on LAYER met3 = 39478 um.
Total wire length on LAYER met4 = 33738 um.
Total wire length on LAYER met5 = 48 um.
Total number of vias = 212973.
Up-via summary (total 212973):

-------------------------
 FR_MASTERSLICE         0
            li1     98957
           met1    109928
           met2      3252
           met3       828
           met4         8
-------------------------
               212973


[INFO DRT-0195] Start 3rd optimization iteration.
    Completing 10% with 114 violations.
    elapsed time = 00:00:00, memory = 2350.97 (MB).
    Completing 20% with 114 violations.
    elapsed time = 00:00:00, memory = 2350.97 (MB).
    Completing 30% with 114 violations.
    elapsed time = 00:00:00, memory = 2350.97 (MB).
    Completing 40% with 114 violations.
    elapsed time = 00:00:00, memory = 2350.97 (MB).
    Completing 50% with 114 violations.
    elapsed time = 00:00:00, memory = 2350.97 (MB).
    Completing 60% with 66 violations.
    elapsed time = 00:00:02, memory = 2350.97 (MB).
    Completing 70% with 66 violations.
    elapsed time = 00:00:02, memory = 2350.97 (MB).
    Completing 80% with 64 violations.
    elapsed time = 00:00:02, memory = 2348.97 (MB).
    Completing 90% with 64 violations.
    elapsed time = 00:00:03, memory = 2348.97 (MB).
    Completing 100% with 0 violations.
    elapsed time = 00:00:03, memory = 2348.97 (MB).
[INFO DRT-0199]   Number of violations = 0.
[INFO DRT-0267] cpu time = 00:00:09, elapsed time = 00:00:03, memory = 2348.97 (MB), peak = 2490.78 (MB)
Total wire length = 966737 um.
Total wire length on LAYER li1 = 0 um.
Total wire length on LAYER met1 = 457452 um.
Total wire length on LAYER met2 = 435653 um.
Total wire length on LAYER met3 = 39843 um.
Total wire length on LAYER met4 = 33738 um.
Total wire length on LAYER met5 = 48 um.
Total number of vias = 213048.
Up-via summary (total 213048):

-------------------------
 FR_MASTERSLICE         0
            li1     98957
           met1    109976
           met2      3279
           met3       828
           met4         8
-------------------------
               213048


[INFO DRT-0198] Complete detail routing.
Total wire length = 966737 um.
Total wire length on LAYER li1 = 0 um.
Total wire length on LAYER met1 = 457452 um.
Total wire length on LAYER met2 = 435653 um.
Total wire length on LAYER met3 = 39843 um.
Total wire length on LAYER met4 = 33738 um.
Total wire length on LAYER met5 = 48 um.
Total number of vias = 213048.
Up-via summary (total 213048):

-------------------------
 FR_MASTERSLICE         0
            li1     98957
           met1    109976
           met2      3279
           met3       828
           met4         8
-------------------------
               213048


[INFO DRT-0267] cpu time = 00:04:18, elapsed time = 00:01:10, memory = 2348.97 (MB), peak = 2490.78 (MB)

[INFO DRT-0180] Post processing.
[INFO DRT-0501] Runtime: 181.23s
[INFO ANT-0002] Found 0 net violations.
[INFO ANT-0001] Found 0 pin violations.
[INFO ANT-0002] Found 0 net violations.
[INFO ANT-0001] Found 0 pin violations.
Design area 370249 um^2 39% utilization.
write_db ./results/sky130hd/similarity_asic_transfer_local/base/5_2_route.odb
Elapsed time: 14:24.23[h:]min:sec. CPU time: user 3272.52 sys 2.00 (378%). Peak memory: 2550556KB.
Log                       Ext     Elapsed/s Peak Memory/MB sha1sum result [0:20)
5_2_route                 .odb          864           2490 758f3e63df14a5ff4795
/OpenROAD-flow-scripts/flow/scripts/flow.sh 5_3_fillcell fillcell
Running fillcell.tcl, stage 5_3_fillcell
read_liberty /OpenROAD-flow-scripts/flow/platforms/sky130hd/lib/sky130_fd_sc_hd__tt_025C_1v80.lib
read_db ./results/sky130hd/similarity_asic_transfer_local/base/5_2_route.odb
read_sdc ./results/sky130hd/similarity_asic_transfer_local/base/5_1_grt.sdc
source /OpenROAD-flow-scripts/flow/platforms/sky130hd/setRC.tcl
filler_placement "sky130_fd_sc_hd__fill_1 sky130_fd_sc_hd__fill_2 sky130_fd_sc_hd__fill_4 sky130_fd_sc_hd__fill_8"
[INFO DPL-0001] Placed 91594 filler instances.
Design area 370249 um^2 39% utilization.
write_db ./results/sky130hd/similarity_asic_transfer_local/base/5_3_fillcell.odb
Elapsed time: 0:00.92[h:]min:sec. CPU time: user 0.83 sys 0.09 (99%). Peak memory: 359924KB.
Log                       Ext     Elapsed/s Peak Memory/MB sha1sum result [0:20)
5_3_fillcell              .odb            0            351 603fa93d3db6c4598424
cp ./results/sky130hd/similarity_asic_transfer_local/base/5_3_fillcell.odb ./results/sky130hd/similarity_asic_transfer_local/base/5_route.odb
cp ./results/sky130hd/similarity_asic_transfer_local/base/5_1_grt.sdc ./results/sky130hd/similarity_asic_transfer_local/base/5_route.sdc
/OpenROAD-flow-scripts/flow/scripts/flow.sh 6_1_fill density_fill
Running density_fill.tcl, stage 6_1_fill
read_liberty /OpenROAD-flow-scripts/flow/platforms/sky130hd/lib/sky130_fd_sc_hd__tt_025C_1v80.lib
read_db ./results/sky130hd/similarity_asic_transfer_local/base/5_route.odb
read_sdc ./results/sky130hd/similarity_asic_transfer_local/base/5_route.sdc
source /OpenROAD-flow-scripts/flow/platforms/sky130hd/setRC.tcl
exec cp ./results/sky130hd/similarity_asic_transfer_local/base/5_route.odb ./results/sky130hd/similarity_asic_transfer_local/base/6_1_fill.odb
Elapsed time: 0:00.54[h:]min:sec. CPU time: user 0.46 sys 0.07 (99%). Peak memory: 266232KB.
Log                       Ext     Elapsed/s Peak Memory/MB sha1sum result [0:20)
6_1_fill                  .odb            0            259 603fa93d3db6c4598424

===== emulated final report (149.44s) =====
OPENROAD: /OpenROAD-flow-scripts/tools/OpenROAD
unknown 
/OpenROAD-flow-scripts/flow/scripts/flow.sh 6_report final_report
Running final_report.tcl, stage 6_report
read_liberty /OpenROAD-flow-scripts/flow/platforms/sky130hd/lib/sky130_fd_sc_hd__tt_025C_1v80.lib
read_db ./results/sky130hd/similarity_asic_transfer_local/base/6_1_fill.odb
read_sdc ./results/sky130hd/similarity_asic_transfer_local/base/6_1_fill.sdc
source /OpenROAD-flow-scripts/flow/platforms/sky130hd/setRC.tcl
write_db ./results/sky130hd/similarity_asic_transfer_local/base/6_final.odb
write_sdc -no_timestamp ./results/sky130hd/similarity_asic_transfer_local/base/6_final.sdc
Deleted 0 routing obstructions
Warning: master sky130_ef_sc_hd__decap_12 has signal pins but no liberty cell
[INFO RCX-0431] Defined process_corner X with ext_model_index 0
[INFO RCX-0029] Defined extraction corner X
[INFO RCX-0435] Reading extraction model file /OpenROAD-flow-scripts/flow/platforms/sky130hd/rcx_patterns.rules ...
[INFO RCX-0436] RC segment generation similarity_asic_transfer_local (max_merge_res 50.0) ...
[INFO RCX-0040] Final 111016 rc segments
[INFO RCX-0439] Coupling Cap extraction similarity_asic_transfer_local ...
[INFO RCX-0440] Coupling threshhold is 0.1000 fF, coupling capacitance less than 0.1000 fF will be grounded.
[INFO RCX-0442] 30% of 231191 wires extracted
[INFO RCX-0442] 56% of 231191 wires extracted
[INFO RCX-0442] 75% of 231191 wires extracted
[INFO RCX-0442] 100% of 231191 wires extracted
[INFO RCX-0045] Extract 39544 nets, 150458 rsegs, 150458 caps, 228665 ccs
[INFO RCX-0443] 39544 nets finished
[INFO PSM-0040] All shapes on net VDD are connected.
########## IR report #################
Net              : VDD
Corner           : default
Total power      : 1.35e-02 W
Supply voltage   : 1.80e+00 V
Worstcase voltage: 1.80e+00 V
Average voltage  : 1.80e+00 V
Average IR drop  : 2.81e-06 V
Worstcase IR drop: 9.67e-05 V
Percentage drop  : 0.01 %
######################################
[INFO PSM-0040] All shapes on net VSS are connected.
########## IR report #################
Net              : VSS
Corner           : default
Total power      : 1.35e-02 W
Supply voltage   : 0.00e+00 V
Worstcase voltage: 8.31e-05 V
Average voltage  : 2.80e-06 V
Average IR drop  : 2.80e-06 V
Worstcase IR drop: 8.31e-05 V
Percentage drop  : 0.00 %
######################################
Cell type report:                        Count        Area
  Fill cell                              91594   586955.44
  Tap cell                               12815    16034.13
  Antenna cell                             192      480.46
  Clock buffer                             484    10537.61
  Timing Repair Buffer                     472     4670.73
  Inverter                                 280     1052.26
  Clock inverter                           223     3270.64
  Sequential cell                         2846    56979.65
  Multi-Input combinational cell         25592   277223.38
  Total                                 134498   957204.28
Report metrics stage 6, finish...

==========================================================================
finish report_design_area
--------------------------------------------------------------------------
Design area 370249 um^2 39% utilization.
Elapsed time: 2:28.03[h:]min:sec. CPU time: user 229.50 sys 0.77 (155%). Peak memory: 989064KB.
Log                       Ext     Elapsed/s Peak Memory/MB sha1sum result [0:20)
6_report                                148            965                  N/A

===== native finish (5.61s) =====
OPENROAD: /OpenROAD-flow-scripts/tools/OpenROAD
cp /OpenROAD-flow-scripts/flow/platforms/sky130hd/lef/sky130_fd_sc_hd.tlef ./objects/sky130hd/similarity_asic_transfer_local/base/klayout_tech.lef
/usr/bin/python3 /OpenROAD-flow-scripts/flow/util/generate_klayout_tech.py \
	--template /OpenROAD-flow-scripts/flow/platforms/sky130hd/sky130hd.lyt \
	--output ./objects/sky130hd/similarity_asic_transfer_local/base/klayout.lyt \
	--lef-files ./objects/sky130hd/similarity_asic_transfer_local/base/klayout_tech.lef /OpenROAD-flow-scripts/flow/platforms/sky130hd/lef/sky130_fd_sc_hd_merged.lef   \
	--map-files 
/usr/bin/python3 /OpenROAD-flow-scripts/flow/scripts/run_command.py --log /OpenROAD-flow-scripts/flow/logs/sky130hd/similarity_asic_transfer_local/base/6_1_merge.log --tee -- \
        /OpenROAD-flow-scripts/flow/scripts/klayout.sh -zz -rd design_name=similarity_asic_transfer_local \
        -rd in_def=./results/sky130hd/similarity_asic_transfer_local/base/6_final.def \
        -rd in_files="/OpenROAD-flow-scripts/flow/platforms/sky130hd/gds/sky130_fd_sc_hd.gds  " \
        -rd seal_file="" \
        -rd out_file=./results/sky130hd/similarity_asic_transfer_local/base/6_1_merged.gds \
        -rd tech_file=./objects/sky130hd/similarity_asic_transfer_local/base/klayout.lyt \
        -rd layer_map= \
        -r /OpenROAD-flow-scripts/flow/util/def2stream.py
KLayout 0.30.12
[INFO] Reporting cells prior to loading DEF ...
	/OpenROAD-flow-scripts/flow/platforms/sky130hd/gds/sky130_fd_sc_hd.gds
[INFO] All LEF cells have matching GDS/OAS cells
[INFO] No orphan cells in the final layout
Elapsed time: 0:03.23[h:]min:sec. CPU time: user 2.96 sys 0.23 (98%). Peak memory: 634596KB.
cp results/sky130hd/similarity_asic_transfer_local/base/6_1_merged.gds results/sky130hd/similarity_asic_transfer_local/base/6_final.gds
./logs/sky130hd/similarity_asic_transfer_local/base
Log                       Ext     Elapsed/s Peak Memory/MB sha1sum result [0:20)
1_1_yosys_canonicalize    .rtlil          0             59 64b660736ae234d26b58
1_2_yosys                 .v             28            393 ee4fe13935e63adfa2f9
1_2_yosys                 .sdc                             7d34f03a79b07a31dbf7
1_synth                   .odb            0            205 4a1c2c8f7627ac4f9cfe
1_synth                   .sdc                             3b767cadacc1f1fd673f
2_1_floorplan             .odb            3            261 a5a51b1e18c5e2060ecd
2_1_floorplan             .sdc                             3b767cadacc1f1fd673f
2_2_floorplan_macro       .odb            0            154 a5a51b1e18c5e2060ecd
2_3_floorplan_tapcell     .odb            0            159 5e7b7773553996b642a0
2_4_floorplan_pdn         .odb            1            206 446acc531f7fd138eee5
3_1_place_gp_skip_io      .odb            4            232 71240c0885bf76d767fa
3_2_place_iop             .odb            0            171 92369952d841235b279a
3_3_place_gp              .odb           22            574 cf94fb9396c7629e34f4
3_4_place_resized         .odb            8            283 24a49190e2f4859f7949
3_5_place_dp              .odb           10            360 718e26a889a6c73cd7e4
4_1_cts                   .odb            9            365 d3263d55ec57e2480fb5
5_1_grt                   .odb          141            882 eb3a3f851cff364529eb
5_1_grt                   .sdc                             edba2204830c2b951516
5_2_route                 .odb          864           2490 758f3e63df14a5ff4795
5_3_fillcell              .odb            0            351 603fa93d3db6c4598424
6_1_fill                  .odb            0            259 603fa93d3db6c4598424
6_1_fill                  .sdc                             edba2204830c2b951516
6_1_merge                                 3            619                  N/A
6_report                                148            965                  N/A
Total                                  1241           2490                     
