
===== native route and fill (461.54s) =====
OPENROAD: /OpenROAD-flow-scripts/tools/OpenROAD
rm -f ./results/nangate45/similarity_asic_transfer_local/base/1_* ./results/nangate45/similarity_asic_transfer_local/base/mem*.json
rm -rf ./results/nangate45/similarity_asic_transfer_local/base/memories
rm -f ./reports/nangate45/similarity_asic_transfer_local/base/synth_*
rm -f ./logs/nangate45/similarity_asic_transfer_local/base/1_*
rm -f 
rm -f ./results/nangate45/similarity_asic_transfer_local/base/clock_period.txt
rm -f ./results/nangate45/similarity_asic_transfer_local/base/2_*floorplan*.odb ./results/nangate45/similarity_asic_transfer_local/base/2_floorplan.sdc ./results/nangate45/similarity_asic_transfer_local/base/2_*.v ./results/nangate45/similarity_asic_transfer_local/base/2_*.def
rm -f ./reports/nangate45/similarity_asic_transfer_local/base/2_*
rm -f ./logs/nangate45/similarity_asic_transfer_local/base/2_*
rm -f ./results/nangate45/similarity_asic_transfer_local/base/3_*place*.odb
rm -f ./results/nangate45/similarity_asic_transfer_local/base/3_place.sdc
rm -f ./results/nangate45/similarity_asic_transfer_local/base/3_*.def ./results/nangate45/similarity_asic_transfer_local/base/3_*.v
rm -f ./reports/nangate45/similarity_asic_transfer_local/base/3_*
rm -f ./logs/nangate45/similarity_asic_transfer_local/base/3_*
rm -rf ./results/nangate45/similarity_asic_transfer_local/base/4_*cts*.odb ./results/nangate45/similarity_asic_transfer_local/base/4_cts.sdc ./results/nangate45/similarity_asic_transfer_local/base/4_*.v ./results/nangate45/similarity_asic_transfer_local/base/4_*.def
rm -f  ./reports/nangate45/similarity_asic_transfer_local/base/4_*
rm -rf ./logs/nangate45/similarity_asic_transfer_local/base/4_*
rm -rf ./results/nangate45/similarity_asic_transfer_local/base/route.guide ./results/nangate45/similarity_asic_transfer_local/base/output_guide.mod ./results/nangate45/similarity_asic_transfer_local/base/updated_clks.sdc
rm -rf ./results/nangate45/similarity_asic_transfer_local/base/5_*.odb ./results/nangate45/similarity_asic_transfer_local/base/5_route.sdc ./results/nangate45/similarity_asic_transfer_local/base/5_*.def ./results/nangate45/similarity_asic_transfer_local/base/5_*.v
rm -f  ./reports/nangate45/similarity_asic_transfer_local/base/5_*
rm -f  ./logs/nangate45/similarity_asic_transfer_local/base/5_*
rm -rf ./results/nangate45/similarity_asic_transfer_local/base/6_*.gds ./results/nangate45/similarity_asic_transfer_local/base/6_*.oas ./results/nangate45/similarity_asic_transfer_local/base/6_*.odb ./results/nangate45/similarity_asic_transfer_local/base/6_*.v ./results/nangate45/similarity_asic_transfer_local/base/6_*.def ./results/nangate45/similarity_asic_transfer_local/base/6_*.sdc ./results/nangate45/similarity_asic_transfer_local/base/6_*.spef
rm -rf ./reports/nangate45/similarity_asic_transfer_local/base/6_*.rpt
rm -f  ./logs/nangate45/similarity_asic_transfer_local/base/6_*
rm -f ./reports/nangate45/similarity_asic_transfer_local/base/design-dir.txt
rm -f ./reports/nangate45/similarity_asic_transfer_local/base/metadata*.*
rm -f ./results/nangate45/similarity_asic_transfer_local/base/similarity_asic_transfer_local.lib ./results/nangate45/similarity_asic_transfer_local/base/similarity_asic_transfer_local.lef
rm -rf ./objects/nangate45/similarity_asic_transfer_local/base
mkdir -p ./results/nangate45/similarity_asic_transfer_local/base/
echo 20.0 > ./results/nangate45/similarity_asic_transfer_local/base/clock_period.txt
/OpenROAD-flow-scripts/flow/scripts/synth.sh /OpenROAD-flow-scripts/flow/scripts/synth_canonicalize.tcl ./logs/nangate45/similarity_asic_transfer_local/base/1_1_yosys_canonicalize.log
Using ABC speed script.
Extracting clock period from SDC file: ./results/nangate45/similarity_asic_transfer_local/base/clock_period.txt
Setting clock period to 20.0
1. Executing Liberty frontend: /OpenROAD-flow-scripts/flow/platforms/nangate45/lib/NangateOpenCellLibrary_typical.lib
2. Executing Liberty frontend: /OpenROAD-flow-scripts/flow/platforms/nangate45/lib/NangateOpenCellLibrary_typical.lib
3. Executing Verilog-2005 frontend: /work/rtl/kernellum_mac_array.sv
4. Executing Verilog-2005 frontend: /work/rtl/kernellum_local_mac_array.sv
5. Executing Verilog-2005 frontend: /work/rtl/similarity_asic_transfer_top.sv
6. Executing Verilog-2005 frontend: /OpenROAD-flow-scripts/flow/platforms/nangate45/cells_clkgate.v
7. Executing HIERARCHY pass (managing design hierarchy).
8. Executing AST frontend in derive mode using pre-parsed AST for module `\similarity_asic_transfer_local'.
8.1. Analyzing design hierarchy..
8.2. Executing AST frontend in derive mode using pre-parsed AST for module `\similarity_asic_transport_core'.
8.3. Analyzing design hierarchy..
8.4. Executing AST frontend in derive mode using pre-parsed AST for module `\kernellum_local_mac_array'.
8.5. Analyzing design hierarchy..
8.6. Executing AST frontend in derive mode using pre-parsed AST for module `\kernellum_delay_line'.
Warning: Replacing memory \g_delay.valid_pipe with list of registers. See /work/rtl/kernellum_local_mac_array.sv:28
Warning: Replacing memory \g_delay.data_pipe with list of registers. See /work/rtl/kernellum_local_mac_array.sv:27
8.7. Executing AST frontend in derive mode using pre-parsed AST for module `\kernellum_delay_line'.
8.8. Executing AST frontend in derive mode using pre-parsed AST for module `\kernellum_delay_line'.
8.9. Executing AST frontend in derive mode using pre-parsed AST for module `\kernellum_delay_line'.
8.10. Executing AST frontend in derive mode using pre-parsed AST for module `\kernellum_delay_line'.
8.11. Executing AST frontend in derive mode using pre-parsed AST for module `\kernellum_delay_line'.
8.12. Executing AST frontend in derive mode using pre-parsed AST for module `\kernellum_delay_line'.
8.13. Executing AST frontend in derive mode using pre-parsed AST for module `\kernellum_delay_line'.
8.14. Executing AST frontend in derive mode using pre-parsed AST for module `\kernellum_delay_line'.
8.15. Executing AST frontend in derive mode using pre-parsed AST for module `\kernellum_delay_line'.
8.16. Analyzing design hierarchy..
8.17. Analyzing design hierarchy..
8.18. Analyzing design hierarchy..
9. Executing OPT_CLEAN pass (remove unused cells and wires).
Warning: Ignoring module $paramod$da5c6e3f64faa1f672788225f4c55878ff9e971e\kernellum_delay_line because it contains processes (run 'proc' command first).
Warning: Ignoring module $paramod$08146823295b8a3bf53cc0b8d3a0a25a26201b9a\kernellum_delay_line because it contains processes (run 'proc' command first).
Warning: Ignoring module $paramod$aeb5f64991a0f57a1ea3e1bde0515bab78a0eebf\kernellum_delay_line because it contains processes (run 'proc' command first).
Warning: Ignoring module $paramod$59c02ad5be344f1c655e7e3b2ee6beec73046e08\kernellum_delay_line because it contains processes (run 'proc' command first).
Warning: Ignoring module $paramod$ee0c605872b4ddbf452233ea4bb22be0931e2d09\similarity_asic_transport_core because it contains processes (run 'proc' command first).
Warning: Ignoring module $paramod$bad22a4c85b38a14f1683881bf38f467801c8096\kernellum_local_mac_array because it contains processes (run 'proc' command first).
Warning: Ignoring module $paramod$3bdb6e428b977cd3876f6d5401d32e0bd1d9d7dc\kernellum_delay_line because it contains processes (run 'proc' command first).
Warning: Ignoring module $paramod$df776baa2b3e4cf9a96489ff2d591202f7313df5\kernellum_delay_line because it contains processes (run 'proc' command first).
Warning: Ignoring module $paramod$f95acc223ed609738aa77f6fb903de6fd2d8cdf1\kernellum_delay_line because it contains processes (run 'proc' command first).
Warning: Ignoring module $paramod$159fa91ade1d549e8c18c4c1d268449338397d00\kernellum_delay_line because it contains processes (run 'proc' command first).
Warning: Ignoring module $paramod$21df655d0ed86de5f5cd0f7f45e43de1a91f28b6\kernellum_delay_line because it contains processes (run 'proc' command first).
10. Executing RTLIL backend.
Warnings: 13 unique messages, 29 total
End of script. Logfile hash: 36ba1bdcd9, time: 0.16s, user: 0.13s, system: 0.01s, MEM: 43.37 MB peak
Yosys 0.68+post (git sha1 UNKNOWN, Release, GNU /usr/local/bin/wrapped-cc/g++ 11.4.0)
Time spent: 53% 1x hierarchy (0 sec), 37% 4x read_liberty (0 sec), ...
Elapsed time: 0:00.16[h:]min:sec. CPU time: user 0.15 sys 0.01 (99%). Peak memory: 47228KB.
Log                       Ext     Elapsed/s Peak Memory/MB sha1sum result [0:20)
1_1_yosys_canonicalize    .rtlil          0             46 8697f020d91573ce400e
/OpenROAD-flow-scripts/flow/scripts/synth.sh /OpenROAD-flow-scripts/flow/scripts/synth.tcl ./logs/nangate45/similarity_asic_transfer_local/base/1_2_yosys.log
Using ABC speed script.
Extracting clock period from SDC file: ./results/nangate45/similarity_asic_transfer_local/base/clock_period.txt
Setting clock period to 20.0
1. Executing RTLIL frontend.
2. Executing HIERARCHY pass (managing design hierarchy).
2.1. Analyzing design hierarchy..
2.2. Analyzing design hierarchy..
3. Executing SYNTH pass.
3.1. Executing HIERARCHY pass (managing design hierarchy).
3.1.1. Analyzing design hierarchy..
3.1.2. Analyzing design hierarchy..
3.2. Executing PROC pass (convert processes to netlists).
3.2.1. Executing PROC_CLEAN pass (remove empty switches from decision trees).
3.2.2. Executing PROC_RMDEAD pass (remove dead branches from decision trees).
3.2.3. Executing PROC_PRUNE pass (remove redundant assignments in processes).
3.2.4. Executing PROC_INIT pass (extract init attributes).
3.2.5. Executing PROC_ARST pass (detect async resets in processes).
3.2.6. Executing PROC_ROM pass (convert switches to ROMs).
3.2.7. Executing PROC_MUX pass (convert decision trees to multiplexers).
3.2.8. Executing PROC_DLATCH pass (convert process syncs to latches).
3.2.9. Executing PROC_DFF pass (convert process syncs to FFs).
3.2.10. Executing PROC_MEMWR pass (convert process memory writes to cells).
3.2.11. Executing PROC_CLEAN pass (remove empty switches from decision trees).
3.2.12. Executing OPT_EXPR pass (perform const folding).
3.3. Executing CHECK pass (checking for obvious problems).
3.4. Executing FLATTEN pass (flatten design).
3.5. Executing OPT_EXPR pass (perform const folding).
3.6. Executing OPT_CLEAN pass (remove unused cells and wires).
3.7. Executing CHECK pass (checking for obvious problems).
3.8. Executing OPT pass (performing simple optimizations).
3.8.1. Executing OPT_EXPR pass (perform const folding).
3.8.2. Executing OPT_MERGE pass (detect identical cells).
3.8.3. Executing OPT_MUXTREE pass (detect dead branches in mux trees).
3.8.4. Executing OPT_REDUCE pass (consolidate $*mux and $reduce_* inputs).
3.8.5. Executing OPT_MERGE pass (detect identical cells).
3.8.6. Executing OPT_DFF pass (perform DFF optimizations).
3.8.7. Executing OPT_CLEAN pass (remove unused cells and wires).
3.8.8. Executing OPT_EXPR pass (perform const folding).
3.8.9. Rerunning OPT passes. (Maybe there is more to do..)
3.8.10. Executing OPT_MUXTREE pass (detect dead branches in mux trees).
3.8.11. Executing OPT_REDUCE pass (consolidate $*mux and $reduce_* inputs).
3.8.12. Executing OPT_MERGE pass (detect identical cells).
3.8.13. Executing OPT_DFF pass (perform DFF optimizations).
3.8.14. Executing OPT_CLEAN pass (remove unused cells and wires).
3.8.15. Executing OPT_EXPR pass (perform const folding).
3.8.16. Rerunning OPT passes. (Maybe there is more to do..)
3.8.17. Executing OPT_MUXTREE pass (detect dead branches in mux trees).
3.8.18. Executing OPT_REDUCE pass (consolidate $*mux and $reduce_* inputs).
3.8.19. Executing OPT_MERGE pass (detect identical cells).
3.8.20. Executing OPT_DFF pass (perform DFF optimizations).
3.8.21. Executing OPT_CLEAN pass (remove unused cells and wires).
3.8.22. Executing OPT_EXPR pass (perform const folding).
3.8.23. Finished fast OPT passes. (There is nothing left to do.)
3.9. Executing FSM pass (extract and optimize FSM).
3.9.1. Executing FSM_DETECT pass (finding FSMs in design).
3.9.2. Executing FSM_EXTRACT pass (extracting FSM from design).
3.9.3. Executing FSM_OPT pass (simple optimizations of FSMs).
3.9.4. Executing OPT_CLEAN pass (remove unused cells and wires).
3.9.5. Executing FSM_OPT pass (simple optimizations of FSMs).
3.9.6. Executing FSM_RECODE pass (re-assigning FSM state encoding).
3.9.7. Executing FSM_INFO pass (dumping all available information on FSM cells).
3.9.8. Executing FSM_MAP pass (mapping FSMs to basic logic).
3.10. Executing OPT pass (performing simple optimizations).
3.10.1. Executing OPT_EXPR pass (perform const folding).
3.10.2. Executing OPT_MERGE pass (detect identical cells).
3.10.3. Executing OPT_MUXTREE pass (detect dead branches in mux trees).
3.10.4. Executing OPT_REDUCE pass (consolidate $*mux and $reduce_* inputs).
3.10.5. Executing OPT_MERGE pass (detect identical cells).
3.10.6. Executing OPT_DFF pass (perform DFF optimizations).
3.10.7. Executing OPT_CLEAN pass (remove unused cells and wires).
3.10.8. Executing OPT_EXPR pass (perform const folding).
3.10.9. Rerunning OPT passes. (Maybe there is more to do..)
3.10.10. Executing OPT_MUXTREE pass (detect dead branches in mux trees).
3.10.11. Executing OPT_REDUCE pass (consolidate $*mux and $reduce_* inputs).
3.10.12. Executing OPT_MERGE pass (detect identical cells).
3.10.13. Executing OPT_DFF pass (perform DFF optimizations).
3.10.14. Executing OPT_CLEAN pass (remove unused cells and wires).
3.10.15. Executing OPT_EXPR pass (perform const folding).
3.10.16. Finished fast OPT passes. (There is nothing left to do.)
3.11. Executing WREDUCE pass (reducing word size of cells).
3.12. Executing PEEPOPT pass (run peephole optimizers).
3.13. Executing OPT_CLEAN pass (remove unused cells and wires).
3.14. Executing ALUMACC pass (create $alu and $macc cells).
3.15. Executing SHARE pass (SAT-based resource sharing).
3.16. Executing OPT pass (performing simple optimizations).
3.16.1. Executing OPT_EXPR pass (perform const folding).
3.16.2. Executing OPT_MERGE pass (detect identical cells).
3.16.3. Executing OPT_MUXTREE pass (detect dead branches in mux trees).
3.16.4. Executing OPT_REDUCE pass (consolidate $*mux and $reduce_* inputs).
3.16.5. Executing OPT_MERGE pass (detect identical cells).
3.16.6. Executing OPT_DFF pass (perform DFF optimizations).
3.16.7. Executing OPT_CLEAN pass (remove unused cells and wires).
3.16.8. Executing OPT_EXPR pass (perform const folding).
3.16.9. Rerunning OPT passes. (Maybe there is more to do..)
3.16.10. Executing OPT_MUXTREE pass (detect dead branches in mux trees).
3.16.11. Executing OPT_REDUCE pass (consolidate $*mux and $reduce_* inputs).
3.16.12. Executing OPT_MERGE pass (detect identical cells).
3.16.13. Executing OPT_DFF pass (perform DFF optimizations).
3.16.14. Executing OPT_CLEAN pass (remove unused cells and wires).
3.16.15. Executing OPT_EXPR pass (perform const folding).
3.16.16. Finished fast OPT passes. (There is nothing left to do.)
3.17. Executing MEMORY pass.
3.17.1. Executing OPT_MEM pass (optimize memories).
3.17.2. Executing OPT_MEM_PRIORITY pass (removing unnecessary memory write priority relations).
3.17.3. Executing OPT_MEM_FEEDBACK pass (finding memory read-to-write feedback paths).
3.17.4. Executing MEMORY_BMUX2ROM pass (converting muxes to ROMs).
3.17.5. Executing MEMORY_DFF pass (merging $dff cells to $memrd).
3.17.6. Executing OPT_CLEAN pass (remove unused cells and wires).
3.17.7. Executing MEMORY_SHARE pass (consolidating $memrd/$memwr cells).
3.17.8. Executing OPT_MEM_WIDEN pass (optimize memories where all ports are wide).
3.17.9. Executing OPT_CLEAN pass (remove unused cells and wires).
3.17.10. Executing MEMORY_COLLECT pass (generating $mem cells).
3.18. Executing OPT_CLEAN pass (remove unused cells and wires).
4. Executing SYNTH pass.
4.1. Executing OPT pass (performing simple optimizations).
4.1.1. Executing OPT_EXPR pass (perform const folding).
4.1.2. Executing OPT_MERGE pass (detect identical cells).
4.1.3. Executing OPT_DFF pass (perform DFF optimizations).
4.1.4. Executing OPT_CLEAN pass (remove unused cells and wires).
4.1.5. Finished fast OPT passes.
4.2. Executing MEMORY_MAP pass (converting memories to logic and flip-flops).
4.3. Executing OPT pass (performing simple optimizations).
4.3.1. Executing OPT_EXPR pass (perform const folding).
4.3.2. Executing OPT_MERGE pass (detect identical cells).
4.3.3. Executing OPT_MUXTREE pass (detect dead branches in mux trees).
4.3.4. Executing OPT_REDUCE pass (consolidate $*mux and $reduce_* inputs).
4.3.5. Executing OPT_MERGE pass (detect identical cells).
4.3.6. Executing OPT_SHARE pass.
4.3.7. Executing OPT_DFF pass (perform DFF optimizations).
4.3.8. Executing OPT_CLEAN pass (remove unused cells and wires).
4.3.9. Executing OPT_EXPR pass (perform const folding).
4.3.10. Rerunning OPT passes. (Maybe there is more to do..)
4.3.11. Executing OPT_MUXTREE pass (detect dead branches in mux trees).
4.3.12. Executing OPT_REDUCE pass (consolidate $*mux and $reduce_* inputs).
4.3.13. Executing OPT_MERGE pass (detect identical cells).
4.3.14. Executing OPT_SHARE pass.
4.3.15. Executing OPT_DFF pass (perform DFF optimizations).
4.3.16. Executing OPT_CLEAN pass (remove unused cells and wires).
4.3.17. Executing OPT_EXPR pass (perform const folding).
4.3.18. Rerunning OPT passes. (Maybe there is more to do..)
4.3.19. Executing OPT_MUXTREE pass (detect dead branches in mux trees).
4.3.20. Executing OPT_REDUCE pass (consolidate $*mux and $reduce_* inputs).
4.3.21. Executing OPT_MERGE pass (detect identical cells).
4.3.22. Executing OPT_SHARE pass.
4.3.23. Executing OPT_DFF pass (perform DFF optimizations).
4.3.24. Executing OPT_CLEAN pass (remove unused cells and wires).
4.3.25. Executing OPT_EXPR pass (perform const folding).
4.3.26. Rerunning OPT passes. (Maybe there is more to do..)
4.3.27. Executing OPT_MUXTREE pass (detect dead branches in mux trees).
4.3.28. Executing OPT_REDUCE pass (consolidate $*mux and $reduce_* inputs).
4.3.29. Executing OPT_MERGE pass (detect identical cells).
4.3.30. Executing OPT_SHARE pass.
4.3.31. Executing OPT_DFF pass (perform DFF optimizations).
4.3.32. Executing OPT_CLEAN pass (remove unused cells and wires).
4.3.33. Executing OPT_EXPR pass (perform const folding).
4.3.34. Rerunning OPT passes. (Maybe there is more to do..)
4.3.35. Executing OPT_MUXTREE pass (detect dead branches in mux trees).
4.3.36. Executing OPT_REDUCE pass (consolidate $*mux and $reduce_* inputs).
4.3.37. Executing OPT_MERGE pass (detect identical cells).
4.3.38. Executing OPT_SHARE pass.
4.3.39. Executing OPT_DFF pass (perform DFF optimizations).
4.3.40. Executing OPT_CLEAN pass (remove unused cells and wires).
4.3.41. Executing OPT_EXPR pass (perform const folding).
4.3.42. Rerunning OPT passes. (Maybe there is more to do..)
4.3.43. Executing OPT_MUXTREE pass (detect dead branches in mux trees).
4.3.44. Executing OPT_REDUCE pass (consolidate $*mux and $reduce_* inputs).
4.3.45. Executing OPT_MERGE pass (detect identical cells).
4.3.46. Executing OPT_SHARE pass.
4.3.47. Executing OPT_DFF pass (perform DFF optimizations).
4.3.48. Executing OPT_CLEAN pass (remove unused cells and wires).
4.3.49. Executing OPT_EXPR pass (perform const folding).
4.3.50. Rerunning OPT passes. (Maybe there is more to do..)
4.3.51. Executing OPT_MUXTREE pass (detect dead branches in mux trees).
4.3.52. Executing OPT_REDUCE pass (consolidate $*mux and $reduce_* inputs).
4.3.53. Executing OPT_MERGE pass (detect identical cells).
4.3.54. Executing OPT_SHARE pass.
4.3.55. Executing OPT_DFF pass (perform DFF optimizations).
4.3.56. Executing OPT_CLEAN pass (remove unused cells and wires).
4.3.57. Executing OPT_EXPR pass (perform const folding).
4.3.58. Rerunning OPT passes. (Maybe there is more to do..)
4.3.59. Executing OPT_MUXTREE pass (detect dead branches in mux trees).
4.3.60. Executing OPT_REDUCE pass (consolidate $*mux and $reduce_* inputs).
4.3.61. Executing OPT_MERGE pass (detect identical cells).
4.3.62. Executing OPT_SHARE pass.
4.3.63. Executing OPT_DFF pass (perform DFF optimizations).
4.3.64. Executing OPT_CLEAN pass (remove unused cells and wires).
4.3.65. Executing OPT_EXPR pass (perform const folding).
4.3.66. Rerunning OPT passes. (Maybe there is more to do..)
4.3.67. Executing OPT_MUXTREE pass (detect dead branches in mux trees).
4.3.68. Executing OPT_REDUCE pass (consolidate $*mux and $reduce_* inputs).
4.3.69. Executing OPT_MERGE pass (detect identical cells).
4.3.70. Executing OPT_SHARE pass.
4.3.71. Executing OPT_DFF pass (perform DFF optimizations).
4.3.72. Executing OPT_CLEAN pass (remove unused cells and wires).
4.3.73. Executing OPT_EXPR pass (perform const folding).
4.3.74. Rerunning OPT passes. (Maybe there is more to do..)
4.3.75. Executing OPT_MUXTREE pass (detect dead branches in mux trees).
4.3.76. Executing OPT_REDUCE pass (consolidate $*mux and $reduce_* inputs).
4.3.77. Executing OPT_MERGE pass (detect identical cells).
4.3.78. Executing OPT_SHARE pass.
4.3.79. Executing OPT_DFF pass (perform DFF optimizations).
4.3.80. Executing OPT_CLEAN pass (remove unused cells and wires).
4.3.81. Executing OPT_EXPR pass (perform const folding).
4.3.82. Rerunning OPT passes. (Maybe there is more to do..)
4.3.83. Executing OPT_MUXTREE pass (detect dead branches in mux trees).
4.3.84. Executing OPT_REDUCE pass (consolidate $*mux and $reduce_* inputs).
4.3.85. Executing OPT_MERGE pass (detect identical cells).
4.3.86. Executing OPT_SHARE pass.
4.3.87. Executing OPT_DFF pass (perform DFF optimizations).
4.3.88. Executing OPT_CLEAN pass (remove unused cells and wires).
4.3.89. Executing OPT_EXPR pass (perform const folding).
4.3.90. Rerunning OPT passes. (Maybe there is more to do..)
4.3.91. Executing OPT_MUXTREE pass (detect dead branches in mux trees).
4.3.92. Executing OPT_REDUCE pass (consolidate $*mux and $reduce_* inputs).
4.3.93. Executing OPT_MERGE pass (detect identical cells).
4.3.94. Executing OPT_SHARE pass.
4.3.95. Executing OPT_DFF pass (perform DFF optimizations).
4.3.96. Executing OPT_CLEAN pass (remove unused cells and wires).
4.3.97. Executing OPT_EXPR pass (perform const folding).
4.3.98. Rerunning OPT passes. (Maybe there is more to do..)
4.3.99. Executing OPT_MUXTREE pass (detect dead branches in mux trees).
4.3.100. Executing OPT_REDUCE pass (consolidate $*mux and $reduce_* inputs).
4.3.101. Executing OPT_MERGE pass (detect identical cells).
4.3.102. Executing OPT_SHARE pass.
4.3.103. Executing OPT_DFF pass (perform DFF optimizations).
4.3.104. Executing OPT_CLEAN pass (remove unused cells and wires).
4.3.105. Executing OPT_EXPR pass (perform const folding).
4.3.106. Rerunning OPT passes. (Maybe there is more to do..)
4.3.107. Executing OPT_MUXTREE pass (detect dead branches in mux trees).
4.3.108. Executing OPT_REDUCE pass (consolidate $*mux and $reduce_* inputs).
4.3.109. Executing OPT_MERGE pass (detect identical cells).
4.3.110. Executing OPT_SHARE pass.
4.3.111. Executing OPT_DFF pass (perform DFF optimizations).
4.3.112. Executing OPT_CLEAN pass (remove unused cells and wires).
4.3.113. Executing OPT_EXPR pass (perform const folding).
4.3.114. Rerunning OPT passes. (Maybe there is more to do..)
4.3.115. Executing OPT_MUXTREE pass (detect dead branches in mux trees).
4.3.116. Executing OPT_REDUCE pass (consolidate $*mux and $reduce_* inputs).
4.3.117. Executing OPT_MERGE pass (detect identical cells).
4.3.118. Executing OPT_SHARE pass.
4.3.119. Executing OPT_DFF pass (perform DFF optimizations).
4.3.120. Executing OPT_CLEAN pass (remove unused cells and wires).
4.3.121. Executing OPT_EXPR pass (perform const folding).
4.3.122. Rerunning OPT passes. (Maybe there is more to do..)
4.3.123. Executing OPT_MUXTREE pass (detect dead branches in mux trees).
4.3.124. Executing OPT_REDUCE pass (consolidate $*mux and $reduce_* inputs).
4.3.125. Executing OPT_MERGE pass (detect identical cells).
4.3.126. Executing OPT_SHARE pass.
4.3.127. Executing OPT_DFF pass (perform DFF optimizations).
4.3.128. Executing OPT_CLEAN pass (remove unused cells and wires).
4.3.129. Executing OPT_EXPR pass (perform const folding).
4.3.130. Finished fast OPT passes. (There is nothing left to do.)
4.4. Executing TECHMAP pass (map to technology primitives).
4.4.1. Executing Verilog-2005 frontend: /OpenROAD-flow-scripts/tools/install/yosys/bin/../share/yosys/techmap.v
4.4.2. Executing Verilog-2005 frontend: /OpenROAD-flow-scripts/flow/platforms/common/lcu_kogge_stone.v
4.4.3. Continuing TECHMAP pass.
4.5. Executing OPT pass (performing simple optimizations).
4.5.1. Executing OPT_EXPR pass (perform const folding).
4.5.2. Executing OPT_MERGE pass (detect identical cells).
4.5.3. Executing OPT_DFF pass (perform DFF optimizations).
4.5.4. Executing OPT_CLEAN pass (remove unused cells and wires).
4.5.5. Finished fast OPT passes.
4.6. Executing HIERARCHY pass (managing design hierarchy).
4.6.1. Analyzing design hierarchy..
4.6.2. Analyzing design hierarchy..
4.7. Printing statistics.
4.8. Executing CHECK pass (checking for obvious problems).
5. Executing OPT pass (performing simple optimizations).
5.1. Executing OPT_EXPR pass (perform const folding).
5.2. Executing OPT_MERGE pass (detect identical cells).
5.3. Executing OPT_MUXTREE pass (detect dead branches in mux trees).
5.4. Executing OPT_REDUCE pass (consolidate $*mux and $reduce_* inputs).
5.5. Executing OPT_MERGE pass (detect identical cells).
5.6. Executing OPT_DFF pass (perform DFF optimizations).
5.7. Executing OPT_CLEAN pass (remove unused cells and wires).
5.8. Executing OPT_EXPR pass (perform const folding).
5.9. Rerunning OPT passes. (Maybe there is more to do..)
5.10. Executing OPT_MUXTREE pass (detect dead branches in mux trees).
5.11. Executing OPT_REDUCE pass (consolidate $*mux and $reduce_* inputs).
5.12. Executing OPT_MERGE pass (detect identical cells).
5.13. Executing OPT_DFF pass (perform DFF optimizations).
5.14. Executing OPT_CLEAN pass (remove unused cells and wires).
5.15. Executing OPT_EXPR pass (perform const folding).
5.16. Finished fast OPT passes. (There is nothing left to do.)
6. Executing EXTRACT_FA pass (find and extract full/half adders).
7. Executing TECHMAP pass (map to technology primitives).
7.1. Executing Verilog-2005 frontend: /OpenROAD-flow-scripts/flow/platforms/nangate45/cells_adders.v
7.2. Continuing TECHMAP pass.
8. Executing TECHMAP pass (map to technology primitives).
8.1. Executing Verilog-2005 frontend: /OpenROAD-flow-scripts/tools/install/yosys/bin/../share/yosys/techmap.v
8.2. Continuing TECHMAP pass.
9. Executing OPT pass (performing simple optimizations).
9.1. Executing OPT_EXPR pass (perform const folding).
9.2. Executing OPT_MERGE pass (detect identical cells).
9.3. Executing OPT_DFF pass (perform DFF optimizations).
9.4. Executing OPT_CLEAN pass (remove unused cells and wires).
9.5. Finished fast OPT passes.
10. Executing DFFLEGALIZE pass (convert FFs to types supported by the target).
11. Executing TECHMAP pass (map to technology primitives).
11.1. Executing Verilog-2005 frontend: /OpenROAD-flow-scripts/flow/platforms/nangate45/cells_latch.v
11.2. Continuing TECHMAP pass.
12. Executing DFFLIBMAP pass (mapping DFF cells to sequential cells from liberty file).
12.1. Executing DFFLEGALIZE pass (convert FFs to types supported by the target).
13. Executing OPT pass (performing simple optimizations).
13.1. Executing OPT_EXPR pass (perform const folding).
13.2. Executing OPT_MERGE pass (detect identical cells).
13.3. Executing OPT_MUXTREE pass (detect dead branches in mux trees).
13.4. Executing OPT_REDUCE pass (consolidate $*mux and $reduce_* inputs).
13.5. Executing OPT_MERGE pass (detect identical cells).
13.6. Executing OPT_DFF pass (perform DFF optimizations).
13.7. Executing OPT_CLEAN pass (remove unused cells and wires).
13.8. Executing OPT_EXPR pass (perform const folding).
13.9. Rerunning OPT passes. (Maybe there is more to do..)
13.10. Executing OPT_MUXTREE pass (detect dead branches in mux trees).
13.11. Executing OPT_REDUCE pass (consolidate $*mux and $reduce_* inputs).
13.12. Executing OPT_MERGE pass (detect identical cells).
13.13. Executing OPT_DFF pass (perform DFF optimizations).
13.14. Executing OPT_CLEAN pass (remove unused cells and wires).
13.15. Executing OPT_EXPR pass (perform const folding).
13.16. Finished fast OPT passes. (There is nothing left to do.)
14. Executing SETUNDEF pass (replace undef values with defined constants).
abc -script /OpenROAD-flow-scripts/flow/scripts/abc_speed.script -liberty /OpenROAD-flow-scripts/flow/platforms/nangate45/lib/NangateOpenCellLibrary_typical.lib -dont_use TAPCELL_X1 -dont_use FILLCELL_X1 -dont_use AOI211_X1 -dont_use OAI211_X1 -constr ./objects/nangate45/similarity_asic_transfer_local/base/abc.constr -D 20.0
15. Executing ABC pass (technology mapping using ABC).
15.1. Extracting gate netlist of module `\similarity_asic_transfer_local' to `<abc-temp-dir>/input.blif'..
15.1.1. Executed ABC.
15.1.2. Re-integrating ABC results.
Took 10 seconds: abc -script /OpenROAD-flow-scripts/flow/scripts/abc_speed.script -liberty /OpenROAD-flow-scripts/flow/platforms/nangate45/lib/NangateOpenCellLibrary_typical.lib -dont_use TAPCELL_X1 -dont_use FILLCELL_X1 -dont_use AOI211_X1 -dont_use OAI211_X1 -constr ./objects/nangate45/similarity_asic_transfer_local/base/abc.constr -D 20.0
16. Executing SPLITNETS pass (splitting up multi-bit signals).
17. Executing OPT_CLEAN pass (remove unused cells and wires).
18. Executing HILOMAP pass (mapping to constant drivers).
19. Executing INSBUF pass (insert buffer cells for connected wires).
20. Executing CHECK pass (checking for obvious problems).
21. Printing statistics.
22. Executing CHECK pass (checking for obvious problems).
23. Executing Verilog backend.
23.1. Executing BMUXMAP pass.
23.2. Executing DEMUXMAP pass.
End of script. Logfile hash: 229ffd8cf6, time: 26.38s, user: 18.46s, system: 0.21s, MEM: 392.76 MB peak
Yosys 0.68+post (git sha1 UNKNOWN, Release, GNU /usr/local/bin/wrapped-cc/g++ 11.4.0)
Time spent: 34% 1x abc (9 sec), 30% 1x extract_fa (8 sec), ...
Elapsed time: 0:26.44[h:]min:sec. CPU time: user 28.11 sys 0.26 (107%). Peak memory: 402188KB.
Log                       Ext     Elapsed/s Peak Memory/MB sha1sum result [0:20)
1_2_yosys                 .v             26            392 fdb2d23a07b4d220a020
cp /work/asic/transfer/constraints.sdc results/nangate45/similarity_asic_transfer_local/base/1_2_yosys.sdc
touch -r /work/asic/transfer/constraints.sdc results/nangate45/similarity_asic_transfer_local/base/1_2_yosys.sdc
OpenROAD unknown 
Features included (+) or not (-): -GPU +GUI -Python
This program is licensed under the BSD-3 license. See the LICENSE file for details.
Components of this program may be licensed under more restrictive licenses which must be honored.
[INFO ORD-0030] Using 4 thread(s).
mkdir -p ./objects/nangate45/similarity_asic_transfer_local/base
/OpenROAD-flow-scripts/flow/scripts/flow.sh 1_synth synth_odb
Running synth_odb.tcl, stage 1_synth
read_liberty /OpenROAD-flow-scripts/flow/platforms/nangate45/lib/NangateOpenCellLibrary_typical.lib
[INFO ODB-0227] LEF file: /OpenROAD-flow-scripts/flow/platforms/nangate45/lef/NangateOpenCellLibrary.tech.lef, created 22 layers, 27 vias
[INFO ODB-0227] LEF file: /OpenROAD-flow-scripts/flow/platforms/nangate45/lef/NangateOpenCellLibrary.macro.mod.lef, created 135 library cells
link_design similarity_asic_transfer_local
read_sdc ./results/nangate45/similarity_asic_transfer_local/base/1_2_yosys.sdc
source /OpenROAD-flow-scripts/flow/platforms/nangate45/setRC.tcl
eliminate_dead_logic
Removed 41 unused instances and 41 unused nets.
Design area 71506 um^2 100% utilization.
write_db ./results/nangate45/similarity_asic_transfer_local/base/1_synth.odb
write_sdc -no_timestamp ./results/nangate45/similarity_asic_transfer_local/base/1_synth.sdc
Elapsed time: 0:00.66[h:]min:sec. CPU time: user 0.62 sys 0.03 (99%). Peak memory: 200304KB.
Log                       Ext     Elapsed/s Peak Memory/MB sha1sum result [0:20)
1_synth                   .odb            0            195 4289b28a70ffa2e3b7ba
1_synth                   .sdc                             3b767cadacc1f1fd673f
/OpenROAD-flow-scripts/flow/scripts/flow.sh 2_1_floorplan floorplan
Running floorplan.tcl, stage 2_1_floorplan
read_liberty /OpenROAD-flow-scripts/flow/platforms/nangate45/lib/NangateOpenCellLibrary_typical.lib
read_db ./results/nangate45/similarity_asic_transfer_local/base/1_synth.odb
read_sdc ./results/nangate45/similarity_asic_transfer_local/base/1_synth.sdc
source /OpenROAD-flow-scripts/flow/platforms/nangate45/setRC.tcl

==========================================================================
Floorplan check_setup
--------------------------------------------------------------------------
Warning: There is 1 input port missing set_input_delay.
Warning: There are 32 output ports missing set_output_delay.
Warning: There are 34 unconstrained endpoints.
number instances in verilog is 33227
initialize_floorplan -utilization 35 -aspect_ratio 1.0 -core_space 1.0 -site FreePDK45_38x28_10R_NP_162NW_34O
[INFO IFP-0107] Defining die area using utilization: 35.00% and aspect ratio: 1.
[WARNING IFP-0028] Core area lower left (1.000, 1.000) snapped to (1.140, 1.400).
[INFO IFP-0001] Added 322 rows of 2378 site FreePDK45_38x28_10R_NP_162NW_34O.
[INFO IFP-0100] Die BBox:  (  0.000  0.000 ) ( 454.000 454.000 ) um
[INFO IFP-0101] Core BBox: (  1.140  1.400 ) ( 452.960 452.200 ) um
[INFO IFP-0102] Core area:                       203680.456 um^2
[INFO IFP-0103] Total instances area:             71505.854 um^2
[INFO IFP-0104] Effective utilization:                0.351
[INFO IFP-0105] Number of instances:                  33227
source /OpenROAD-flow-scripts/flow/platforms/nangate45/make_tracks.tcl
source /OpenROAD-flow-scripts/flow/platforms/nangate45/fastroute.tcl
set_dont_use "TAPCELL_X1 FILLCELL_X1 AOI211_X1 OAI211_X1"
repair_tie_fanout -separation 0 NangateOpenCellLibrary/LOGIC0_X1/Z
repair_tie_fanout -separation 0 NangateOpenCellLibrary/LOGIC1_X1/Z
repair_timing -setup_margin 0 -hold_margin 0 -repair_tns 100 -setup -skip_last_gasp -sequence unbuffer,sizeup,swap,vt_swap -verbose
[WARNING EST-0027] no estimated parasitics. Using wire load models.
[INFO RSZ-0100] Repair move sequence: UnbufferMove SizeUpMove SwapPinsMove 
[INFO RSZ-0098] No setup violations found
[INFO RSZ-0505] Runtime: 0.07s
Default units for flow
 time 1ns
 capacitance 1fF
 resistance 1kohm
 voltage 1v
 current 1mA
 power 1nW
 distance 1um
   Layer   | Unit Resistance | Unit Capacitance 
           |       (kohm/um) |          (fF/um)
------------------------------------------------
    metal1 |        5.43e-03 |         7.42e-02
    metal2 |        3.57e-03 |         8.34e-02
    metal3 |        3.57e-03 |         1.04e-01
    metal4 |        1.50e-03 |         1.19e-01
    metal5 |        1.50e-03 |         1.09e-01
    metal6 |        1.50e-03 |         1.14e-01
    metal7 |        1.88e-04 |         1.17e-01
    metal8 |        1.88e-04 |         9.45e-02
    metal9 |        3.75e-05 |         1.06e-01
   metal10 |        3.75e-05 |         7.37e-01
------------------------------------------------

   Layer   | Via Resistance 
           |         (kohm) 
----------------------------
      via1 |       5.00e-03 
      via2 |       5.00e-03 
      via3 |       5.00e-03 
      via4 |       3.00e-03 
      via5 |       3.00e-03 
      via6 |       3.00e-03 
      via7 |       1.00e-03 
      via8 |       1.00e-03 
      via9 |       5.00e-04 
----------------------------
Report metrics stage 2, floorplan final...

==========================================================================
floorplan final report_design_area
--------------------------------------------------------------------------
Design area 71506 um^2 35% utilization.
write_db ./results/nangate45/similarity_asic_transfer_local/base/2_1_floorplan.odb
write_sdc -no_timestamp ./results/nangate45/similarity_asic_transfer_local/base/2_1_floorplan.sdc
Elapsed time: 0:03.36[h:]min:sec. CPU time: user 4.04 sys 0.14 (124%). Peak memory: 269628KB.
Log                       Ext     Elapsed/s Peak Memory/MB sha1sum result [0:20)
2_1_floorplan             .odb            3            263 24e570b379524282a73a
2_1_floorplan             .sdc                             3b767cadacc1f1fd673f
/OpenROAD-flow-scripts/flow/scripts/flow.sh 2_2_floorplan_macro macro_place
Running macro_place.tcl, stage 2_2_floorplan_macro
read_liberty /OpenROAD-flow-scripts/flow/platforms/nangate45/lib/NangateOpenCellLibrary_typical.lib
read_db ./results/nangate45/similarity_asic_transfer_local/base/2_1_floorplan.odb
read_sdc ./results/nangate45/similarity_asic_transfer_local/base/2_1_floorplan.sdc
source /OpenROAD-flow-scripts/flow/platforms/nangate45/setRC.tcl
No macros found: Skipping macro_placement
Design area 71506 um^2 35% utilization.
write_db ./results/nangate45/similarity_asic_transfer_local/base/2_2_floorplan_macro.odb
Elapsed time: 0:00.29[h:]min:sec. CPU time: user 0.26 sys 0.03 (98%). Peak memory: 150248KB.
Log                       Ext     Elapsed/s Peak Memory/MB sha1sum result [0:20)
2_2_floorplan_macro       .odb            0            146 24e570b379524282a73a
/OpenROAD-flow-scripts/flow/scripts/flow.sh 2_3_floorplan_tapcell tapcell
Running tapcell.tcl, stage 2_3_floorplan_tapcell
read_liberty /OpenROAD-flow-scripts/flow/platforms/nangate45/lib/NangateOpenCellLibrary_typical.lib
read_db ./results/nangate45/similarity_asic_transfer_local/base/2_2_floorplan_macro.odb
read_sdc ./results/nangate45/similarity_asic_transfer_local/base/2_1_floorplan.sdc
source /OpenROAD-flow-scripts/flow/platforms/nangate45/setRC.tcl
[INFO TAP-0004] Inserted 644 endcaps.
[INFO TAP-0005] Inserted 486 tapcells.
Design area 71806 um^2 35% utilization.
write_db ./results/nangate45/similarity_asic_transfer_local/base/2_3_floorplan_tapcell.odb
Elapsed time: 0:00.26[h:]min:sec. CPU time: user 0.23 sys 0.02 (98%). Peak memory: 148652KB.
Log                       Ext     Elapsed/s Peak Memory/MB sha1sum result [0:20)
2_3_floorplan_tapcell     .odb            0            145 eda47f0ef7826d36d824
/OpenROAD-flow-scripts/flow/scripts/flow.sh 2_4_floorplan_pdn pdn
Running pdn.tcl, stage 2_4_floorplan_pdn
read_liberty /OpenROAD-flow-scripts/flow/platforms/nangate45/lib/NangateOpenCellLibrary_typical.lib
read_db ./results/nangate45/similarity_asic_transfer_local/base/2_3_floorplan_tapcell.odb
read_sdc ./results/nangate45/similarity_asic_transfer_local/base/2_1_floorplan.sdc
source /OpenROAD-flow-scripts/flow/platforms/nangate45/setRC.tcl
[WARNING PDN-1051] No instances found for grid (CORE_macro_grid_1).
[WARNING PDN-1051] No instances found for grid (CORE_macro_grid_2).
[INFO PDN-0001] Inserting grid: grid
[INFO PDN-0500] Runtime: 0.03s
Design area 71806 um^2 35% utilization.
write_db ./results/nangate45/similarity_asic_transfer_local/base/2_4_floorplan_pdn.odb
Elapsed time: 0:00.46[h:]min:sec. CPU time: user 0.43 sys 0.03 (99%). Peak memory: 159152KB.
Log                       Ext     Elapsed/s Peak Memory/MB sha1sum result [0:20)
2_4_floorplan_pdn         .odb            0            155 2e966d3015c9989be186
cp ./results/nangate45/similarity_asic_transfer_local/base/2_4_floorplan_pdn.odb ./results/nangate45/similarity_asic_transfer_local/base/2_floorplan.odb
cp ./results/nangate45/similarity_asic_transfer_local/base/2_1_floorplan.sdc ./results/nangate45/similarity_asic_transfer_local/base/2_floorplan.sdc
/OpenROAD-flow-scripts/flow/scripts/flow.sh 3_1_place_gp_skip_io global_place_skip_io
Running global_place_skip_io.tcl, stage 3_1_place_gp_skip_io
read_liberty /OpenROAD-flow-scripts/flow/platforms/nangate45/lib/NangateOpenCellLibrary_typical.lib
read_db ./results/nangate45/similarity_asic_transfer_local/base/2_floorplan.odb
read_sdc ./results/nangate45/similarity_asic_transfer_local/base/2_floorplan.sdc
source /OpenROAD-flow-scripts/flow/platforms/nangate45/setRC.tcl
global_placement -skip_io -density 0.5 -pad_left 0 -pad_right 0 -random_seed 277
[INFO GPL-0190] Using 2 of 4 threads for placement: one per core, SMT siblings idle.
[INFO GPL-0001] ---- Initialize GPL Main Data Structures
[INFO GPL-0002] DBU: 2000
[INFO GPL-0003] SiteSize: (  0.190  1.400 ) um
[INFO GPL-0004] CoreBBox: (  1.140  1.400 ) ( 452.960 452.200 ) um
[INFO GPL-0016] Core area:                  203680.456 um^2
[INFO GPL-0036] Movable instances area:      71505.854 um^2
[INFO GPL-0037] Total instances area:        71806.434 um^2
[INFO GPL-0035] Pin density area adjust:      1783.553 um^2
[INFO GPL-0032] ---- Initialize Region: Top-level
[INFO GPL-0006] Number of instances:             34357
[INFO GPL-0007] Movable instances:               33227
[INFO GPL-0008] Fixed instances:                  1130
[INFO GPL-0009] Dummy instances:                     0
[INFO GPL-0010] Number of nets:                  46045
[INFO GPL-0011] Number of pins:                 122159
[INFO GPL-0012] Die BBox:       (  0.000  0.000 ) ( 454.000 454.000 ) um
[INFO GPL-0013] Placement BBox: (  1.140  1.400 ) ( 452.960 452.200 ) um
[INFO GPL-0014] Region name: top-level.
[INFO GPL-0015] Region area:                203680.456 um^2
[INFO GPL-0017] Fixed instances area:          300.580 um^2
[INFO GPL-0018] Movable instances area:      73289.407 um^2
[INFO GPL-0019] Utilization:                    36.036 %
[INFO GPL-0020] Standard cells area:         73289.407 um^2
[INFO GPL-0021] Large instances area:            0.000 um^2
[INFO GPL-0005] ---- Execute Conjugate Gradient Initial Placement.
[INFO GPL-0051] Source of initial instance position counters:
	Odb location = 0	Core center = 33227	Region center = 0
[INFO GPL-0033] ---- Initialize Nesterov Region: Top-level
[INFO GPL-0023] Placement target density:       0.5000
[INFO GPL-0024] Movable insts average area:      2.206 um^2
[INFO GPL-0025] Ideal bin area:                  4.411 um^2
[INFO GPL-0026] Ideal bin count:                 46171
[INFO GPL-0027] Total bin area:             203680.456 um^2
[INFO GPL-0028] Bin count (X, Y):         128 ,    128
[INFO GPL-0029] Bin size (W * H):       3.530 *  3.522 um
[INFO GPL-0030] Number of bins:                  16384
[INFO GPL-0084] ---- Execute Nesterov Global Placement.
[INFO GPL-0031] HPWL: Half-Perimeter Wirelength
Iteration | Overflow |     HPWL (um) |  HPWL(%) |   Penalty | Group
---------------------------------------------------------------
        0 |   0.9993 |  4.606669e+04 |   +0.00% |  6.95e-16 |      
       10 |   0.9990 |  3.681027e+04 |  -20.09% |  1.13e-15 |      
       20 |   0.9990 |  3.661307e+04 |   -0.54% |  1.84e-15 |      
       30 |   0.9988 |  3.659278e+04 |   -0.06% |  3.00e-15 |      
       40 |   0.9988 |  3.658560e+04 |   -0.02% |  4.89e-15 |      
       50 |   0.9988 |  3.656544e+04 |   -0.06% |  7.97e-15 |      
       60 |   0.9988 |  3.653375e+04 |   -0.09% |  1.30e-14 |      
       70 |   0.9988 |  3.652960e+04 |   -0.01% |  2.11e-14 |      
       80 |   0.9987 |  3.662700e+04 |   +0.27% |  3.44e-14 |      
       90 |   0.9987 |  3.693123e+04 |   +0.83% |  5.61e-14 |      
      100 |   0.9986 |  3.770308e+04 |   +2.09% |  9.13e-14 |      
      110 |   0.9980 |  3.963953e+04 |   +5.14% |  1.49e-13 |      
      120 |   0.9971 |  4.396911e+04 |  +10.92% |  2.42e-13 |      
      130 |   0.9959 |  5.255190e+04 |  +19.52% |  3.94e-13 |      
      140 |   0.9932 |  6.582696e+04 |  +25.26% |  6.39e-13 |      
      150 |   0.9892 |  8.136962e+04 |  +23.61% |  1.04e-12 |      
      160 |   0.9828 |  9.707398e+04 |  +19.30% |  1.68e-12 |      
      170 |   0.9743 |  1.133501e+05 |  +16.77% |  2.73e-12 |      
      180 |   0.9626 |  1.322523e+05 |  +16.68% |  4.44e-12 |      
      190 |   0.9451 |  1.555703e+05 |  +17.63% |  7.19e-12 |      
      200 |   0.9227 |  1.831899e+05 |  +17.75% |  1.16e-11 |      
      210 |   0.8931 |  2.124294e+05 |  +15.96% |  1.88e-11 |      
      220 |   0.8590 |  2.404820e+05 |  +13.21% |  3.05e-11 |      
      230 |   0.8230 |  2.678542e+05 |  +11.38% |  4.94e-11 |      
      240 |   0.7852 |  2.947523e+05 |  +10.04% |  8.00e-11 |      
      250 |   0.7500 |  3.242906e+05 |  +10.02% |  1.29e-10 |      
      260 |   0.7056 |  3.582592e+05 |  +10.47% |  2.09e-10 |      
      270 |   0.6609 |  3.839894e+05 |   +7.18% |  3.39e-10 |      
      280 |   0.6255 |  4.044822e+05 |   +5.34% |  5.50e-10 |      
      290 |   0.5891 |  4.197711e+05 |   +3.78% |  8.92e-10 |      
      300 |   0.5515 |  4.294864e+05 |   +2.31% |  1.45e-09 |      
      310 |   0.5150 |  4.383060e+05 |   +2.05% |  2.36e-09 |      
      320 |   0.4794 |  4.393253e+05 |   +0.23% |  3.84e-09 |      
      330 |   0.4410 |  4.398184e+05 |   +0.11% |  6.25e-09 |      
      340 |   0.4009 |  4.406174e+05 |   +0.18% |  1.02e-08 |      
      350 |   0.3579 |  4.422517e+05 |   +0.37% |  1.66e-08 |      
      360 |   0.3202 |  4.412835e+05 |   -0.22% |  2.51e-08 |      
      370 |   0.2827 |  4.411923e+05 |   -0.02% |  3.70e-08 |      
      380 |   0.2491 |  4.415029e+05 |   +0.07% |  5.45e-08 |      
      390 |   0.2153 |  4.426295e+05 |   +0.26% |  8.03e-08 |      
      400 |   0.1855 |  4.437822e+05 |   +0.26% |  1.18e-07 |      
      410 |   0.1603 |  4.450755e+05 |   +0.29% |  1.74e-07 |      
      420 |   0.1377 |  4.460628e+05 |   +0.22% |  2.57e-07 |      
      430 |   0.1186 |  4.470614e+05 |   +0.22% |  3.78e-07 |      
      440 |   0.1023 |  4.479426e+05 |   +0.20% |  5.57e-07 |      
      442 |   0.0994 |  4.480953e+05 |          |  6.25e-07 |      
---------------------------------------------------------------
[INFO GPL-1001] Global placement finished at iteration 442
[INFO GPL-1002] Placed Cell Area            73289.4070
[INFO GPL-1003] Available Free Area         203379.8760
[INFO GPL-1004] Minimum Feasible Density        0.3700 (cell_area / free_area)
[INFO GPL-1006]   Suggested Target Densities:
[INFO GPL-1007]     - For 90% usage of free space: 0.4004
[INFO GPL-1008]     - For 80% usage of free space: 0.4504
[INFO GPL-1009]     - For 50% usage of free space: 0.7207
[INFO GPL-1014] Final placement area: 73289.41 (+0.00%)
[INFO GPL-1018] Final HPWL (um): 449516.19
Design area 71806 um^2 35% utilization.
write_db ./results/nangate45/similarity_asic_transfer_local/base/3_1_place_gp_skip_io.odb
Elapsed time: 0:04.92[h:]min:sec. CPU time: user 8.14 sys 0.12 (168%). Peak memory: 221092KB.
Log                       Ext     Elapsed/s Peak Memory/MB sha1sum result [0:20)
3_1_place_gp_skip_io      .odb            4            215 80b7b3e4e14113c1a4fd
/OpenROAD-flow-scripts/flow/scripts/flow.sh 3_2_place_iop io_placement
Running io_placement.tcl, stage 3_2_place_iop
read_liberty /OpenROAD-flow-scripts/flow/platforms/nangate45/lib/NangateOpenCellLibrary_typical.lib
read_db ./results/nangate45/similarity_asic_transfer_local/base/3_1_place_gp_skip_io.odb
read_sdc ./results/nangate45/similarity_asic_transfer_local/base/2_floorplan.sdc
source /OpenROAD-flow-scripts/flow/platforms/nangate45/setRC.tcl
place_pins -hor_layers metal5 -ver_layers metal6
Found 0 macro blocks.
Using 2 tracks default min distance between IO pins.
[INFO PPL-0001] Number of available slots 3228
[INFO PPL-0002] Number of I/O             34
[INFO PPL-0003] Number of I/O w/sink      34
[INFO PPL-0004] Number of I/O w/o sink    0
[INFO PPL-0005] Slots per section         200
[INFO PPL-0008] Successfully assigned pins to sections.
[INFO PPL-0012] I/O nets HPWL: 6438.85 um.
Design area 71806 um^2 35% utilization.
write_db ./results/nangate45/similarity_asic_transfer_local/base/3_2_place_iop.odb
Elapsed time: 0:00.32[h:]min:sec. CPU time: user 0.28 sys 0.03 (98%). Peak memory: 154088KB.
Log                       Ext     Elapsed/s Peak Memory/MB sha1sum result [0:20)
3_2_place_iop             .odb            0            150 14058071b3471ba81fb8
/OpenROAD-flow-scripts/flow/scripts/flow.sh 3_3_place_gp global_place
Running global_place.tcl, stage 3_3_place_gp
read_liberty /OpenROAD-flow-scripts/flow/platforms/nangate45/lib/NangateOpenCellLibrary_typical.lib
read_db ./results/nangate45/similarity_asic_transfer_local/base/3_2_place_iop.odb
read_sdc ./results/nangate45/similarity_asic_transfer_local/base/2_floorplan.sdc
source /OpenROAD-flow-scripts/flow/platforms/nangate45/setRC.tcl
[INFO RSZ-0026] Removed 2047 buffers.
Perform port buffering...
[INFO RSZ-0027] Inserted 1 BUF_X1 input buffers.
[INFO RSZ-0028] Inserted 32 BUF_X1 output buffers.
global_placement -density 0.5 -pad_left 0 -pad_right 0 -routability_driven -random_seed 277 -timing_driven -force_center_initial_place -min_phi_coef 0.95 -max_phi_coef 1.05
[INFO GPL-0190] Using 2 of 4 threads for placement: one per core, SMT siblings idle.
[INFO GPL-0001] ---- Initialize GPL Main Data Structures
[INFO GPL-0002] DBU: 2000
[INFO GPL-0003] SiteSize: (  0.190  1.400 ) um
[INFO GPL-0004] CoreBBox: (  1.140  1.400 ) ( 452.960 452.200 ) um
[INFO GPL-0016] Core area:                  203680.456 um^2
[INFO GPL-0036] Movable instances area:      69898.682 um^2
[INFO GPL-0037] Total instances area:        70199.262 um^2
[INFO GPL-0035] Pin density area adjust:      1850.251 um^2
[INFO GPL-0032] ---- Initialize Region: Top-level
[INFO GPL-0006] Number of instances:             32343
[INFO GPL-0007] Movable instances:               31213
[INFO GPL-0008] Fixed instances:                  1130
[INFO GPL-0009] Dummy instances:                     0
[INFO GPL-0010] Number of nets:                  44031
[INFO GPL-0011] Number of pins:                 118165
[INFO GPL-0012] Die BBox:       (  0.000  0.000 ) ( 454.000 454.000 ) um
[INFO GPL-0013] Placement BBox: (  1.140  1.400 ) ( 452.960 452.200 ) um
[INFO GPL-0014] Region name: top-level.
[INFO GPL-0015] Region area:                203680.456 um^2
[INFO GPL-0017] Fixed instances area:          300.580 um^2
[INFO GPL-0018] Movable instances area:      71748.933 um^2
[INFO GPL-0019] Utilization:                    35.278 %
[INFO GPL-0020] Standard cells area:         71748.933 um^2
[INFO GPL-0021] Large instances area:            0.000 um^2
[INFO GPL-0005] ---- Execute Conjugate Gradient Initial Placement.
[INFO GPL-0051] Source of initial instance position counters:
	Odb location = 0	Core center = 31213	Region center = 0
[InitialPlace]  Iter: 1 conjugate gradient residual: 0.00112931 HPWL: 1044015270
[InitialPlace]  Iter: 2 conjugate gradient residual: 0.00116855 HPWL: 368858703
[InitialPlace]  Iter: 3 conjugate gradient residual: 0.00083886 HPWL: 375702454
[InitialPlace]  Iter: 4 conjugate gradient residual: 0.00217916 HPWL: 379983334
[InitialPlace]  Iter: 5 conjugate gradient residual: 0.00094788 HPWL: 381856619
[InitialPlace]  Iter: 6 conjugate gradient residual: 0.00039141 HPWL: 382837796
[InitialPlace]  Iter: 7 conjugate gradient residual: 0.00085920 HPWL: 383403230
[InitialPlace]  Iter: 8 conjugate gradient residual: 0.00073703 HPWL: 383960960
[InitialPlace]  Iter: 9 conjugate gradient residual: 0.00026742 HPWL: 383836020
[InitialPlace]  Iter: 10 conjugate gradient residual: 0.00023387 HPWL: 384091080
[InitialPlace]  Iter: 11 conjugate gradient residual: 0.00018073 HPWL: 384287718
[InitialPlace]  Iter: 12 conjugate gradient residual: 0.00019162 HPWL: 384411417
[InitialPlace]  Iter: 13 conjugate gradient residual: 0.00016039 HPWL: 384541833
[InitialPlace]  Iter: 14 conjugate gradient residual: 0.00017787 HPWL: 384585966
[InitialPlace]  Iter: 15 conjugate gradient residual: 0.00015836 HPWL: 384697739
[InitialPlace]  Iter: 16 conjugate gradient residual: 0.00016037 HPWL: 384732520
[InitialPlace]  Iter: 17 conjugate gradient residual: 0.00012839 HPWL: 384800446
[InitialPlace]  Iter: 18 conjugate gradient residual: 0.00013241 HPWL: 384792092
[InitialPlace]  Iter: 19 conjugate gradient residual: 0.00012624 HPWL: 384841123
[InitialPlace]  Iter: 20 conjugate gradient residual: 0.00011506 HPWL: 384839693
[INFO GPL-0033] ---- Initialize Nesterov Region: Top-level
[INFO GPL-0023] Placement target density:       0.5000
[INFO GPL-0024] Movable insts average area:      2.299 um^2
[INFO GPL-0025] Ideal bin area:                  4.597 um^2
[INFO GPL-0026] Ideal bin count:                 44303
[INFO GPL-0027] Total bin area:             203680.456 um^2
[INFO GPL-0028] Bin count (X, Y):         128 ,    128
[INFO GPL-0029] Bin size (W * H):       3.530 *  3.522 um
[INFO GPL-0030] Number of bins:                  16384
[INFO GPL-0084] ---- Execute Nesterov Global Placement.
[INFO GPL-0031] HPWL: Half-Perimeter Wirelength
Iteration | Overflow |     HPWL (um) |  HPWL(%) |   Penalty | Group
---------------------------------------------------------------
        0 |   0.9967 |  4.338889e+04 |   +0.00% |  1.62e-16 |      
       10 |   0.9931 |  5.321763e+04 |  +22.65% |  2.64e-16 |      
       20 |   0.9929 |  5.505178e+04 |   +3.45% |  4.30e-16 |      
       30 |   0.9927 |  5.593298e+04 |   +1.60% |  7.00e-16 |      
       40 |   0.9926 |  5.655960e+04 |   +1.12% |  1.14e-15 |      
       50 |   0.9925 |  5.715882e+04 |   +1.06% |  1.86e-15 |      
       60 |   0.9924 |  5.752204e+04 |   +0.64% |  3.02e-15 |      
       70 |   0.9924 |  5.767535e+04 |   +0.27% |  4.93e-15 |      
       80 |   0.9923 |  5.766488e+04 |   -0.02% |  8.02e-15 |      
       90 |   0.9921 |  5.768168e+04 |   +0.03% |  1.31e-14 |      
      100 |   0.9920 |  5.782760e+04 |   +0.25% |  2.13e-14 |      
      110 |   0.9919 |  5.818713e+04 |   +0.62% |  3.47e-14 |      
      120 |   0.9920 |  5.891186e+04 |   +1.25% |  5.65e-14 |      
      130 |   0.9916 |  6.022910e+04 |   +2.24% |  9.20e-14 |      
      140 |   0.9904 |  6.247002e+04 |   +3.72% |  1.50e-13 |      
      150 |   0.9891 |  6.605506e+04 |   +5.74% |  2.44e-13 |      
      160 |   0.9866 |  7.113708e+04 |   +7.69% |  3.97e-13 |      
      170 |   0.9828 |  7.766790e+04 |   +9.18% |  6.45e-13 |      
      180 |   0.9771 |  8.561024e+04 |  +10.23% |  1.05e-12 |      
      190 |   0.9686 |  9.503356e+04 |  +11.01% |  1.71e-12 |      
      200 |   0.9566 |  1.061863e+05 |  +11.74% |  2.77e-12 |      
      210 |   0.9392 |  1.194127e+05 |  +12.46% |  4.50e-12 |      
      220 |   0.9157 |  1.350117e+05 |  +13.06% |  7.31e-12 |      
      230 |   0.8885 |  1.526741e+05 |  +13.08% |  1.19e-11 |      
      240 |   0.8601 |  1.723246e+05 |  +12.87% |  1.92e-11 |      
      250 |   0.8258 |  1.932572e+05 |  +12.15% |  3.12e-11 |      
      260 |   0.7925 |  2.139089e+05 |  +10.69% |  5.06e-11 |      
      270 |   0.7608 |  2.350894e+05 |   +9.90% |  8.20e-11 |      
      280 |   0.7245 |  2.585119e+05 |   +9.96% |  1.33e-10 |      
      290 |   0.6877 |  2.832439e+05 |   +9.57% |  2.15e-10 |      
      300 |   0.6519 |  3.046121e+05 |   +7.54% |  3.49e-10 |      
[INFO GPL-0100] Timing-driven iteration 1/2, virtual: false.
[INFO GPL-0101]    Iter: 306, overflow: 0.633, keep resizer changes at: 1, HPWL: 637910837
Iteration |   Area    | Resized | Buffers | Nets repaired | Remaining
---------------------------------------------------------------------
        0 |     +0.0% |       0 |       0 |             0 |     44031
    final |     +0.8% |     172 |     338 |           287 |         0
---------------------------------------------------------------------
[INFO RSZ-0034] Found 131 slew violations.
[INFO RSZ-0035] Found 27 fanout violations.
[INFO RSZ-0036] Found 164 capacitance violations.
[INFO RSZ-0039] Resized 172 instances.
[INFO RSZ-0038] Inserted 338 buffers in 287 nets.
   Iter   |    Area   | Removed | Inserted |   Pins
          |           | Buffers | Buffers  | Remaining
-------------------------------------------------------
        0 |     +0.0% |       0 |        0 |     44029
     4400 |     +0.0% |       0 |        0 |     39629
     8800 |     +0.0% |       0 |        0 |     35229
    13200 |     +0.0% |       0 |        0 |     30829
    17600 |     +0.0% |       0 |        0 |     26429
    22000 |     +0.0% |       0 |        0 |     22029
    26400 |     -0.2% |      99 |       23 |     17629
    30800 |     -0.3% |     141 |       65 |     13229
    35200 |     -0.4% |     287 |      199 |      8829
    39600 |     -0.4% |     296 |      209 |      4429
    44000 |     -0.4% |     332 |      248 |        29
    final |     -0.4% |     338 |      252 |         0
-------------------------------------------------------
[INFO GPL-0106] Timing-driven: worst slack 1.8422304e-08
[INFO GPL-0107] Timing-driven: repair_design delta area: 228.356 um^2 (+0.32%)
[INFO GPL-0108] Timing-driven: repair_design, gpl delta gcells: 252 (+0.81%)
[INFO GPL-0109] Timing-driven: repair_design, gcells created: 590, deleted: 338
[INFO GPL-0110] Timing-driven: new target density: 0.5011228
Iteration | Overflow |     HPWL (um) |  HPWL(%) |   Penalty | Group
---------------------------------------------------------------
      310 |   0.6217 |  3.258736e+05 |   +6.98% |  5.64e-10 |      
      320 |   0.6032 |  3.330359e+05 |   +2.20% |  9.18e-10 |      
[INFO GPL-0038] Routability snapshot saved at iter = 323
      322 |   0.5987 |  3.350541e+05 |          |           |      
      330 |   0.5707 |  3.455609e+05 |   +3.76% |  1.49e-09 |      
      340 |   0.5266 |  3.535853e+05 |   +2.32% |  2.42e-09 |      
      350 |   0.4882 |  3.579740e+05 |   +1.24% |  3.95e-09 |      
      360 |   0.4510 |  3.595356e+05 |   +0.44% |  6.43e-09 |      
      370 |   0.4139 |  3.636010e+05 |   +1.13% |  1.05e-08 |      
      380 |   0.3705 |  3.669712e+05 |   +0.93% |  1.70e-08 |      
      390 |   0.3293 |  3.690352e+05 |   +0.56% |  2.66e-08 |      
[INFO GPL-0040] Routability iteration: 1
[WARNING GRT-0281] Net clk has a large fanout of 2847 terminals.
[INFO GPL-0088] Tiles the placer can act on: 11335 of 25281 (44.84%)
[INFO GPL-0041] Total routing overflow: 0.0000
[INFO GPL-0042] Number of overflowed tiles: 0 (0.00%)
[INFO GPL-0043] Average top 0.5% routing congestion: 0.6467
[INFO GPL-0044] Average top 1.0% routing congestion: 0.6067
[INFO GPL-0045] Average top 2.0% routing congestion: 0.5683
[INFO GPL-0046] Average top 5.0% routing congestion: 0.5128
[INFO GPL-0047] Routability iteration weighted routing congestion: 0.6267
[INFO GPL-0050] Weighted routing congestion is lower than target routing congestion(1.0100), end routability optimization.
[INFO GPL-0090] Routability finished. Target routing congestion achieved succesfully.
Iteration | Overflow |     HPWL (um) |  HPWL(%) |   Penalty | Group
---------------------------------------------------------------
      400 |   0.2956 |  3.691646e+05 |   +0.04% |  3.92e-08 |      
      410 |   0.2584 |  3.704578e+05 |   +0.35% |  5.78e-08 |      
      420 |   0.2239 |  3.716412e+05 |   +0.32% |  8.51e-08 |      
[INFO GPL-0100] Timing-driven iteration 2/2, virtual: false.
[INFO GPL-0101]    Iter: 430, overflow: 0.194, keep resizer changes at: 1, HPWL: 744502953
Iteration |   Area    | Resized | Buffers | Nets repaired | Remaining
---------------------------------------------------------------------
        0 |     +0.0% |       0 |       0 |             0 |     44283
    final |     +0.3% |       0 |      98 |            98 |         0
---------------------------------------------------------------------
[INFO RSZ-0036] Found 98 capacitance violations.
[INFO RSZ-0038] Inserted 98 buffers in 98 nets.
   Iter   |    Area   | Removed | Inserted |   Pins
          |           | Buffers | Buffers  | Remaining
-------------------------------------------------------
        0 |     +0.0% |       0 |        0 |     44029
     4400 |     +0.0% |       0 |        0 |     39629
     8800 |     +0.0% |       0 |        0 |     35229
    13200 |     +0.0% |       0 |        0 |     30829
    17600 |     +0.0% |       0 |        0 |     26429
    22000 |     -0.0% |       1 |        0 |     22029
    26400 |     -0.1% |     101 |       97 |     17629
    30800 |     -0.1% |     145 |      139 |     13229
    35200 |     -0.1% |     293 |      285 |      8829
    39600 |     -0.1% |     305 |      296 |      4429
    44000 |     -0.1% |     346 |      335 |        29
    final |     -0.1% |     350 |      339 |         0
-------------------------------------------------------
[INFO GPL-0106] Timing-driven: worst slack 1.8449896e-08
[INFO GPL-0107] Timing-driven: repair_design delta area: 87.514 um^2 (+0.12%)
[INFO GPL-0108] Timing-driven: repair_design, gpl delta gcells: 87 (+0.28%)
[INFO GPL-0109] Timing-driven: repair_design, gcells created: 437, deleted: 350
[INFO GPL-0110] Timing-driven: new target density: 0.5015531
Iteration | Overflow |     HPWL (um) |  HPWL(%) |   Penalty | Group
---------------------------------------------------------------
      430 |   0.1923 |  3.764588e+05 |   +1.30% |  1.25e-07 |      
      440 |   0.1677 |  3.755911e+05 |   -0.23% |  1.84e-07 |      
      450 |   0.1457 |  3.760553e+05 |   +0.12% |  2.72e-07 |      
      460 |   0.1245 |  3.766665e+05 |   +0.16% |  4.00e-07 |      
      470 |   0.1058 |  3.767173e+05 |   +0.01% |  5.89e-07 |      
      474 |   0.0992 |  3.769990e+05 |          |  7.15e-07 |      
---------------------------------------------------------------
[INFO GPL-1001] Global placement finished at iteration 474
[INFO GPL-1017] Routability mode iteration count: 76
[INFO GPL-1005] Routability final weighted congestion: 0.5166
[INFO GPL-1002] Placed Cell Area            72064.8030
[INFO GPL-1003] Available Free Area         203379.8760
[INFO GPL-1004] Minimum Feasible Density        0.3600 (cell_area / free_area)
[INFO GPL-1006]   Suggested Target Densities:
[INFO GPL-1007]     - For 90% usage of free space: 0.3937
[INFO GPL-1008]     - For 80% usage of free space: 0.4429
[INFO GPL-1009]     - For 50% usage of free space: 0.7087
[INFO GPL-1011] Original area (um^2): 71748.93
[INFO GPL-1012] Total routability artificial inflation: 0.00 (+0.00%)
[INFO GPL-1013] Total timing-driven delta area: 315.87 (+0.44%)
[INFO GPL-1014] Final placement area: 72064.80 (+0.44%)
[INFO GPL-1018] Final HPWL (um): 378398.04
Took 19 seconds: global_placement -density 0.5 -pad_left 0 -pad_right 0 -routability_driven -random_seed 277 -timing_driven -force_center_initial_place -min_phi_coef 0.95 -max_phi_coef 1.05
estimate_parasitics -placement
Report metrics stage 3, global place...

==========================================================================
global place report_design_area
--------------------------------------------------------------------------
Design area 70563 um^2 35% utilization.
write_db ./results/nangate45/similarity_asic_transfer_local/base/3_3_place_gp.odb
Elapsed time: 0:24.07[h:]min:sec. CPU time: user 34.89 sys 1.24 (150%). Peak memory: 627440KB.
Log                       Ext     Elapsed/s Peak Memory/MB sha1sum result [0:20)
3_3_place_gp              .odb           24            612 15c3094d0348d9804bc8
/OpenROAD-flow-scripts/flow/scripts/flow.sh 3_4_place_resized resize
Running resize.tcl, stage 3_4_place_resized
read_liberty /OpenROAD-flow-scripts/flow/platforms/nangate45/lib/NangateOpenCellLibrary_typical.lib
read_db ./results/nangate45/similarity_asic_transfer_local/base/3_3_place_gp.odb
read_sdc ./results/nangate45/similarity_asic_transfer_local/base/2_floorplan.sdc
source /OpenROAD-flow-scripts/flow/platforms/nangate45/setRC.tcl
estimate_parasitics -placement
Perform buffer insertion and gate resizing...
repair_design -verbose -cap_margin 30 -slew_margin 25
Iteration |   Area    | Resized | Buffers | Nets repaired | Remaining
---------------------------------------------------------------------
        0 |     +0.0% |       0 |       0 |             0 |     44370
     1000 |     +0.0% |       0 |       0 |             0 |     43370
     2000 |     +0.0% |       0 |       0 |             0 |     42370
     3000 |     +0.0% |       0 |       0 |             0 |     41370
     4000 |     +0.0% |       0 |       0 |             0 |     40370
     5000 |     +0.0% |       0 |       2 |             2 |     39370
     6000 |     +0.0% |       0 |       5 |             5 |     38370
     7000 |     +0.0% |       0 |       5 |             5 |     37370
     8000 |     +0.0% |       0 |       6 |             6 |     36370
     9000 |     +0.0% |       0 |       6 |             6 |     35370
    10000 |     +0.0% |       0 |       8 |             8 |     34370
    11000 |     +0.0% |       0 |       8 |             8 |     33370
    12000 |     +0.0% |       0 |       8 |             8 |     32370
    13000 |     +0.0% |       0 |      14 |            14 |     31370
    14000 |     +0.0% |       0 |      14 |            14 |     30370
    15000 |     +0.0% |       0 |      14 |            14 |     29370
    16000 |     +0.0% |       0 |      21 |            21 |     28370
    17000 |     +0.0% |       0 |      21 |            21 |     27370
    18000 |     +0.0% |       0 |      21 |            21 |     26370
    19000 |     +0.1% |       0 |      30 |            30 |     25370
    20000 |     +0.1% |       0 |      30 |            30 |     24370
    21000 |     +0.1% |       0 |      30 |            30 |     23370
    22000 |     +0.1% |       0 |      33 |            33 |     22370
    23000 |     +0.2% |       0 |      95 |            95 |     21370
    24000 |     +0.2% |       0 |      95 |            95 |     20370
    25000 |     +0.2% |       0 |      95 |            95 |     19370
    26000 |     +0.3% |       0 |     134 |           134 |     18370
    27000 |     +0.3% |       0 |     136 |           136 |     17370
    28000 |     +0.3% |       0 |     139 |           139 |     16370
    29000 |     +0.3% |       0 |     143 |           143 |     15370
    30000 |     +0.4% |       0 |     171 |           171 |     14370
    31000 |     +0.4% |       0 |     178 |           178 |     13370
    32000 |     +0.4% |       0 |     185 |           185 |     12370
    33000 |     +0.5% |       0 |     188 |           188 |     11370
    34000 |     +0.5% |       0 |     197 |           197 |     10370
    35000 |     +0.5% |       0 |     207 |           207 |      9370
    36000 |     +0.5% |       0 |     223 |           223 |      8370
    37000 |     +0.6% |       0 |     257 |           257 |      7370
    38000 |     +0.7% |       0 |     292 |           292 |      6370
    39000 |     +0.8% |       0 |     316 |           316 |      5370
    40000 |     +0.8% |       0 |     316 |           316 |      4370
    41000 |     +0.8% |       0 |     316 |           316 |      3370
    42000 |     +0.8% |       0 |     316 |           316 |      2370
    43000 |     +0.8% |       0 |     316 |           316 |      1370
    44000 |     +0.8% |       0 |     317 |           317 |       370
    final |     +0.8% |       0 |     317 |           317 |         0
---------------------------------------------------------------------
[INFO RSZ-0034] Found 2 slew violations.
[INFO RSZ-0036] Found 317 capacitance violations.
[INFO RSZ-0038] Inserted 317 buffers in 317 nets.
[INFO RSZ-0504] Runtime: 2.21s
Floating nets: 
Report metrics stage 3, resizer...

==========================================================================
resizer report_design_area
--------------------------------------------------------------------------
Design area 71118 um^2 35% utilization.
Instance count before 32682, after 32999
Pin count before 118809, after 119443
write_db ./results/nangate45/similarity_asic_transfer_local/base/3_4_place_resized.odb
Elapsed time: 0:08.63[h:]min:sec. CPU time: user 12.21 sys 0.51 (147%). Peak memory: 282620KB.
Log                       Ext     Elapsed/s Peak Memory/MB sha1sum result [0:20)
3_4_place_resized         .odb            8            275 f737dab2736e983d1281
/OpenROAD-flow-scripts/flow/scripts/flow.sh 3_5_place_dp detail_place
Running detail_place.tcl, stage 3_5_place_dp
read_liberty /OpenROAD-flow-scripts/flow/platforms/nangate45/lib/NangateOpenCellLibrary_typical.lib
read_db ./results/nangate45/similarity_asic_transfer_local/base/3_4_place_resized.odb
read_sdc ./results/nangate45/similarity_asic_transfer_local/base/2_floorplan.sdc
source /OpenROAD-flow-scripts/flow/platforms/nangate45/setRC.tcl
detailed_placement
[INFO DPL-0006] Core area: 203680.46 um^2
[INFO DPL-0007] Movable instances area: 70817.45 um^2
[INFO DPL-0008] Fixed instances area within core: 300.58 um^2
[INFO DPL-0009] Utilization: 34.9%
[INFO DPL-0005] Diamond search max displacement: +/- 500 sites horizontally, +/- 100 rows vertically.
[INFO DPL-1102] Legalizing using negotiation legalizer.
[INFO DPL-1103] Negotiation base search window: +/-20 sites horizontally, +/-5 rows vertically 
	Automatic search window extension enabled.
	Search window extendable up to the max displacement cap of +/-500 sites, +/-100 rows near walls.
[INFO DPL-1104] NegotiationLegalizer DRC penalty: 5.
[INFO DPL-0392] Negotiation cell height distribution (1 unique row-count(s)):
[INFO DPL-0393]   height 1 row(s): 32999 cells
          |      Total |  Illegal |  Illegal
Iteration | Violations |    Cells |    Sites
---------------------------------------------
        0 |      10599 |      2979 |      7575
        1 |         62 |        30 |        32
        2 |          0 |         0 |         0
Negotiation phase 1 converged at iteration 2.
[INFO DPL-0500] Runtime: 0.29s
Placement Analysis
---------------------------------
total displacement      40776.1 u
average displacement        1.2 u
max displacement            6.1 u
original HPWL          383490.2 u
legalized HPWL         406309.5 u
delta HPWL                    6 %

improve_placement -max_displacement "5 1"
Detailed placement improvement.
[INFO DPL-0401] Setting random seed to 1.
[INFO DPL-0402] Setting maximum displacement 5 1 to 14000 2800 units.
[INFO DPL-0320] Collected 1164 fixed cells.
[INFO DPL-0318] Collected 31869 single height cells.
[INFO DPL-0321] Collected 0 wide cells.
[INFO DPL-0322] Image (2280, 2800) - (905920, 904400)
[INFO DPL-0310] Assigned 31869 cells into segments.  Movement in X-direction is 0.000000, movement in Y-direction is 0.000000.
[INFO DPL-0313] Found 0 cells in wrong regions.
[INFO DPL-0315] Found 0 row alignment problems.
[INFO DPL-0314] Found 0 site alignment problems.
[INFO DPL-0311] Found 0 overlaps between adjacent cells.
[INFO DPL-0312] Found 0 edge spacing violations and 0 padding violations.
[INFO DPL-0303] Running algorithm for independent set matching.
[INFO DPL-0300] Set matching objective is wirelength.
[INFO DPL-0301] Pass   1 of matching; objective is 8.105103e+08.
[INFO DPL-0302] End of matching; objective is 8.095965e+08, improvement is 0.11 percent.
[INFO DPL-0303] Running algorithm for global swaps.
[INFO DPL-0306] Pass   1 of global swaps; hpwl is 7.980201e+08.
[INFO DPL-0306] Pass   2 of global swaps; hpwl is 7.957182e+08.
[INFO DPL-0307] End of global swaps; objective is 7.957182e+08, improvement is 1.71 percent.
[INFO DPL-0303] Running algorithm for vertical swaps.
[INFO DPL-0308] Pass   1 of vertical swaps; hpwl is 7.927942e+08.
[INFO DPL-0309] End of vertical swaps; objective is 7.927942e+08, improvement is 0.37 percent.
[INFO DPL-0303] Running algorithm for reordering.
[INFO DPL-0304] Pass   1 of reordering; objective is 7.913698e+08.
[INFO DPL-0305] End of reordering; objective is 7.913698e+08, improvement is 0.18 percent.
[INFO DPL-0303] Running algorithm for random improvement.
[INFO DPL-0324] Random improver is using random generator.
[INFO DPL-0325] Random improver is using hpwl objective.
[INFO DPL-0326] Random improver cost string is (a).
[INFO DPL-0332] End of pass, Generator random called 637380 times.
[INFO DPL-0335] Generator random, Cumulative attempts 637380, swaps 80817, moves 208819 since last reset.
[INFO DPL-0333] End of pass, Objective hpwl, Initial cost 7.896597e+08, Scratch cost 7.815964e+08, Incremental cost 7.815964e+08, Mismatch? N
[INFO DPL-0338] End of pass, Total cost is 7.815964e+08.
[INFO DPL-0327] Pass   1 of random improver; improvement in cost is 1.02 percent.
[INFO DPL-0332] End of pass, Generator random called 637380 times.
[INFO DPL-0335] Generator random, Cumulative attempts 1274760, swaps 159236, moves 415843 since last reset.
[INFO DPL-0333] End of pass, Objective hpwl, Initial cost 7.815964e+08, Scratch cost 7.785688e+08, Incremental cost 7.785688e+08, Mismatch? N
[INFO DPL-0338] End of pass, Total cost is 7.785688e+08.
[INFO DPL-0327] Pass   2 of random improver; improvement in cost is 0.39 percent.
[INFO DPL-0328] End of random improver; improvement is 1.404518 percent.
[INFO DPL-0380] Cell flipping.
[INFO DPL-0382] Changed 0 cell orientations for row compatibility.
[INFO DPL-0383] Performed 10689 cell flips.
[INFO DPL-0384] End of flipping; objective is 7.626967e+08, improvement is 2.25 percent.
[INFO DPL-0313] Found 0 cells in wrong regions.
[INFO DPL-0315] Found 0 row alignment problems.
[INFO DPL-0314] Found 0 site alignment problems.
[INFO DPL-0311] Found 0 overlaps between adjacent cells.
[INFO DPL-0312] Found 0 edge spacing violations and 0 padding violations.
Detailed Improvement Results
------------------------------------------
Original HPWL           406309.5 u (  206398.6,   199910.9)
Final HPWL              381837.6 u (  191165.2,   190672.4)
Delta HPWL                  -6.0 % (      -7.4,       -4.6)

Took 6 seconds: improve_placement -max_displacement "5 1"
optimize_mirroring
[INFO DPL-0020] Mirrored 1691 instances
[INFO DPL-0021] HPWL before          381837.6 u
[INFO DPL-0022] HPWL after           381237.7 u
[INFO DPL-0023] HPWL delta               -0.2 %
[INFO FLW-0012] Placement violations .
estimate_parasitics -placement
Report metrics stage 3, detailed place...

==========================================================================
detailed place report_design_area
--------------------------------------------------------------------------
Design area 71118 um^2 35% utilization.
write_db ./results/nangate45/similarity_asic_transfer_local/base/3_5_place_dp.odb
write_sdc -no_timestamp ./results/nangate45/similarity_asic_transfer_local/base/3_place.sdc
Elapsed time: 0:13.76[h:]min:sec. CPU time: user 16.47 sys 0.46 (123%). Peak memory: 357896KB.
Log                       Ext     Elapsed/s Peak Memory/MB sha1sum result [0:20)
3_5_place_dp              .odb           13            349 39b56aeff8bd63d862aa
cp ./results/nangate45/similarity_asic_transfer_local/base/3_5_place_dp.odb ./results/nangate45/similarity_asic_transfer_local/base/3_place.odb
/OpenROAD-flow-scripts/flow/scripts/flow.sh 4_1_cts cts
Running cts.tcl, stage 4_1_cts
read_liberty /OpenROAD-flow-scripts/flow/platforms/nangate45/lib/NangateOpenCellLibrary_typical.lib
read_db ./results/nangate45/similarity_asic_transfer_local/base/3_place.odb
read_sdc ./results/nangate45/similarity_asic_transfer_local/base/3_place.sdc
source /OpenROAD-flow-scripts/flow/platforms/nangate45/setRC.tcl
clock_tree_synthesis -sink_clustering_enable -repair_clock_nets
[INFO CTS-0050] Root buffer is CLKBUF_X3.
[INFO CTS-0051] Sink buffer is CLKBUF_X3.
[INFO CTS-0052] The following clock buffers will be used for CTS:
                    CLKBUF_X3
[INFO CTS-0049] Characterization buffer is CLKBUF_X3.
[INFO CTS-0007] Net "clk" found for clock "clk".
[INFO CTS-0010]  Clock net "clk" has 2846 sinks.
[INFO CTS-0008] TritonCTS found 1 clock nets.
[INFO CTS-0097] Characterization used 1 buffer(s) types.
[INFO CTS-0201] 0 blockages from hard placement blockages and placed macros will be used.
[INFO CTS-0027] Generating H-Tree topology for net clk.
[INFO CTS-0028]  Total number of sinks: 2846.
[INFO CTS-0090]  Sinks will be clustered based on buffer max cap.
[INFO CTS-0030]  Number of static layers: 0.
[INFO CTS-0020]  Wire segment unit: 14000  dbu (7 um).
[INFO CTS-0206] Best clustering solution was found from max clustering size of 9 and max clustering diameter of 50.
[INFO CTS-0019]  Total number of sinks after clustering: 486.
[INFO CTS-0024]  Normalized sink region: [(4.85706, 1.30405), (63.4736, 61.4667)].
[INFO CTS-0025]     Width:  58.6165.
[INFO CTS-0026]     Height: 60.1626.
 Level 1
    Direction: Vertical
    Sinks per sub-region: 243
    Sub-region size: 58.6165 X 30.0813
[INFO CTS-0034]     Segment length (rounded): 16.
 Level 2
    Direction: Horizontal
    Sinks per sub-region: 122
    Sub-region size: 29.3083 X 30.0813
[INFO CTS-0034]     Segment length (rounded): 14.
 Level 3
    Direction: Vertical
    Sinks per sub-region: 61
    Sub-region size: 29.3083 X 15.0407
[INFO CTS-0034]     Segment length (rounded): 8.
 Level 4
    Direction: Horizontal
    Sinks per sub-region: 31
    Sub-region size: 14.6541 X 15.0407
[INFO CTS-0034]     Segment length (rounded): 8.
 Level 5
    Direction: Vertical
    Sinks per sub-region: 16
    Sub-region size: 14.6541 X 7.5203
[INFO CTS-0034]     Segment length (rounded): 4.
 Level 6
    Direction: Horizontal
    Sinks per sub-region: 8
    Sub-region size: 7.3271 X 7.5203
[INFO CTS-0034]     Segment length (rounded): 4.
[INFO CTS-0038]  Stop criterion found. Sink region hpwl is smaller than max wirelength (591.189 um) and max number of sinks is 15.
[INFO CTS-0035]  Number of sinks covered: 486.
[INFO CTS-0018]     Created 555 clock buffers.
[INFO CTS-0012]     Minimum number of buffers in the clock path: 4.
[INFO CTS-0013]     Maximum number of buffers in the clock path: 4.
[INFO CTS-0015]     Created 555 clock nets.
[INFO CTS-0016]     Fanout distribution for the current clock = 2:1, 3:11, 4:60, 5:115, 6:162, 7:129, 8:55, 9:10, 10:3, 11:1, 12:3..
[INFO CTS-0017]     Max level of the clock tree: 6.
[INFO CTS-0098] Clock net "clk"
[INFO CTS-0099]  Sinks 3278
[INFO CTS-0100]  Leaf buffers 486
[INFO CTS-0101]  Average sink wire length 698.71 um
[INFO CTS-0102]  Path depth 3 - 4
[INFO CTS-0207]  Dummy loads inserted 432
[INFO CTS-0500] Runtime: 1.84s
estimate_parasitics -placement
detailed_placement
[INFO DPL-0006] Core area: 203680.46 um^2
[INFO DPL-0007] Movable instances area: 71894.21 um^2
[INFO DPL-0008] Fixed instances area within core: 300.58 um^2
[INFO DPL-0009] Utilization: 35.4%
[INFO DPL-0005] Diamond search max displacement: +/- 500 sites horizontally, +/- 100 rows vertically.
[INFO DPL-1102] Legalizing using negotiation legalizer.
[INFO DPL-1103] Negotiation base search window: +/-20 sites horizontally, +/-5 rows vertically 
	Automatic search window extension enabled.
	Search window extendable up to the max displacement cap of +/-500 sites, +/-100 rows near walls.
[INFO DPL-1104] NegotiationLegalizer DRC penalty: 5.
[INFO DPL-0392] Negotiation cell height distribution (1 unique row-count(s)):
[INFO DPL-0393]   height 1 row(s): 33986 cells
          |      Total |  Illegal |  Illegal
Iteration | Violations |    Cells |    Sites
---------------------------------------------
        0 |        875 |       261 |       614
        1 |         42 |        14 |        28
        2 |          0 |         0 |         0
Negotiation phase 1 converged at iteration 2.
[INFO DPL-0500] Runtime: 0.20s
Placement Analysis
---------------------------------
total displacement      17764.1 u
average displacement        0.5 u
max displacement            7.7 u
original HPWL          398916.6 u
legalized HPWL         409214.3 u
delta HPWL                    3 %

estimate_parasitics -placement
Report metrics stage 4, cts final...

==========================================================================
cts final report_design_area
--------------------------------------------------------------------------
Design area 72195 um^2 35% utilization.
write_db ./results/nangate45/similarity_asic_transfer_local/base/4_1_cts.odb
write_sdc -no_timestamp ./results/nangate45/similarity_asic_transfer_local/base/4_cts.sdc
Elapsed time: 0:10.29[h:]min:sec. CPU time: user 15.49 sys 0.98 (160%). Peak memory: 365612KB.
Log                       Ext     Elapsed/s Peak Memory/MB sha1sum result [0:20)
4_1_cts                   .odb           10            357 7890c0ed92ea572f81f3
cp ./results/nangate45/similarity_asic_transfer_local/base/4_1_cts.odb ./results/nangate45/similarity_asic_transfer_local/base/4_cts.odb
/OpenROAD-flow-scripts/flow/scripts/flow.sh 5_1_grt global_route
Running global_route.tcl, stage 5_1_grt
read_liberty /OpenROAD-flow-scripts/flow/platforms/nangate45/lib/NangateOpenCellLibrary_typical.lib
read_db ./results/nangate45/similarity_asic_transfer_local/base/4_cts.odb
read_sdc ./results/nangate45/similarity_asic_transfer_local/base/4_cts.sdc
source /OpenROAD-flow-scripts/flow/platforms/nangate45/setRC.tcl
pin_access
[INFO DRT-0149] Reading tech and libs.

Units:                2000
Number of layers:     21
Number of macros:     135
Number of vias:       33
Number of viarulegen: 19

[INFO DRT-0150] Reading design.

Design:                   similarity_asic_transfer_local
Die area:                 ( 0 0 ) ( 908000 908000 )
Number of track patterns: 20
Number of DEF vias:       0
Number of components:     33986
Number of terminals:      36
Number of snets:          2
Number of nets:           45242

[INFO DRT-0167] List of default vias:
  Layer via2
    default via: via2_5
  Layer via3
    default via: via3_2
  Layer via4
    default via: via4_0
  Layer via5
    default via: via5_0
  Layer via6
    default via: via6_0
  Layer via7
    default via: via7_0
  Layer via8
    default via: via8_0
  Layer via9
    default via: via9_0
[INFO DRT-0162] Library cell analysis.
[INFO DRT-0163] Instance analysis.
[INFO DRT-0164] Number of unique instances = 95.
[INFO DRT-0168] Init region query.
[INFO DRT-0024]   Complete active.
[INFO DRT-0024]   Complete Fr_VIA.
[INFO DRT-0024]   Complete metal1.
[INFO DRT-0024]   Complete via1.
[INFO DRT-0024]   Complete metal2.
[INFO DRT-0024]   Complete via2.
[INFO DRT-0024]   Complete metal3.
[INFO DRT-0024]   Complete via3.
[INFO DRT-0024]   Complete metal4.
[INFO DRT-0024]   Complete via4.
[INFO DRT-0024]   Complete metal5.
[INFO DRT-0024]   Complete via5.
[INFO DRT-0024]   Complete metal6.
[INFO DRT-0024]   Complete via6.
[INFO DRT-0024]   Complete metal7.
[INFO DRT-0024]   Complete via7.
[INFO DRT-0024]   Complete metal8.
[INFO DRT-0024]   Complete via8.
[INFO DRT-0024]   Complete metal9.
[INFO DRT-0024]   Complete via9.
[INFO DRT-0024]   Complete metal10.
[INFO DRT-0033] active shape region query size = 0.
[INFO DRT-0033] FR_VIA shape region query size = 0.
[INFO DRT-0033] metal1 shape region query size = 770368.
[INFO DRT-0033] via1 shape region query size = 8238.
[INFO DRT-0033] metal2 shape region query size = 5492.
[INFO DRT-0033] via2 shape region query size = 8238.
[INFO DRT-0033] metal3 shape region query size = 5492.
[INFO DRT-0033] via3 shape region query size = 8238.
[INFO DRT-0033] metal4 shape region query size = 3018.
[INFO DRT-0033] via4 shape region query size = 2550.
[INFO DRT-0033] metal5 shape region query size = 537.
[INFO DRT-0033] via5 shape region query size = 2550.
[INFO DRT-0033] metal6 shape region query size = 517.
[INFO DRT-0033] via6 shape region query size = 1020.
[INFO DRT-0033] metal7 shape region query size = 315.
[INFO DRT-0033] via7 shape region query size = 0.
[INFO DRT-0033] metal8 shape region query size = 0.
[INFO DRT-0033] via8 shape region query size = 0.
[INFO DRT-0033] metal9 shape region query size = 0.
[INFO DRT-0033] via9 shape region query size = 0.
[INFO DRT-0033] metal10 shape region query size = 0.
[INFO DRT-0165] Start pin access.
[INFO DRT-0078]   Complete 547 pins.
[INFO DRT-0081]   Complete 95 unique inst patterns.
[INFO DRT-0082]   Complete 10000 groups.
[INFO DRT-0082]   Complete 20000 groups.
[INFO DRT-0084]   Complete 20263 groups.
#scanned instances     = 33986
#unique  instances     = 95
#stdCellGenAp          = 2904
#stdCellValidPlanarAp  = 0
#stdCellValidViaAp     = 2095
#stdCellPinNoAp        = 0
#stdCellPinCnt         = 120985
#instTermValidViaApCnt = 0
#macroGenAp            = 0
#macroValidPlanarAp    = 0
#macroValidViaAp       = 0
#macroNoAp             = 0
[INFO DRT-0166] Complete pin access.
[INFO DRT-0267] cpu time = 00:03:54, elapsed time = 00:00:59, memory = 245.51 (MB), peak = 262.49 (MB)
Took 59 seconds: pin_access
set_global_routing_random -seed 277
global_route -congestion_report_file ./reports/nangate45/similarity_asic_transfer_local/base/congestion.rpt -congestion_iterations 30 -congestion_report_iter_step 5 -verbose
[INFO GRT-0020] Min routing layer: metal2
[INFO GRT-0021] Max routing layer: metal10
[INFO GRT-0022] Global adjustment: 0%
[INFO GRT-0023] Grid origin: (0, 0)
[INFO GRT-0088] Layer metal1  Track-Pitch = 0.1400  line-2-Via Pitch: 0.1350
[INFO GRT-0088] Layer metal2  Track-Pitch = 0.1900  line-2-Via Pitch: 0.1400
[INFO GRT-0088] Layer metal3  Track-Pitch = 0.1400  line-2-Via Pitch: 0.1400
[INFO GRT-0088] Layer metal4  Track-Pitch = 0.2800  line-2-Via Pitch: 0.2800
[INFO GRT-0088] Layer metal5  Track-Pitch = 0.2800  line-2-Via Pitch: 0.2800
[INFO GRT-0088] Layer metal6  Track-Pitch = 0.2800  line-2-Via Pitch: 0.2800
[INFO GRT-0088] Layer metal7  Track-Pitch = 0.8000  line-2-Via Pitch: 0.8000
[INFO GRT-0088] Layer metal8  Track-Pitch = 0.8000  line-2-Via Pitch: 0.8000
[INFO GRT-0088] Layer metal9  Track-Pitch = 1.6000  line-2-Via Pitch: 1.6000
[INFO GRT-0088] Layer metal10 Track-Pitch = 1.6000  line-2-Via Pitch: 1.6000
[INFO GRT-0003] Macros: 0
[INFO GRT-0004] Blockages: 0
[INFO GRT-0019] Found 556 clock nets.
[INFO GRT-0001] Minimum degree: 2
[INFO GRT-0002] Maximum degree: 51

[INFO GRT-0053] Routing resources analysis:
          Routing      Original      Derated      Resource
Layer     Direction    Resources     Resources    Reduction (%)
---------------------------------------------------------------
metal1     Horizontal          0             0          0.00%
metal2     Vertical       369088        173326          53.04%
metal3     Horizontal     509682        249974          50.95%
metal4     Vertical       250430        177118          29.27%
metal5     Horizontal     254814        179578          29.53%
metal6     Vertical       255560        180247          29.47%
metal7     Horizontal      78526         55142          29.78%
metal8     Vertical        89586         64306          28.22%
metal9     Horizontal      44714         25122          43.82%
metal10    Vertical        44714         25122          43.82%
---------------------------------------------------------------

[INFO GRT-0197] Via related to pin nodes: 198322
[INFO GRT-0198] Via related Steiner nodes: 2303
[INFO GRT-0199] Via filling finished.
[INFO GRT-0111] Final number of vias: 243493
[INFO GRT-0112] Final usage 3D: 891610

[INFO GRT-0096] Final congestion report:
Layer         Resource        Demand        Usage (%)    Max H / Max V / Total Congestion
---------------------------------------------------------------------------------------
metal1               0             0            0.00%             0 /  0 /  0
metal2          173326         60113           34.68%             0 /  0 /  0
metal3          249974         71009           28.41%             0 /  0 /  0
metal4          177118         19068           10.77%             0 /  0 /  0
metal5          179578          9939            5.53%             0 /  0 /  0
metal6          180247           908            0.50%             0 /  0 /  0
metal7           55142            60            0.11%             0 /  0 /  0
metal8           64306             0            0.00%             0 /  0 /  0
metal9           25122            34            0.14%             0 /  0 /  0
metal10          25122             0            0.00%             0 /  0 /  0
---------------------------------------------------------------------------------------
Total          1129935        161131           14.26%             0 /  0 /  0

[INFO GRT-0018] Total wirelength: 681568 um
[INFO GRT-0014] Routed nets: 42683
[INFO GRT-0303] Global routing runtime = 00:00:01
estimate_parasitics -global_routing
Perform buffer insertion and gate resizing...
repair_design -verbose -cap_margin 30 -slew_margin 25
Iteration |   Area    | Resized | Buffers | Nets repaired | Remaining
---------------------------------------------------------------------
        0 |     +0.0% |       0 |       0 |             0 |     45674
     1000 |     +0.0% |       0 |       0 |             0 |     44674
     2000 |     +0.0% |       0 |       0 |             0 |     43674
     3000 |     +0.0% |       0 |       0 |             1 |     42674
     4000 |     +0.0% |       0 |       0 |             2 |     41674
     5000 |     +0.0% |       0 |       0 |             2 |     40674
     6000 |     +0.0% |       0 |       1 |             3 |     39674
     7000 |     +0.0% |       0 |       1 |             3 |     38674
     8000 |     +0.0% |       0 |       1 |             3 |     37674
     9000 |     +0.0% |       0 |       1 |             3 |     36674
    10000 |     +0.0% |       0 |       1 |             3 |     35674
    11000 |     +0.0% |       0 |       1 |             3 |     34674
    12000 |     +0.0% |       0 |       1 |             3 |     33674
    13000 |     +0.0% |       0 |       1 |             3 |     32674
    14000 |     +0.0% |       0 |       1 |             3 |     31674
    15000 |     +0.0% |       0 |       1 |             3 |     30674
    16000 |     +0.0% |       0 |       1 |             3 |     29674
    17000 |     +0.0% |       0 |       1 |             3 |     28674
[WARNING RSZ-0104] Net _43147_ only has one pin. Check if it is intended to be dangling.
[WARNING RSZ-0104] Net _43090_ only has one pin. Check if it is intended to be dangling.
[WARNING RSZ-0104] Net _42936_ only has one pin. Check if it is intended to be dangling.
[WARNING RSZ-0104] Net _42929_ only has one pin. Check if it is intended to be dangling.
[WARNING RSZ-0104] Net _42870_ only has one pin. Check if it is intended to be dangling.
[WARNING RSZ-0104] Net _42712_ only has one pin. Check if it is intended to be dangling.
[WARNING RSZ-0104] Net _42550_ only has one pin. Check if it is intended to be dangling.
[WARNING RSZ-0104] Net _42321_ only has one pin. Check if it is intended to be dangling.
[WARNING RSZ-0104] Net _42200_ only has one pin. Check if it is intended to be dangling.
[WARNING RSZ-0104] Net _41761_ only has one pin. Check if it is intended to be dangling.
[WARNING RSZ-0104] Net _41602_ only has one pin. Check if it is intended to be dangling.
[WARNING RSZ-0104] Net _41546_ only has one pin. Check if it is intended to be dangling.
[WARNING RSZ-0104] Net _41435_ only has one pin. Check if it is intended to be dangling.
[WARNING RSZ-0104] Net _41328_ only has one pin. Check if it is intended to be dangling.
[WARNING RSZ-0104] Net _41322_ only has one pin. Check if it is intended to be dangling.
[WARNING RSZ-0104] Net _41206_ only has one pin. Check if it is intended to be dangling.
[WARNING RSZ-0104] Net _40634_ only has one pin. Check if it is intended to be dangling.
[WARNING RSZ-0104] Net _40559_ only has one pin. Check if it is intended to be dangling.
[WARNING RSZ-0104] Net _40407_ only has one pin. Check if it is intended to be dangling.
[WARNING RSZ-0104] Net _40341_ only has one pin. Check if it is intended to be dangling.
[WARNING RSZ-0104] Net _40232_ only has one pin. Check if it is intended to be dangling.
[WARNING RSZ-0104] Net _40214_ only has one pin. Check if it is intended to be dangling.
    18000 |     +0.0% |       0 |       1 |             3 |     27674
    19000 |     +0.0% |       0 |       1 |             3 |     26674
    20000 |     +0.0% |       0 |       1 |             3 |     25674
[WARNING RSZ-0104] Net _43112_ only has one pin. Check if it is intended to be dangling.
[WARNING RSZ-0104] Net _42922_ only has one pin. Check if it is intended to be dangling.
[WARNING RSZ-0104] Net _42700_ only has one pin. Check if it is intended to be dangling.
[WARNING RSZ-0104] Net _42559_ only has one pin. Check if it is intended to be dangling.
[WARNING RSZ-0104] Net _42542_ only has one pin. Check if it is intended to be dangling.
[WARNING RSZ-0104] Net _42487_ only has one pin. Check if it is intended to be dangling.
[WARNING RSZ-0104] Net _42411_ only has one pin. Check if it is intended to be dangling.
[WARNING RSZ-0104] Net _42407_ only has one pin. Check if it is intended to be dangling.
[WARNING RSZ-0104] Net _42082_ only has one pin. Check if it is intended to be dangling.
[WARNING RSZ-0104] Net _41943_ only has one pin. Check if it is intended to be dangling.
[WARNING RSZ-0104] Net _41900_ only has one pin. Check if it is intended to be dangling.
[WARNING RSZ-0104] Net _41809_ only has one pin. Check if it is intended to be dangling.
[WARNING RSZ-0104] Net _41654_ only has one pin. Check if it is intended to be dangling.
[WARNING RSZ-0104] Net _41425_ only has one pin. Check if it is intended to be dangling.
[WARNING RSZ-0104] Net _41069_ only has one pin. Check if it is intended to be dangling.
[WARNING RSZ-0104] Net _40956_ only has one pin. Check if it is intended to be dangling.
[WARNING RSZ-0104] Net _40745_ only has one pin. Check if it is intended to be dangling.
[WARNING RSZ-0104] Net _40356_ only has one pin. Check if it is intended to be dangling.
    21000 |     +0.0% |       0 |       1 |             4 |     24674
    22000 |     +0.0% |       0 |       1 |             4 |     23674
    23000 |     +0.0% |       0 |       1 |             4 |     22674
[WARNING RSZ-0104] Net _43164_ only has one pin. Check if it is intended to be dangling.
[WARNING RSZ-0104] Net _43161_ only has one pin. Check if it is intended to be dangling.
[WARNING RSZ-0104] Net _43036_ only has one pin. Check if it is intended to be dangling.
[WARNING RSZ-0104] Net _42873_ only has one pin. Check if it is intended to be dangling.
    24000 |     +0.0% |       0 |       3 |             8 |     21674
[WARNING RSZ-0104] Net _42647_ only has one pin. Check if it is intended to be dangling.
[WARNING RSZ-0104] Net _41542_ only has one pin. Check if it is intended to be dangling.
[WARNING RSZ-0104] Net _41525_ only has one pin. Check if it is intended to be dangling.
[WARNING RSZ-0104] Net _41175_ only has one pin. Check if it is intended to be dangling.
[WARNING RSZ-0104] Net _41091_ only has one pin. Check if it is intended to be dangling.
[WARNING RSZ-0104] Net _40992_ only has one pin. Check if it is intended to be dangling.
[WARNING RSZ-0104] Net _40890_ only has one pin. Check if it is intended to be dangling.
[WARNING RSZ-0104] Net _40556_ only has one pin. Check if it is intended to be dangling.
    25000 |     +0.0% |       0 |       3 |             8 |     20674
    26000 |     +0.0% |       0 |       3 |             8 |     19674
    27000 |     +0.0% |       0 |       3 |            11 |     18674
[WARNING RSZ-0104] Net _43160_ only has one pin. Check if it is intended to be dangling.
[WARNING RSZ-0104] Net _43158_ only has one pin. Check if it is intended to be dangling.
[WARNING RSZ-0104] Net _43157_ only has one pin. Check if it is intended to be dangling.
[WARNING RSZ-0104] Net _43138_ only has one pin. Check if it is intended to be dangling.
[WARNING RSZ-0104] Net _43130_ only has one pin. Check if it is intended to be dangling.
[WARNING RSZ-0104] Net _43106_ only has one pin. Check if it is intended to be dangling.
[WARNING RSZ-0104] Net _43095_ only has one pin. Check if it is intended to be dangling.
[WARNING RSZ-0104] Net _42986_ only has one pin. Check if it is intended to be dangling.
[WARNING RSZ-0104] Net _42889_ only has one pin. Check if it is intended to be dangling.
[WARNING RSZ-0104] Net _42863_ only has one pin. Check if it is intended to be dangling.
[WARNING RSZ-0104] Net _42691_ only has one pin. Check if it is intended to be dangling.
[WARNING RSZ-0104] Net _42613_ only has one pin. Check if it is intended to be dangling.
[WARNING RSZ-0104] Net _42546_ only has one pin. Check if it is intended to be dangling.
[WARNING RSZ-0104] Net _42472_ only has one pin. Check if it is intended to be dangling.
[WARNING RSZ-0104] Net _42385_ only has one pin. Check if it is intended to be dangling.
[WARNING RSZ-0104] Net _42289_ only has one pin. Check if it is intended to be dangling.
[WARNING RSZ-0104] Net _42288_ only has one pin. Check if it is intended to be dangling.
[WARNING RSZ-0104] Net _42179_ only has one pin. Check if it is intended to be dangling.
[WARNING RSZ-0104] Net _42039_ only has one pin. Check if it is intended to be dangling.
[WARNING RSZ-0104] Net _41922_ only has one pin. Check if it is intended to be dangling.
[WARNING RSZ-0104] Net _41896_ only has one pin. Check if it is intended to be dangling.
[WARNING RSZ-0104] Net _41892_ only has one pin. Check if it is intended to be dangling.
[WARNING RSZ-0104] Net _41880_ only has one pin. Check if it is intended to be dangling.
[WARNING RSZ-0104] Net _41870_ only has one pin. Check if it is intended to be dangling.
[WARNING RSZ-0104] Net _41745_ only has one pin. Check if it is intended to be dangling.
[WARNING RSZ-0104] Net _41632_ only has one pin. Check if it is intended to be dangling.
[WARNING RSZ-0104] Net _41406_ only has one pin. Check if it is intended to be dangling.
[WARNING RSZ-0104] Net _41321_ only has one pin. Check if it is intended to be dangling.
[WARNING RSZ-0104] Net _41307_ only has one pin. Check if it is intended to be dangling.
[WARNING RSZ-0104] Net _41152_ only has one pin. Check if it is intended to be dangling.
[WARNING RSZ-0104] Net _41060_ only has one pin. Check if it is intended to be dangling.
[WARNING RSZ-0104] Net _41057_ only has one pin. Check if it is intended to be dangling.
[WARNING RSZ-0104] Net _40968_ only has one pin. Check if it is intended to be dangling.
[WARNING RSZ-0104] Net _40952_ only has one pin. Check if it is intended to be dangling.
[WARNING RSZ-0104] Net _40657_ only has one pin. Check if it is intended to be dangling.
[WARNING RSZ-0104] Net _40640_ only has one pin. Check if it is intended to be dangling.
[WARNING RSZ-0104] Net _40519_ only has one pin. Check if it is intended to be dangling.
[WARNING RSZ-0104] Net _40408_ only has one pin. Check if it is intended to be dangling.
[WARNING RSZ-0104] Net _40357_ only has one pin. Check if it is intended to be dangling.
[WARNING RSZ-0104] Net _40344_ only has one pin. Check if it is intended to be dangling.
    28000 |     +0.0% |       0 |       4 |            12 |     17674
    29000 |     +0.0% |       0 |       4 |            13 |     16674
    30000 |     +0.0% |       0 |       4 |            15 |     15674
    31000 |     +0.0% |       0 |       4 |            16 |     14674
[WARNING RSZ-0104] Net _43159_ only has one pin. Check if it is intended to be dangling.
[WARNING RSZ-0104] Net _42871_ only has one pin. Check if it is intended to be dangling.
[WARNING RSZ-0104] Net _42402_ only has one pin. Check if it is intended to be dangling.
[WARNING RSZ-0104] Net _42305_ only has one pin. Check if it is intended to be dangling.
[WARNING RSZ-0104] Net _41505_ only has one pin. Check if it is intended to be dangling.
[WARNING RSZ-0104] Net _41309_ only has one pin. Check if it is intended to be dangling.
[WARNING RSZ-0104] Net _40860_ only has one pin. Check if it is intended to be dangling.
[WARNING RSZ-0104] Net _40507_ only has one pin. Check if it is intended to be dangling.
    32000 |     +0.0% |       0 |       4 |            19 |     13674
    33000 |     +0.0% |       0 |       4 |            22 |     12674
    34000 |     +0.0% |       0 |       4 |            26 |     11674
    35000 |     +0.0% |       0 |       4 |            27 |     10674
    36000 |     +0.0% |       0 |       8 |            31 |      9674
    37000 |     +0.0% |       0 |       8 |            31 |      8674
    38000 |     +0.0% |       0 |       8 |            31 |      7674
[WARNING RSZ-0104] Net _24116_ only has one pin. Check if it is intended to be dangling.
[WARNING RSZ-0104] Net _24225_ only has one pin. Check if it is intended to be dangling.
[WARNING RSZ-0104] Net _24226_ only has one pin. Check if it is intended to be dangling.
[WARNING RSZ-0104] Net _26027_ only has one pin. Check if it is intended to be dangling.
[WARNING RSZ-0104] Net _26026_ only has one pin. Check if it is intended to be dangling.
[WARNING RSZ-0104] Net _26025_ only has one pin. Check if it is intended to be dangling.
[WARNING RSZ-0104] Net _26024_ only has one pin. Check if it is intended to be dangling.
[WARNING RSZ-0104] Net _26023_ only has one pin. Check if it is intended to be dangling.
    39000 |     +0.0% |       0 |       8 |            31 |      6674
[WARNING RSZ-0104] Net _26022_ only has one pin. Check if it is intended to be dangling.
[WARNING RSZ-0104] Net _26021_ only has one pin. Check if it is intended to be dangling.
[WARNING RSZ-0104] Net _25999_ only has one pin. Check if it is intended to be dangling.
[WARNING RSZ-0104] Net _25998_ only has one pin. Check if it is intended to be dangling.
[WARNING RSZ-0104] Net _25997_ only has one pin. Check if it is intended to be dangling.
[WARNING RSZ-0104] Net _25996_ only has one pin. Check if it is intended to be dangling.
[WARNING RSZ-0104] Net _25995_ only has one pin. Check if it is intended to be dangling.
[WARNING RSZ-0104] Net _25994_ only has one pin. Check if it is intended to be dangling.
[WARNING RSZ-0104] Net _25993_ only has one pin. Check if it is intended to be dangling.
[WARNING RSZ-0104] Net _24224_ only has one pin. Check if it is intended to be dangling.
[WARNING RSZ-0104] Net _26020_ only has one pin. Check if it is intended to be dangling.
[WARNING RSZ-0104] Net _25992_ only has one pin. Check if it is intended to be dangling.
[WARNING RSZ-0104] Net _26019_ only has one pin. Check if it is intended to be dangling.
[WARNING RSZ-0104] Net _26018_ only has one pin. Check if it is intended to be dangling.
[WARNING RSZ-0104] Net _26017_ only has one pin. Check if it is intended to be dangling.
[WARNING RSZ-0104] Net _26016_ only has one pin. Check if it is intended to be dangling.
[WARNING RSZ-0104] Net _26015_ only has one pin. Check if it is intended to be dangling.
[WARNING RSZ-0104] Net _26014_ only has one pin. Check if it is intended to be dangling.
[WARNING RSZ-0104] Net _26013_ only has one pin. Check if it is intended to be dangling.
[WARNING RSZ-0104] Net _26012_ only has one pin. Check if it is intended to be dangling.
[WARNING RSZ-0104] Net _26011_ only has one pin. Check if it is intended to be dangling.
[WARNING RSZ-0104] Net _26010_ only has one pin. Check if it is intended to be dangling.
[WARNING RSZ-0104] Net _25991_ only has one pin. Check if it is intended to be dangling.
[WARNING RSZ-0104] Net _26009_ only has one pin. Check if it is intended to be dangling.
[WARNING RSZ-0104] Net _26008_ only has one pin. Check if it is intended to be dangling.
[WARNING RSZ-0104] Net _26007_ only has one pin. Check if it is intended to be dangling.
[WARNING RSZ-0104] Net _26006_ only has one pin. Check if it is intended to be dangling.
[WARNING RSZ-0104] Net _26005_ only has one pin. Check if it is intended to be dangling.
[WARNING RSZ-0104] Net _26004_ only has one pin. Check if it is intended to be dangling.
[WARNING RSZ-0104] Net _26003_ only has one pin. Check if it is intended to be dangling.
[WARNING RSZ-0104] Net _26002_ only has one pin. Check if it is intended to be dangling.
[WARNING RSZ-0104] Net _26001_ only has one pin. Check if it is intended to be dangling.
[WARNING RSZ-0104] Net _26000_ only has one pin. Check if it is intended to be dangling.
[WARNING RSZ-0104] Net _24223_ only has one pin. Check if it is intended to be dangling.
[WARNING RSZ-0104] Net _25990_ only has one pin. Check if it is intended to be dangling.
[WARNING RSZ-0104] Net _25989_ only has one pin. Check if it is intended to be dangling.
[WARNING RSZ-0104] Net _25988_ only has one pin. Check if it is intended to be dangling.
[WARNING RSZ-0104] Net _25987_ only has one pin. Check if it is intended to be dangling.
[WARNING RSZ-0104] Net _25986_ only has one pin. Check if it is intended to be dangling.
[WARNING RSZ-0104] Net _25985_ only has one pin. Check if it is intended to be dangling.
[WARNING RSZ-0104] Net _25984_ only has one pin. Check if it is intended to be dangling.
[WARNING RSZ-0104] Net _25955_ only has one pin. Check if it is intended to be dangling.
[WARNING RSZ-0104] Net _25954_ only has one pin. Check if it is intended to be dangling.
[WARNING RSZ-0104] Net _25953_ only has one pin. Check if it is intended to be dangling.
[WARNING RSZ-0104] Net _25952_ only has one pin. Check if it is intended to be dangling.
[WARNING RSZ-0104] Net _25951_ only has one pin. Check if it is intended to be dangling.
[WARNING RSZ-0104] Net _25950_ only has one pin. Check if it is intended to be dangling.
[WARNING RSZ-0104] Net _25949_ only has one pin. Check if it is intended to be dangling.
[WARNING RSZ-0104] Net _24220_ only has one pin. Check if it is intended to be dangling.
[WARNING RSZ-0104] Net _25976_ only has one pin. Check if it is intended to be dangling.
[WARNING RSZ-0104] Net _25948_ only has one pin. Check if it is intended to be dangling.
[WARNING RSZ-0104] Net _25975_ only has one pin. Check if it is intended to be dangling.
[WARNING RSZ-0104] Net _25974_ only has one pin. Check if it is intended to be dangling.
[WARNING RSZ-0104] Net _25973_ only has one pin. Check if it is intended to be dangling.
[WARNING RSZ-0104] Net _25972_ only has one pin. Check if it is intended to be dangling.
[WARNING RSZ-0104] Net _25971_ only has one pin. Check if it is intended to be dangling.
[WARNING RSZ-0104] Net _25970_ only has one pin. Check if it is intended to be dangling.
[WARNING RSZ-0104] Net _25969_ only has one pin. Check if it is intended to be dangling.
[WARNING RSZ-0104] Net _25968_ only has one pin. Check if it is intended to be dangling.
[WARNING RSZ-0104] Net _25967_ only has one pin. Check if it is intended to be dangling.
[WARNING RSZ-0104] Net _25966_ only has one pin. Check if it is intended to be dangling.
[WARNING RSZ-0104] Net _25947_ only has one pin. Check if it is intended to be dangling.
[WARNING RSZ-0104] Net _25965_ only has one pin. Check if it is intended to be dangling.
[WARNING RSZ-0104] Net _25964_ only has one pin. Check if it is intended to be dangling.
[WARNING RSZ-0104] Net _25963_ only has one pin. Check if it is intended to be dangling.
[WARNING RSZ-0104] Net _25962_ only has one pin. Check if it is intended to be dangling.
[WARNING RSZ-0104] Net _25961_ only has one pin. Check if it is intended to be dangling.
[WARNING RSZ-0104] Net _25960_ only has one pin. Check if it is intended to be dangling.
[WARNING RSZ-0104] Net _25959_ only has one pin. Check if it is intended to be dangling.
[WARNING RSZ-0104] Net _25958_ only has one pin. Check if it is intended to be dangling.
[WARNING RSZ-0104] Net _25957_ only has one pin. Check if it is intended to be dangling.
[WARNING RSZ-0104] Net _25956_ only has one pin. Check if it is intended to be dangling.
[WARNING RSZ-0104] Net _24219_ only has one pin. Check if it is intended to be dangling.
[WARNING RSZ-0104] Net _25946_ only has one pin. Check if it is intended to be dangling.
[WARNING RSZ-0104] Net _25945_ only has one pin. Check if it is intended to be dangling.
[WARNING RSZ-0104] Net _25944_ only has one pin. Check if it is intended to be dangling.
[WARNING RSZ-0104] Net _25943_ only has one pin. Check if it is intended to be dangling.
[WARNING RSZ-0104] Net _25942_ only has one pin. Check if it is intended to be dangling.
[WARNING RSZ-0104] Net _25941_ only has one pin. Check if it is intended to be dangling.
[WARNING RSZ-0104] Net _25940_ only has one pin. Check if it is intended to be dangling.
[WARNING RSZ-0104] Net _25888_ only has one pin. Check if it is intended to be dangling.
[WARNING RSZ-0104] Net _25887_ only has one pin. Check if it is intended to be dangling.
[WARNING RSZ-0104] Net _25886_ only has one pin. Check if it is intended to be dangling.
[WARNING RSZ-0104] Net _25885_ only has one pin. Check if it is intended to be dangling.
[WARNING RSZ-0104] Net _25884_ only has one pin. Check if it is intended to be dangling.
[WARNING RSZ-0104] Net _25883_ only has one pin. Check if it is intended to be dangling.
[WARNING RSZ-0104] Net _25882_ only has one pin. Check if it is intended to be dangling.
[WARNING RSZ-0104] Net _24216_ only has one pin. Check if it is intended to be dangling.
[WARNING RSZ-0104] Net _25909_ only has one pin. Check if it is intended to be dangling.
[WARNING RSZ-0104] Net _25881_ only has one pin. Check if it is intended to be dangling.
[WARNING RSZ-0104] Net _25908_ only has one pin. Check if it is intended to be dangling.
[WARNING RSZ-0104] Net _25907_ only has one pin. Check if it is intended to be dangling.
[WARNING RSZ-0104] Net _25906_ only has one pin. Check if it is intended to be dangling.
[WARNING RSZ-0104] Net _25905_ only has one pin. Check if it is intended to be dangling.
[WARNING RSZ-0104] Net _25904_ only has one pin. Check if it is intended to be dangling.
[WARNING RSZ-0104] Net _25903_ only has one pin. Check if it is intended to be dangling.
[WARNING RSZ-0104] Net _25902_ only has one pin. Check if it is intended to be dangling.
[WARNING RSZ-0104] Net _25901_ only has one pin. Check if it is intended to be dangling.
[WARNING RSZ-0104] Net _25900_ only has one pin. Check if it is intended to be dangling.
[WARNING RSZ-0104] Net _25899_ only has one pin. Check if it is intended to be dangling.
[WARNING RSZ-0104] Net _25880_ only has one pin. Check if it is intended to be dangling.
[WARNING RSZ-0104] Net _25898_ only has one pin. Check if it is intended to be dangling.
[WARNING RSZ-0104] Net _25897_ only has one pin. Check if it is intended to be dangling.
[WARNING RSZ-0104] Net _25896_ only has one pin. Check if it is intended to be dangling.
[WARNING RSZ-0104] Net _25895_ only has one pin. Check if it is intended to be dangling.
[WARNING RSZ-0104] Net _25894_ only has one pin. Check if it is intended to be dangling.
[WARNING RSZ-0104] Net _25893_ only has one pin. Check if it is intended to be dangling.
[WARNING RSZ-0104] Net _25892_ only has one pin. Check if it is intended to be dangling.
[WARNING RSZ-0104] Net _25891_ only has one pin. Check if it is intended to be dangling.
[WARNING RSZ-0104] Net _25890_ only has one pin. Check if it is intended to be dangling.
[WARNING RSZ-0104] Net _25889_ only has one pin. Check if it is intended to be dangling.
[WARNING RSZ-0104] Net _24215_ only has one pin. Check if it is intended to be dangling.
[WARNING RSZ-0104] Net _25879_ only has one pin. Check if it is intended to be dangling.
[WARNING RSZ-0104] Net _25878_ only has one pin. Check if it is intended to be dangling.
[WARNING RSZ-0104] Net _25877_ only has one pin. Check if it is intended to be dangling.
[WARNING RSZ-0104] Net _25876_ only has one pin. Check if it is intended to be dangling.
[WARNING RSZ-0104] Net _25875_ only has one pin. Check if it is intended to be dangling.
[WARNING RSZ-0104] Net _25874_ only has one pin. Check if it is intended to be dangling.
[WARNING RSZ-0104] Net _25873_ only has one pin. Check if it is intended to be dangling.
[WARNING RSZ-0104] Net _25837_ only has one pin. Check if it is intended to be dangling.
[WARNING RSZ-0104] Net _25836_ only has one pin. Check if it is intended to be dangling.
[WARNING RSZ-0104] Net _25835_ only has one pin. Check if it is intended to be dangling.
[WARNING RSZ-0104] Net _25834_ only has one pin. Check if it is intended to be dangling.
[WARNING RSZ-0104] Net _25833_ only has one pin. Check if it is intended to be dangling.
[WARNING RSZ-0104] Net _25832_ only has one pin. Check if it is intended to be dangling.
[WARNING RSZ-0104] Net _25831_ only has one pin. Check if it is intended to be dangling.
[WARNING RSZ-0104] Net _24212_ only has one pin. Check if it is intended to be dangling.
[WARNING RSZ-0104] Net _25858_ only has one pin. Check if it is intended to be dangling.
[WARNING RSZ-0104] Net _25830_ only has one pin. Check if it is intended to be dangling.
[WARNING RSZ-0104] Net _25857_ only has one pin. Check if it is intended to be dangling.
[WARNING RSZ-0104] Net _25856_ only has one pin. Check if it is intended to be dangling.
[WARNING RSZ-0104] Net _25855_ only has one pin. Check if it is intended to be dangling.
[WARNING RSZ-0104] Net _25854_ only has one pin. Check if it is intended to be dangling.
[WARNING RSZ-0104] Net _25853_ only has one pin. Check if it is intended to be dangling.
[WARNING RSZ-0104] Net _25852_ only has one pin. Check if it is intended to be dangling.
[WARNING RSZ-0104] Net _25851_ only has one pin. Check if it is intended to be dangling.
[WARNING RSZ-0104] Net _25850_ only has one pin. Check if it is intended to be dangling.
[WARNING RSZ-0104] Net _25849_ only has one pin. Check if it is intended to be dangling.
[WARNING RSZ-0104] Net _25848_ only has one pin. Check if it is intended to be dangling.
[WARNING RSZ-0104] Net _25829_ only has one pin. Check if it is intended to be dangling.
[WARNING RSZ-0104] Net _25847_ only has one pin. Check if it is intended to be dangling.
[WARNING RSZ-0104] Net _25846_ only has one pin. Check if it is intended to be dangling.
[WARNING RSZ-0104] Net _25845_ only has one pin. Check if it is intended to be dangling.
[WARNING RSZ-0104] Net _25844_ only has one pin. Check if it is intended to be dangling.
[WARNING RSZ-0104] Net _25843_ only has one pin. Check if it is intended to be dangling.
[WARNING RSZ-0104] Net _25842_ only has one pin. Check if it is intended to be dangling.
[WARNING RSZ-0104] Net _25841_ only has one pin. Check if it is intended to be dangling.
[WARNING RSZ-0104] Net _25840_ only has one pin. Check if it is intended to be dangling.
[WARNING RSZ-0104] Net _25839_ only has one pin. Check if it is intended to be dangling.
[WARNING RSZ-0104] Net _25838_ only has one pin. Check if it is intended to be dangling.
[WARNING RSZ-0104] Net _24211_ only has one pin. Check if it is intended to be dangling.
[WARNING RSZ-0104] Net _25828_ only has one pin. Check if it is intended to be dangling.
[WARNING RSZ-0104] Net _25827_ only has one pin. Check if it is intended to be dangling.
[WARNING RSZ-0104] Net _25826_ only has one pin. Check if it is intended to be dangling.
[WARNING RSZ-0104] Net _25825_ only has one pin. Check if it is intended to be dangling.
[WARNING RSZ-0104] Net _25824_ only has one pin. Check if it is intended to be dangling.
[WARNING RSZ-0104] Net _25823_ only has one pin. Check if it is intended to be dangling.
[WARNING RSZ-0104] Net _25822_ only has one pin. Check if it is intended to be dangling.
[WARNING RSZ-0104] Net _25769_ only has one pin. Check if it is intended to be dangling.
[WARNING RSZ-0104] Net _25768_ only has one pin. Check if it is intended to be dangling.
[WARNING RSZ-0104] Net _25767_ only has one pin. Check if it is intended to be dangling.
[WARNING RSZ-0104] Net _25766_ only has one pin. Check if it is intended to be dangling.
[WARNING RSZ-0104] Net _25765_ only has one pin. Check if it is intended to be dangling.
[WARNING RSZ-0104] Net _25764_ only has one pin. Check if it is intended to be dangling.
[WARNING RSZ-0104] Net _25763_ only has one pin. Check if it is intended to be dangling.
[WARNING RSZ-0104] Net _24209_ only has one pin. Check if it is intended to be dangling.
[WARNING RSZ-0104] Net _25790_ only has one pin. Check if it is intended to be dangling.
[WARNING RSZ-0104] Net _25762_ only has one pin. Check if it is intended to be dangling.
[WARNING RSZ-0104] Net _25789_ only has one pin. Check if it is intended to be dangling.
[WARNING RSZ-0104] Net _25788_ only has one pin. Check if it is intended to be dangling.
[WARNING RSZ-0104] Net _25787_ only has one pin. Check if it is intended to be dangling.
[WARNING RSZ-0104] Net _25786_ only has one pin. Check if it is intended to be dangling.
[WARNING RSZ-0104] Net _25785_ only has one pin. Check if it is intended to be dangling.
[WARNING RSZ-0104] Net _25784_ only has one pin. Check if it is intended to be dangling.
[WARNING RSZ-0104] Net _25783_ only has one pin. Check if it is intended to be dangling.
[WARNING RSZ-0104] Net _25782_ only has one pin. Check if it is intended to be dangling.
[WARNING RSZ-0104] Net _25781_ only has one pin. Check if it is intended to be dangling.
[WARNING RSZ-0104] Net _25780_ only has one pin. Check if it is intended to be dangling.
[WARNING RSZ-0104] Net _25761_ only has one pin. Check if it is intended to be dangling.
[WARNING RSZ-0104] Net _25779_ only has one pin. Check if it is intended to be dangling.
[WARNING RSZ-0104] Net _25778_ only has one pin. Check if it is intended to be dangling.
[WARNING RSZ-0104] Net _25777_ only has one pin. Check if it is intended to be dangling.
[WARNING RSZ-0104] Net _25776_ only has one pin. Check if it is intended to be dangling.
[WARNING RSZ-0104] Net _25775_ only has one pin. Check if it is intended to be dangling.
[WARNING RSZ-0104] Net _25774_ only has one pin. Check if it is intended to be dangling.
[WARNING RSZ-0104] Net _25773_ only has one pin. Check if it is intended to be dangling.
[WARNING RSZ-0104] Net _25772_ only has one pin. Check if it is intended to be dangling.
[WARNING RSZ-0104] Net _25771_ only has one pin. Check if it is intended to be dangling.
[WARNING RSZ-0104] Net _25770_ only has one pin. Check if it is intended to be dangling.
[WARNING RSZ-0104] Net _24206_ only has one pin. Check if it is intended to be dangling.
[WARNING RSZ-0104] Net _24208_ only has one pin. Check if it is intended to be dangling.
[WARNING RSZ-0104] Net _25760_ only has one pin. Check if it is intended to be dangling.
[WARNING RSZ-0104] Net _25759_ only has one pin. Check if it is intended to be dangling.
[WARNING RSZ-0104] Net _25758_ only has one pin. Check if it is intended to be dangling.
[WARNING RSZ-0104] Net _25757_ only has one pin. Check if it is intended to be dangling.
[WARNING RSZ-0104] Net _25756_ only has one pin. Check if it is intended to be dangling.
[WARNING RSZ-0104] Net _25755_ only has one pin. Check if it is intended to be dangling.
[WARNING RSZ-0104] Net _25754_ only has one pin. Check if it is intended to be dangling.
[WARNING RSZ-0104] Net _25725_ only has one pin. Check if it is intended to be dangling.
[WARNING RSZ-0104] Net _25724_ only has one pin. Check if it is intended to be dangling.
[WARNING RSZ-0104] Net _25723_ only has one pin. Check if it is intended to be dangling.
[WARNING RSZ-0104] Net _25722_ only has one pin. Check if it is intended to be dangling.
[WARNING RSZ-0104] Net _25721_ only has one pin. Check if it is intended to be dangling.
[WARNING RSZ-0104] Net _25720_ only has one pin. Check if it is intended to be dangling.
[WARNING RSZ-0104] Net _25719_ only has one pin. Check if it is intended to be dangling.
[WARNING RSZ-0104] Net _24205_ only has one pin. Check if it is intended to be dangling.
[WARNING RSZ-0104] Net _25746_ only has one pin. Check if it is intended to be dangling.
[WARNING RSZ-0104] Net _25718_ only has one pin. Check if it is intended to be dangling.
[WARNING RSZ-0104] Net _25745_ only has one pin. Check if it is intended to be dangling.
[WARNING RSZ-0104] Net _25744_ only has one pin. Check if it is intended to be dangling.
[WARNING RSZ-0104] Net _25743_ only has one pin. Check if it is intended to be dangling.
[WARNING RSZ-0104] Net _25742_ only has one pin. Check if it is intended to be dangling.
[WARNING RSZ-0104] Net _25741_ only has one pin. Check if it is intended to be dangling.
[WARNING RSZ-0104] Net _25740_ only has one pin. Check if it is intended to be dangling.
[WARNING RSZ-0104] Net _25739_ only has one pin. Check if it is intended to be dangling.
[WARNING RSZ-0104] Net _25738_ only has one pin. Check if it is intended to be dangling.
[WARNING RSZ-0104] Net _25737_ only has one pin. Check if it is intended to be dangling.
[WARNING RSZ-0104] Net _25736_ only has one pin. Check if it is intended to be dangling.
[WARNING RSZ-0104] Net _25717_ only has one pin. Check if it is intended to be dangling.
[WARNING RSZ-0104] Net _25735_ only has one pin. Check if it is intended to be dangling.
[WARNING RSZ-0104] Net _25734_ only has one pin. Check if it is intended to be dangling.
[WARNING RSZ-0104] Net _25733_ only has one pin. Check if it is intended to be dangling.
[WARNING RSZ-0104] Net _25732_ only has one pin. Check if it is intended to be dangling.
[WARNING RSZ-0104] Net _25731_ only has one pin. Check if it is intended to be dangling.
[WARNING RSZ-0104] Net _25730_ only has one pin. Check if it is intended to be dangling.
[WARNING RSZ-0104] Net _25729_ only has one pin. Check if it is intended to be dangling.
[WARNING RSZ-0104] Net _25728_ only has one pin. Check if it is intended to be dangling.
[WARNING RSZ-0104] Net _25727_ only has one pin. Check if it is intended to be dangling.
[WARNING RSZ-0104] Net _25726_ only has one pin. Check if it is intended to be dangling.
[WARNING RSZ-0104] Net _25716_ only has one pin. Check if it is intended to be dangling.
[WARNING RSZ-0104] Net _24204_ only has one pin. Check if it is intended to be dangling.
[WARNING RSZ-0104] Net _25715_ only has one pin. Check if it is intended to be dangling.
[WARNING RSZ-0104] Net _25714_ only has one pin. Check if it is intended to be dangling.
[WARNING RSZ-0104] Net _25713_ only has one pin. Check if it is intended to be dangling.
[WARNING RSZ-0104] Net _25712_ only has one pin. Check if it is intended to be dangling.
[WARNING RSZ-0104] Net _25711_ only has one pin. Check if it is intended to be dangling.
[WARNING RSZ-0104] Net _25710_ only has one pin. Check if it is intended to be dangling.
[WARNING RSZ-0104] Net _25709_ only has one pin. Check if it is intended to be dangling.
[WARNING RSZ-0104] Net _25680_ only has one pin. Check if it is intended to be dangling.
[WARNING RSZ-0104] Net _25679_ only has one pin. Check if it is intended to be dangling.
[WARNING RSZ-0104] Net _25678_ only has one pin. Check if it is intended to be dangling.
[WARNING RSZ-0104] Net _25677_ only has one pin. Check if it is intended to be dangling.
[WARNING RSZ-0104] Net _25676_ only has one pin. Check if it is intended to be dangling.
[WARNING RSZ-0104] Net _25675_ only has one pin. Check if it is intended to be dangling.
[WARNING RSZ-0104] Net _25674_ only has one pin. Check if it is intended to be dangling.
[WARNING RSZ-0104] Net _24201_ only has one pin. Check if it is intended to be dangling.
[WARNING RSZ-0104] Net _25701_ only has one pin. Check if it is intended to be dangling.
[WARNING RSZ-0104] Net _25673_ only has one pin. Check if it is intended to be dangling.
[WARNING RSZ-0104] Net _25700_ only has one pin. Check if it is intended to be dangling.
[WARNING RSZ-0104] Net _25699_ only has one pin. Check if it is intended to be dangling.
[WARNING RSZ-0104] Net _25698_ only has one pin. Check if it is intended to be dangling.
[WARNING RSZ-0104] Net _25697_ only has one pin. Check if it is intended to be dangling.
[WARNING RSZ-0104] Net _25696_ only has one pin. Check if it is intended to be dangling.
[WARNING RSZ-0104] Net _25695_ only has one pin. Check if it is intended to be dangling.
[WARNING RSZ-0104] Net _25694_ only has one pin. Check if it is intended to be dangling.
[WARNING RSZ-0104] Net _25693_ only has one pin. Check if it is intended to be dangling.
[WARNING RSZ-0104] Net _25692_ only has one pin. Check if it is intended to be dangling.
[WARNING RSZ-0104] Net _25691_ only has one pin. Check if it is intended to be dangling.
[WARNING RSZ-0104] Net _25672_ only has one pin. Check if it is intended to be dangling.
[WARNING RSZ-0104] Net _25690_ only has one pin. Check if it is intended to be dangling.
[WARNING RSZ-0104] Net _25689_ only has one pin. Check if it is intended to be dangling.
[WARNING RSZ-0104] Net _25688_ only has one pin. Check if it is intended to be dangling.
[WARNING RSZ-0104] Net _25687_ only has one pin. Check if it is intended to be dangling.
[WARNING RSZ-0104] Net _25686_ only has one pin. Check if it is intended to be dangling.
[WARNING RSZ-0104] Net _25685_ only has one pin. Check if it is intended to be dangling.
[WARNING RSZ-0104] Net _25684_ only has one pin. Check if it is intended to be dangling.
[WARNING RSZ-0104] Net _25683_ only has one pin. Check if it is intended to be dangling.
[WARNING RSZ-0104] Net _25682_ only has one pin. Check if it is intended to be dangling.
[WARNING RSZ-0104] Net _25681_ only has one pin. Check if it is intended to be dangling.
[WARNING RSZ-0104] Net _25671_ only has one pin. Check if it is intended to be dangling.
[WARNING RSZ-0104] Net _24200_ only has one pin. Check if it is intended to be dangling.
[WARNING RSZ-0104] Net _25670_ only has one pin. Check if it is intended to be dangling.
[WARNING RSZ-0104] Net _25669_ only has one pin. Check if it is intended to be dangling.
[WARNING RSZ-0104] Net _25668_ only has one pin. Check if it is intended to be dangling.
[WARNING RSZ-0104] Net _25667_ only has one pin. Check if it is intended to be dangling.
[WARNING RSZ-0104] Net _25666_ only has one pin. Check if it is intended to be dangling.
[WARNING RSZ-0104] Net _25665_ only has one pin. Check if it is intended to be dangling.
[WARNING RSZ-0104] Net _25664_ only has one pin. Check if it is intended to be dangling.
[WARNING RSZ-0104] Net _25604_ only has one pin. Check if it is intended to be dangling.
[WARNING RSZ-0104] Net _25603_ only has one pin. Check if it is intended to be dangling.
[WARNING RSZ-0104] Net _25602_ only has one pin. Check if it is intended to be dangling.
[WARNING RSZ-0104] Net _25601_ only has one pin. Check if it is intended to be dangling.
[WARNING RSZ-0104] Net _25600_ only has one pin. Check if it is intended to be dangling.
[WARNING RSZ-0104] Net _25599_ only has one pin. Check if it is intended to be dangling.
[WARNING RSZ-0104] Net _25598_ only has one pin. Check if it is intended to be dangling.
[WARNING RSZ-0104] Net _24197_ only has one pin. Check if it is intended to be dangling.
[WARNING RSZ-0104] Net _25625_ only has one pin. Check if it is intended to be dangling.
[WARNING RSZ-0104] Net _25597_ only has one pin. Check if it is intended to be dangling.
[WARNING RSZ-0104] Net _25624_ only has one pin. Check if it is intended to be dangling.
[WARNING RSZ-0104] Net _25623_ only has one pin. Check if it is intended to be dangling.
[WARNING RSZ-0104] Net _25622_ only has one pin. Check if it is intended to be dangling.
[WARNING RSZ-0104] Net _25621_ only has one pin. Check if it is intended to be dangling.
[WARNING RSZ-0104] Net _25620_ only has one pin. Check if it is intended to be dangling.
[WARNING RSZ-0104] Net _25619_ only has one pin. Check if it is intended to be dangling.
[WARNING RSZ-0104] Net _25618_ only has one pin. Check if it is intended to be dangling.
[WARNING RSZ-0104] Net _25617_ only has one pin. Check if it is intended to be dangling.
[WARNING RSZ-0104] Net _25616_ only has one pin. Check if it is intended to be dangling.
[WARNING RSZ-0104] Net _25615_ only has one pin. Check if it is intended to be dangling.
[WARNING RSZ-0104] Net _25596_ only has one pin. Check if it is intended to be dangling.
[WARNING RSZ-0104] Net _25614_ only has one pin. Check if it is intended to be dangling.
[WARNING RSZ-0104] Net _25613_ only has one pin. Check if it is intended to be dangling.
[WARNING RSZ-0104] Net _25612_ only has one pin. Check if it is intended to be dangling.
[WARNING RSZ-0104] Net _25611_ only has one pin. Check if it is intended to be dangling.
[WARNING RSZ-0104] Net _25610_ only has one pin. Check if it is intended to be dangling.
[WARNING RSZ-0104] Net _25609_ only has one pin. Check if it is intended to be dangling.
[WARNING RSZ-0104] Net _25608_ only has one pin. Check if it is intended to be dangling.
[WARNING RSZ-0104] Net _25607_ only has one pin. Check if it is intended to be dangling.
[WARNING RSZ-0104] Net _25606_ only has one pin. Check if it is intended to be dangling.
[WARNING RSZ-0104] Net _25605_ only has one pin. Check if it is intended to be dangling.
[WARNING RSZ-0104] Net _25595_ only has one pin. Check if it is intended to be dangling.
[WARNING RSZ-0104] Net _24196_ only has one pin. Check if it is intended to be dangling.
[WARNING RSZ-0104] Net _25594_ only has one pin. Check if it is intended to be dangling.
[WARNING RSZ-0104] Net _25593_ only has one pin. Check if it is intended to be dangling.
[WARNING RSZ-0104] Net _25592_ only has one pin. Check if it is intended to be dangling.
[WARNING RSZ-0104] Net _25591_ only has one pin. Check if it is intended to be dangling.
[WARNING RSZ-0104] Net _25590_ only has one pin. Check if it is intended to be dangling.
[WARNING RSZ-0104] Net _25589_ only has one pin. Check if it is intended to be dangling.
[WARNING RSZ-0104] Net _25588_ only has one pin. Check if it is intended to be dangling.
[WARNING RSZ-0104] Net _25552_ only has one pin. Check if it is intended to be dangling.
[WARNING RSZ-0104] Net _25551_ only has one pin. Check if it is intended to be dangling.
[WARNING RSZ-0104] Net _25550_ only has one pin. Check if it is intended to be dangling.
[WARNING RSZ-0104] Net _25549_ only has one pin. Check if it is intended to be dangling.
[WARNING RSZ-0104] Net _25548_ only has one pin. Check if it is intended to be dangling.
[WARNING RSZ-0104] Net _25547_ only has one pin. Check if it is intended to be dangling.
[WARNING RSZ-0104] Net _25546_ only has one pin. Check if it is intended to be dangling.
[WARNING RSZ-0104] Net _24193_ only has one pin. Check if it is intended to be dangling.
[WARNING RSZ-0104] Net _25573_ only has one pin. Check if it is intended to be dangling.
[WARNING RSZ-0104] Net _25545_ only has one pin. Check if it is intended to be dangling.
[WARNING RSZ-0104] Net _25572_ only has one pin. Check if it is intended to be dangling.
[WARNING RSZ-0104] Net _25571_ only has one pin. Check if it is intended to be dangling.
[WARNING RSZ-0104] Net _25570_ only has one pin. Check if it is intended to be dangling.
[WARNING RSZ-0104] Net _25569_ only has one pin. Check if it is intended to be dangling.
[WARNING RSZ-0104] Net _25568_ only has one pin. Check if it is intended to be dangling.
[WARNING RSZ-0104] Net _25567_ only has one pin. Check if it is intended to be dangling.
[WARNING RSZ-0104] Net _25566_ only has one pin. Check if it is intended to be dangling.
[WARNING RSZ-0104] Net _25565_ only has one pin. Check if it is intended to be dangling.
[WARNING RSZ-0104] Net _25564_ only has one pin. Check if it is intended to be dangling.
[WARNING RSZ-0104] Net _25563_ only has one pin. Check if it is intended to be dangling.
[WARNING RSZ-0104] Net _25544_ only has one pin. Check if it is intended to be dangling.
[WARNING RSZ-0104] Net _25562_ only has one pin. Check if it is intended to be dangling.
[WARNING RSZ-0104] Net _25561_ only has one pin. Check if it is intended to be dangling.
[WARNING RSZ-0104] Net _25560_ only has one pin. Check if it is intended to be dangling.
[WARNING RSZ-0104] Net _25559_ only has one pin. Check if it is intended to be dangling.
[WARNING RSZ-0104] Net _25558_ only has one pin. Check if it is intended to be dangling.
[WARNING RSZ-0104] Net _25557_ only has one pin. Check if it is intended to be dangling.
[WARNING RSZ-0104] Net _25556_ only has one pin. Check if it is intended to be dangling.
[WARNING RSZ-0104] Net _25555_ only has one pin. Check if it is intended to be dangling.
[WARNING RSZ-0104] Net _25554_ only has one pin. Check if it is intended to be dangling.
[WARNING RSZ-0104] Net _25553_ only has one pin. Check if it is intended to be dangling.
[WARNING RSZ-0104] Net _25543_ only has one pin. Check if it is intended to be dangling.
[WARNING RSZ-0104] Net _24192_ only has one pin. Check if it is intended to be dangling.
[WARNING RSZ-0104] Net _25542_ only has one pin. Check if it is intended to be dangling.
[WARNING RSZ-0104] Net _25541_ only has one pin. Check if it is intended to be dangling.
[WARNING RSZ-0104] Net _25540_ only has one pin. Check if it is intended to be dangling.
[WARNING RSZ-0104] Net _25539_ only has one pin. Check if it is intended to be dangling.
[WARNING RSZ-0104] Net _25538_ only has one pin. Check if it is intended to be dangling.
[WARNING RSZ-0104] Net _25537_ only has one pin. Check if it is intended to be dangling.
[WARNING RSZ-0104] Net _25536_ only has one pin. Check if it is intended to be dangling.
[WARNING RSZ-0104] Net _25514_ only has one pin. Check if it is intended to be dangling.
[WARNING RSZ-0104] Net _25513_ only has one pin. Check if it is intended to be dangling.
[WARNING RSZ-0104] Net _25512_ only has one pin. Check if it is intended to be dangling.
[WARNING RSZ-0104] Net _25511_ only has one pin. Check if it is intended to be dangling.
[WARNING RSZ-0104] Net _25510_ only has one pin. Check if it is intended to be dangling.
[WARNING RSZ-0104] Net _25509_ only has one pin. Check if it is intended to be dangling.
[WARNING RSZ-0104] Net _25508_ only has one pin. Check if it is intended to be dangling.
[WARNING RSZ-0104] Net _24191_ only has one pin. Check if it is intended to be dangling.
[WARNING RSZ-0104] Net _25535_ only has one pin. Check if it is intended to be dangling.
[WARNING RSZ-0104] Net _25507_ only has one pin. Check if it is intended to be dangling.
[WARNING RSZ-0104] Net _25534_ only has one pin. Check if it is intended to be dangling.
[WARNING RSZ-0104] Net _25533_ only has one pin. Check if it is intended to be dangling.
[WARNING RSZ-0104] Net _25532_ only has one pin. Check if it is intended to be dangling.
[WARNING RSZ-0104] Net _25531_ only has one pin. Check if it is intended to be dangling.
[WARNING RSZ-0104] Net _25530_ only has one pin. Check if it is intended to be dangling.
[WARNING RSZ-0104] Net _25529_ only has one pin. Check if it is intended to be dangling.
[WARNING RSZ-0104] Net _25528_ only has one pin. Check if it is intended to be dangling.
[WARNING RSZ-0104] Net _25527_ only has one pin. Check if it is intended to be dangling.
[WARNING RSZ-0104] Net _25526_ only has one pin. Check if it is intended to be dangling.
[WARNING RSZ-0104] Net _25525_ only has one pin. Check if it is intended to be dangling.
[WARNING RSZ-0104] Net _25506_ only has one pin. Check if it is intended to be dangling.
[WARNING RSZ-0104] Net _25524_ only has one pin. Check if it is intended to be dangling.
[WARNING RSZ-0104] Net _25523_ only has one pin. Check if it is intended to be dangling.
[WARNING RSZ-0104] Net _25522_ only has one pin. Check if it is intended to be dangling.
[WARNING RSZ-0104] Net _25521_ only has one pin. Check if it is intended to be dangling.
[WARNING RSZ-0104] Net _25520_ only has one pin. Check if it is intended to be dangling.
[WARNING RSZ-0104] Net _25519_ only has one pin. Check if it is intended to be dangling.
[WARNING RSZ-0104] Net _25518_ only has one pin. Check if it is intended to be dangling.
[WARNING RSZ-0104] Net _25517_ only has one pin. Check if it is intended to be dangling.
[WARNING RSZ-0104] Net _25516_ only has one pin. Check if it is intended to be dangling.
[WARNING RSZ-0104] Net _25515_ only has one pin. Check if it is intended to be dangling.
[WARNING RSZ-0104] Net _25505_ only has one pin. Check if it is intended to be dangling.
[WARNING RSZ-0104] Net _24189_ only has one pin. Check if it is intended to be dangling.
[WARNING RSZ-0104] Net _24190_ only has one pin. Check if it is intended to be dangling.
[WARNING RSZ-0104] Net _25504_ only has one pin. Check if it is intended to be dangling.
[WARNING RSZ-0104] Net _25503_ only has one pin. Check if it is intended to be dangling.
[WARNING RSZ-0104] Net _25502_ only has one pin. Check if it is intended to be dangling.
[WARNING RSZ-0104] Net _25501_ only has one pin. Check if it is intended to be dangling.
[WARNING RSZ-0104] Net _25500_ only has one pin. Check if it is intended to be dangling.
[WARNING RSZ-0104] Net _25499_ only has one pin. Check if it is intended to be dangling.
[WARNING RSZ-0104] Net _25498_ only has one pin. Check if it is intended to be dangling.
[WARNING RSZ-0104] Net _25476_ only has one pin. Check if it is intended to be dangling.
[WARNING RSZ-0104] Net _25475_ only has one pin. Check if it is intended to be dangling.
[WARNING RSZ-0104] Net _25474_ only has one pin. Check if it is intended to be dangling.
[WARNING RSZ-0104] Net _25473_ only has one pin. Check if it is intended to be dangling.
[WARNING RSZ-0104] Net _25472_ only has one pin. Check if it is intended to be dangling.
[WARNING RSZ-0104] Net _25471_ only has one pin. Check if it is intended to be dangling.
[WARNING RSZ-0104] Net _25470_ only has one pin. Check if it is intended to be dangling.
[WARNING RSZ-0104] Net _24188_ only has one pin. Check if it is intended to be dangling.
[WARNING RSZ-0104] Net _25497_ only has one pin. Check if it is intended to be dangling.
[WARNING RSZ-0104] Net _25496_ only has one pin. Check if it is intended to be dangling.
[WARNING RSZ-0104] Net _25495_ only has one pin. Check if it is intended to be dangling.
[WARNING RSZ-0104] Net _25494_ only has one pin. Check if it is intended to be dangling.
[WARNING RSZ-0104] Net _25493_ only has one pin. Check if it is intended to be dangling.
[WARNING RSZ-0104] Net _25492_ only has one pin. Check if it is intended to be dangling.
[WARNING RSZ-0104] Net _25491_ only has one pin. Check if it is intended to be dangling.
[WARNING RSZ-0104] Net _25490_ only has one pin. Check if it is intended to be dangling.
[WARNING RSZ-0104] Net _25489_ only has one pin. Check if it is intended to be dangling.
[WARNING RSZ-0104] Net _25488_ only has one pin. Check if it is intended to be dangling.
[WARNING RSZ-0104] Net _25487_ only has one pin. Check if it is intended to be dangling.
[WARNING RSZ-0104] Net _25486_ only has one pin. Check if it is intended to be dangling.
[WARNING RSZ-0104] Net _25485_ only has one pin. Check if it is intended to be dangling.
[WARNING RSZ-0104] Net _25484_ only has one pin. Check if it is intended to be dangling.
[WARNING RSZ-0104] Net _25483_ only has one pin. Check if it is intended to be dangling.
[WARNING RSZ-0104] Net _25482_ only has one pin. Check if it is intended to be dangling.
[WARNING RSZ-0104] Net _25481_ only has one pin. Check if it is intended to be dangling.
[WARNING RSZ-0104] Net _25480_ only has one pin. Check if it is intended to be dangling.
    40000 |     +0.0% |       0 |       8 |            31 |      5674
[WARNING RSZ-0104] Net _25479_ only has one pin. Check if it is intended to be dangling.
[WARNING RSZ-0104] Net _25478_ only has one pin. Check if it is intended to be dangling.
[WARNING RSZ-0104] Net _25477_ only has one pin. Check if it is intended to be dangling.
[WARNING RSZ-0104] Net _24187_ only has one pin. Check if it is intended to be dangling.
[WARNING RSZ-0104] Net _25469_ only has one pin. Check if it is intended to be dangling.
[WARNING RSZ-0104] Net _25468_ only has one pin. Check if it is intended to be dangling.
[WARNING RSZ-0104] Net _25467_ only has one pin. Check if it is intended to be dangling.
[WARNING RSZ-0104] Net _25466_ only has one pin. Check if it is intended to be dangling.
[WARNING RSZ-0104] Net _25465_ only has one pin. Check if it is intended to be dangling.
[WARNING RSZ-0104] Net _25464_ only has one pin. Check if it is intended to be dangling.
[WARNING RSZ-0104] Net _25463_ only has one pin. Check if it is intended to be dangling.
[WARNING RSZ-0104] Net _25434_ only has one pin. Check if it is intended to be dangling.
[WARNING RSZ-0104] Net _25433_ only has one pin. Check if it is intended to be dangling.
[WARNING RSZ-0104] Net _25432_ only has one pin. Check if it is intended to be dangling.
[WARNING RSZ-0104] Net _25431_ only has one pin. Check if it is intended to be dangling.
[WARNING RSZ-0104] Net _25430_ only has one pin. Check if it is intended to be dangling.
[WARNING RSZ-0104] Net _25429_ only has one pin. Check if it is intended to be dangling.
[WARNING RSZ-0104] Net _25428_ only has one pin. Check if it is intended to be dangling.
[WARNING RSZ-0104] Net _24185_ only has one pin. Check if it is intended to be dangling.
[WARNING RSZ-0104] Net _25455_ only has one pin. Check if it is intended to be dangling.
[WARNING RSZ-0104] Net _25454_ only has one pin. Check if it is intended to be dangling.
[WARNING RSZ-0104] Net _25453_ only has one pin. Check if it is intended to be dangling.
[WARNING RSZ-0104] Net _25452_ only has one pin. Check if it is intended to be dangling.
[WARNING RSZ-0104] Net _25451_ only has one pin. Check if it is intended to be dangling.
[WARNING RSZ-0104] Net _25450_ only has one pin. Check if it is intended to be dangling.
[WARNING RSZ-0104] Net _25449_ only has one pin. Check if it is intended to be dangling.
[WARNING RSZ-0104] Net _25448_ only has one pin. Check if it is intended to be dangling.
[WARNING RSZ-0104] Net _25447_ only has one pin. Check if it is intended to be dangling.
[WARNING RSZ-0104] Net _25446_ only has one pin. Check if it is intended to be dangling.
[WARNING RSZ-0104] Net _25445_ only has one pin. Check if it is intended to be dangling.
[WARNING RSZ-0104] Net _25444_ only has one pin. Check if it is intended to be dangling.
[WARNING RSZ-0104] Net _25443_ only has one pin. Check if it is intended to be dangling.
[WARNING RSZ-0104] Net _25442_ only has one pin. Check if it is intended to be dangling.
[WARNING RSZ-0104] Net _25441_ only has one pin. Check if it is intended to be dangling.
[WARNING RSZ-0104] Net _25440_ only has one pin. Check if it is intended to be dangling.
[WARNING RSZ-0104] Net _25439_ only has one pin. Check if it is intended to be dangling.
[WARNING RSZ-0104] Net _25438_ only has one pin. Check if it is intended to be dangling.
[WARNING RSZ-0104] Net _25437_ only has one pin. Check if it is intended to be dangling.
[WARNING RSZ-0104] Net _25436_ only has one pin. Check if it is intended to be dangling.
[WARNING RSZ-0104] Net _25435_ only has one pin. Check if it is intended to be dangling.
[WARNING RSZ-0104] Net _24184_ only has one pin. Check if it is intended to be dangling.
[WARNING RSZ-0104] Net _25427_ only has one pin. Check if it is intended to be dangling.
[WARNING RSZ-0104] Net _25426_ only has one pin. Check if it is intended to be dangling.
[WARNING RSZ-0104] Net _25425_ only has one pin. Check if it is intended to be dangling.
[WARNING RSZ-0104] Net _25424_ only has one pin. Check if it is intended to be dangling.
[WARNING RSZ-0104] Net _25423_ only has one pin. Check if it is intended to be dangling.
[WARNING RSZ-0104] Net _25422_ only has one pin. Check if it is intended to be dangling.
[WARNING RSZ-0104] Net _25421_ only has one pin. Check if it is intended to be dangling.
[WARNING RSZ-0104] Net _25399_ only has one pin. Check if it is intended to be dangling.
[WARNING RSZ-0104] Net _25398_ only has one pin. Check if it is intended to be dangling.
[WARNING RSZ-0104] Net _25397_ only has one pin. Check if it is intended to be dangling.
[WARNING RSZ-0104] Net _25396_ only has one pin. Check if it is intended to be dangling.
[WARNING RSZ-0104] Net _25395_ only has one pin. Check if it is intended to be dangling.
[WARNING RSZ-0104] Net _25394_ only has one pin. Check if it is intended to be dangling.
[WARNING RSZ-0104] Net _25393_ only has one pin. Check if it is intended to be dangling.
[WARNING RSZ-0104] Net _24183_ only has one pin. Check if it is intended to be dangling.
[WARNING RSZ-0104] Net _25420_ only has one pin. Check if it is intended to be dangling.
[WARNING RSZ-0104] Net _25419_ only has one pin. Check if it is intended to be dangling.
[WARNING RSZ-0104] Net _25418_ only has one pin. Check if it is intended to be dangling.
[WARNING RSZ-0104] Net _25417_ only has one pin. Check if it is intended to be dangling.
[WARNING RSZ-0104] Net _25416_ only has one pin. Check if it is intended to be dangling.
[WARNING RSZ-0104] Net _25415_ only has one pin. Check if it is intended to be dangling.
[WARNING RSZ-0104] Net _25414_ only has one pin. Check if it is intended to be dangling.
[WARNING RSZ-0104] Net _25413_ only has one pin. Check if it is intended to be dangling.
[WARNING RSZ-0104] Net _25412_ only has one pin. Check if it is intended to be dangling.
[WARNING RSZ-0104] Net _25411_ only has one pin. Check if it is intended to be dangling.
[WARNING RSZ-0104] Net _25410_ only has one pin. Check if it is intended to be dangling.
[WARNING RSZ-0104] Net _25409_ only has one pin. Check if it is intended to be dangling.
[WARNING RSZ-0104] Net _25408_ only has one pin. Check if it is intended to be dangling.
[WARNING RSZ-0104] Net _25407_ only has one pin. Check if it is intended to be dangling.
[WARNING RSZ-0104] Net _25406_ only has one pin. Check if it is intended to be dangling.
[WARNING RSZ-0104] Net _25405_ only has one pin. Check if it is intended to be dangling.
[WARNING RSZ-0104] Net _25404_ only has one pin. Check if it is intended to be dangling.
[WARNING RSZ-0104] Net _25403_ only has one pin. Check if it is intended to be dangling.
[WARNING RSZ-0104] Net _25402_ only has one pin. Check if it is intended to be dangling.
[WARNING RSZ-0104] Net _25401_ only has one pin. Check if it is intended to be dangling.
[WARNING RSZ-0104] Net _25400_ only has one pin. Check if it is intended to be dangling.
[WARNING RSZ-0104] Net _24181_ only has one pin. Check if it is intended to be dangling.
[WARNING RSZ-0104] Net _25392_ only has one pin. Check if it is intended to be dangling.
[WARNING RSZ-0104] Net _25391_ only has one pin. Check if it is intended to be dangling.
[WARNING RSZ-0104] Net _25390_ only has one pin. Check if it is intended to be dangling.
[WARNING RSZ-0104] Net _25389_ only has one pin. Check if it is intended to be dangling.
[WARNING RSZ-0104] Net _25388_ only has one pin. Check if it is intended to be dangling.
[WARNING RSZ-0104] Net _25387_ only has one pin. Check if it is intended to be dangling.
[WARNING RSZ-0104] Net _25386_ only has one pin. Check if it is intended to be dangling.
[WARNING RSZ-0104] Net _25364_ only has one pin. Check if it is intended to be dangling.
[WARNING RSZ-0104] Net _25363_ only has one pin. Check if it is intended to be dangling.
[WARNING RSZ-0104] Net _25362_ only has one pin. Check if it is intended to be dangling.
[WARNING RSZ-0104] Net _25361_ only has one pin. Check if it is intended to be dangling.
[WARNING RSZ-0104] Net _25360_ only has one pin. Check if it is intended to be dangling.
[WARNING RSZ-0104] Net _25359_ only has one pin. Check if it is intended to be dangling.
[WARNING RSZ-0104] Net _25358_ only has one pin. Check if it is intended to be dangling.
[WARNING RSZ-0104] Net _24180_ only has one pin. Check if it is intended to be dangling.
[WARNING RSZ-0104] Net _25385_ only has one pin. Check if it is intended to be dangling.
[WARNING RSZ-0104] Net _25384_ only has one pin. Check if it is intended to be dangling.
[WARNING RSZ-0104] Net _25383_ only has one pin. Check if it is intended to be dangling.
[WARNING RSZ-0104] Net _25382_ only has one pin. Check if it is intended to be dangling.
[WARNING RSZ-0104] Net _25381_ only has one pin. Check if it is intended to be dangling.
[WARNING RSZ-0104] Net _25380_ only has one pin. Check if it is intended to be dangling.
[WARNING RSZ-0104] Net _25379_ only has one pin. Check if it is intended to be dangling.
[WARNING RSZ-0104] Net _25378_ only has one pin. Check if it is intended to be dangling.
[WARNING RSZ-0104] Net _25377_ only has one pin. Check if it is intended to be dangling.
[WARNING RSZ-0104] Net _25376_ only has one pin. Check if it is intended to be dangling.
[WARNING RSZ-0104] Net _25375_ only has one pin. Check if it is intended to be dangling.
[WARNING RSZ-0104] Net _25374_ only has one pin. Check if it is intended to be dangling.
[WARNING RSZ-0104] Net _25373_ only has one pin. Check if it is intended to be dangling.
[WARNING RSZ-0104] Net _25372_ only has one pin. Check if it is intended to be dangling.
[WARNING RSZ-0104] Net _25371_ only has one pin. Check if it is intended to be dangling.
[WARNING RSZ-0104] Net _25370_ only has one pin. Check if it is intended to be dangling.
[WARNING RSZ-0104] Net _25369_ only has one pin. Check if it is intended to be dangling.
[WARNING RSZ-0104] Net _25368_ only has one pin. Check if it is intended to be dangling.
[WARNING RSZ-0104] Net _25367_ only has one pin. Check if it is intended to be dangling.
[WARNING RSZ-0104] Net _25366_ only has one pin. Check if it is intended to be dangling.
[WARNING RSZ-0104] Net _25365_ only has one pin. Check if it is intended to be dangling.
[WARNING RSZ-0104] Net _24178_ only has one pin. Check if it is intended to be dangling.
[WARNING RSZ-0104] Net _25357_ only has one pin. Check if it is intended to be dangling.
[WARNING RSZ-0104] Net _25356_ only has one pin. Check if it is intended to be dangling.
[WARNING RSZ-0104] Net _25355_ only has one pin. Check if it is intended to be dangling.
[WARNING RSZ-0104] Net _25354_ only has one pin. Check if it is intended to be dangling.
[WARNING RSZ-0104] Net _25353_ only has one pin. Check if it is intended to be dangling.
[WARNING RSZ-0104] Net _25352_ only has one pin. Check if it is intended to be dangling.
[WARNING RSZ-0104] Net _25351_ only has one pin. Check if it is intended to be dangling.
[WARNING RSZ-0104] Net _25329_ only has one pin. Check if it is intended to be dangling.
[WARNING RSZ-0104] Net _25328_ only has one pin. Check if it is intended to be dangling.
[WARNING RSZ-0104] Net _25327_ only has one pin. Check if it is intended to be dangling.
[WARNING RSZ-0104] Net _25326_ only has one pin. Check if it is intended to be dangling.
[WARNING RSZ-0104] Net _25325_ only has one pin. Check if it is intended to be dangling.
[WARNING RSZ-0104] Net _25324_ only has one pin. Check if it is intended to be dangling.
[WARNING RSZ-0104] Net _25323_ only has one pin. Check if it is intended to be dangling.
[WARNING RSZ-0104] Net _24177_ only has one pin. Check if it is intended to be dangling.
[WARNING RSZ-0104] Net _25350_ only has one pin. Check if it is intended to be dangling.
[WARNING RSZ-0104] Net _25349_ only has one pin. Check if it is intended to be dangling.
[WARNING RSZ-0104] Net _25348_ only has one pin. Check if it is intended to be dangling.
[WARNING RSZ-0104] Net _25347_ only has one pin. Check if it is intended to be dangling.
[WARNING RSZ-0104] Net _25346_ only has one pin. Check if it is intended to be dangling.
[WARNING RSZ-0104] Net _25345_ only has one pin. Check if it is intended to be dangling.
[WARNING RSZ-0104] Net _25344_ only has one pin. Check if it is intended to be dangling.
[WARNING RSZ-0104] Net _25343_ only has one pin. Check if it is intended to be dangling.
[WARNING RSZ-0104] Net _25342_ only has one pin. Check if it is intended to be dangling.
[WARNING RSZ-0104] Net _25341_ only has one pin. Check if it is intended to be dangling.
[WARNING RSZ-0104] Net _25340_ only has one pin. Check if it is intended to be dangling.
[WARNING RSZ-0104] Net _25339_ only has one pin. Check if it is intended to be dangling.
[WARNING RSZ-0104] Net _25338_ only has one pin. Check if it is intended to be dangling.
[WARNING RSZ-0104] Net _25337_ only has one pin. Check if it is intended to be dangling.
[WARNING RSZ-0104] Net _25336_ only has one pin. Check if it is intended to be dangling.
[WARNING RSZ-0104] Net _25335_ only has one pin. Check if it is intended to be dangling.
[WARNING RSZ-0104] Net _25334_ only has one pin. Check if it is intended to be dangling.
[WARNING RSZ-0104] Net _25333_ only has one pin. Check if it is intended to be dangling.
[WARNING RSZ-0104] Net _25332_ only has one pin. Check if it is intended to be dangling.
[WARNING RSZ-0104] Net _25331_ only has one pin. Check if it is intended to be dangling.
[WARNING RSZ-0104] Net _25330_ only has one pin. Check if it is intended to be dangling.
[WARNING RSZ-0104] Net _24175_ only has one pin. Check if it is intended to be dangling.
[WARNING RSZ-0104] Net _24176_ only has one pin. Check if it is intended to be dangling.
[WARNING RSZ-0104] Net _25322_ only has one pin. Check if it is intended to be dangling.
[WARNING RSZ-0104] Net _25321_ only has one pin. Check if it is intended to be dangling.
[WARNING RSZ-0104] Net _25320_ only has one pin. Check if it is intended to be dangling.
[WARNING RSZ-0104] Net _25319_ only has one pin. Check if it is intended to be dangling.
[WARNING RSZ-0104] Net _25318_ only has one pin. Check if it is intended to be dangling.
[WARNING RSZ-0104] Net _25317_ only has one pin. Check if it is intended to be dangling.
[WARNING RSZ-0104] Net _25316_ only has one pin. Check if it is intended to be dangling.
[WARNING RSZ-0104] Net _25294_ only has one pin. Check if it is intended to be dangling.
[WARNING RSZ-0104] Net _25293_ only has one pin. Check if it is intended to be dangling.
[WARNING RSZ-0104] Net _25292_ only has one pin. Check if it is intended to be dangling.
[WARNING RSZ-0104] Net _25291_ only has one pin. Check if it is intended to be dangling.
[WARNING RSZ-0104] Net _25290_ only has one pin. Check if it is intended to be dangling.
[WARNING RSZ-0104] Net _25289_ only has one pin. Check if it is intended to be dangling.
[WARNING RSZ-0104] Net _25288_ only has one pin. Check if it is intended to be dangling.
[WARNING RSZ-0104] Net _24174_ only has one pin. Check if it is intended to be dangling.
[WARNING RSZ-0104] Net _25315_ only has one pin. Check if it is intended to be dangling.
[WARNING RSZ-0104] Net _25287_ only has one pin. Check if it is intended to be dangling.
[WARNING RSZ-0104] Net _25314_ only has one pin. Check if it is intended to be dangling.
[WARNING RSZ-0104] Net _25313_ only has one pin. Check if it is intended to be dangling.
[WARNING RSZ-0104] Net _25312_ only has one pin. Check if it is intended to be dangling.
[WARNING RSZ-0104] Net _25311_ only has one pin. Check if it is intended to be dangling.
[WARNING RSZ-0104] Net _25310_ only has one pin. Check if it is intended to be dangling.
[WARNING RSZ-0104] Net _25309_ only has one pin. Check if it is intended to be dangling.
[WARNING RSZ-0104] Net _25308_ only has one pin. Check if it is intended to be dangling.
[WARNING RSZ-0104] Net _25307_ only has one pin. Check if it is intended to be dangling.
[WARNING RSZ-0104] Net _25306_ only has one pin. Check if it is intended to be dangling.
[WARNING RSZ-0104] Net _25305_ only has one pin. Check if it is intended to be dangling.
[WARNING RSZ-0104] Net _25286_ only has one pin. Check if it is intended to be dangling.
[WARNING RSZ-0104] Net _25304_ only has one pin. Check if it is intended to be dangling.
[WARNING RSZ-0104] Net _25303_ only has one pin. Check if it is intended to be dangling.
[WARNING RSZ-0104] Net _25302_ only has one pin. Check if it is intended to be dangling.
[WARNING RSZ-0104] Net _25301_ only has one pin. Check if it is intended to be dangling.
[WARNING RSZ-0104] Net _25300_ only has one pin. Check if it is intended to be dangling.
[WARNING RSZ-0104] Net _25299_ only has one pin. Check if it is intended to be dangling.
[WARNING RSZ-0104] Net _25298_ only has one pin. Check if it is intended to be dangling.
[WARNING RSZ-0104] Net _25297_ only has one pin. Check if it is intended to be dangling.
[WARNING RSZ-0104] Net _25296_ only has one pin. Check if it is intended to be dangling.
[WARNING RSZ-0104] Net _25295_ only has one pin. Check if it is intended to be dangling.
[WARNING RSZ-0104] Net _25285_ only has one pin. Check if it is intended to be dangling.
[WARNING RSZ-0104] Net _24173_ only has one pin. Check if it is intended to be dangling.
[WARNING RSZ-0104] Net _25284_ only has one pin. Check if it is intended to be dangling.
[WARNING RSZ-0104] Net _25283_ only has one pin. Check if it is intended to be dangling.
[WARNING RSZ-0104] Net _25282_ only has one pin. Check if it is intended to be dangling.
[WARNING RSZ-0104] Net _25281_ only has one pin. Check if it is intended to be dangling.
[WARNING RSZ-0104] Net _25280_ only has one pin. Check if it is intended to be dangling.
[WARNING RSZ-0104] Net _25279_ only has one pin. Check if it is intended to be dangling.
[WARNING RSZ-0104] Net _25278_ only has one pin. Check if it is intended to be dangling.
[WARNING RSZ-0104] Net _25256_ only has one pin. Check if it is intended to be dangling.
[WARNING RSZ-0104] Net _25255_ only has one pin. Check if it is intended to be dangling.
[WARNING RSZ-0104] Net _25254_ only has one pin. Check if it is intended to be dangling.
[WARNING RSZ-0104] Net _25253_ only has one pin. Check if it is intended to be dangling.
[WARNING RSZ-0104] Net _25252_ only has one pin. Check if it is intended to be dangling.
[WARNING RSZ-0104] Net _25251_ only has one pin. Check if it is intended to be dangling.
[WARNING RSZ-0104] Net _25250_ only has one pin. Check if it is intended to be dangling.
[WARNING RSZ-0104] Net _24171_ only has one pin. Check if it is intended to be dangling.
[WARNING RSZ-0104] Net _25277_ only has one pin. Check if it is intended to be dangling.
[WARNING RSZ-0104] Net _25249_ only has one pin. Check if it is intended to be dangling.
[WARNING RSZ-0104] Net _25276_ only has one pin. Check if it is intended to be dangling.
[WARNING RSZ-0104] Net _25275_ only has one pin. Check if it is intended to be dangling.
[WARNING RSZ-0104] Net _25274_ only has one pin. Check if it is intended to be dangling.
[WARNING RSZ-0104] Net _25273_ only has one pin. Check if it is intended to be dangling.
[WARNING RSZ-0104] Net _25272_ only has one pin. Check if it is intended to be dangling.
[WARNING RSZ-0104] Net _25271_ only has one pin. Check if it is intended to be dangling.
[WARNING RSZ-0104] Net _25270_ only has one pin. Check if it is intended to be dangling.
[WARNING RSZ-0104] Net _25269_ only has one pin. Check if it is intended to be dangling.
[WARNING RSZ-0104] Net _25268_ only has one pin. Check if it is intended to be dangling.
[WARNING RSZ-0104] Net _25267_ only has one pin. Check if it is intended to be dangling.
[WARNING RSZ-0104] Net _25248_ only has one pin. Check if it is intended to be dangling.
[WARNING RSZ-0104] Net _25266_ only has one pin. Check if it is intended to be dangling.
[WARNING RSZ-0104] Net _25265_ only has one pin. Check if it is intended to be dangling.
[WARNING RSZ-0104] Net _25264_ only has one pin. Check if it is intended to be dangling.
[WARNING RSZ-0104] Net _25263_ only has one pin. Check if it is intended to be dangling.
[WARNING RSZ-0104] Net _25262_ only has one pin. Check if it is intended to be dangling.
[WARNING RSZ-0104] Net _25261_ only has one pin. Check if it is intended to be dangling.
[WARNING RSZ-0104] Net _25260_ only has one pin. Check if it is intended to be dangling.
[WARNING RSZ-0104] Net _25259_ only has one pin. Check if it is intended to be dangling.
[WARNING RSZ-0104] Net _25258_ only has one pin. Check if it is intended to be dangling.
[WARNING RSZ-0104] Net _25257_ only has one pin. Check if it is intended to be dangling.
[WARNING RSZ-0104] Net _25247_ only has one pin. Check if it is intended to be dangling.
[WARNING RSZ-0104] Net _24170_ only has one pin. Check if it is intended to be dangling.
[WARNING RSZ-0104] Net _25246_ only has one pin. Check if it is intended to be dangling.
[WARNING RSZ-0104] Net _25245_ only has one pin. Check if it is intended to be dangling.
[WARNING RSZ-0104] Net _25244_ only has one pin. Check if it is intended to be dangling.
[WARNING RSZ-0104] Net _25243_ only has one pin. Check if it is intended to be dangling.
[WARNING RSZ-0104] Net _25242_ only has one pin. Check if it is intended to be dangling.
[WARNING RSZ-0104] Net _25241_ only has one pin. Check if it is intended to be dangling.
[WARNING RSZ-0104] Net _25240_ only has one pin. Check if it is intended to be dangling.
[WARNING RSZ-0104] Net _25218_ only has one pin. Check if it is intended to be dangling.
[WARNING RSZ-0104] Net _25217_ only has one pin. Check if it is intended to be dangling.
[WARNING RSZ-0104] Net _25216_ only has one pin. Check if it is intended to be dangling.
[WARNING RSZ-0104] Net _25215_ only has one pin. Check if it is intended to be dangling.
[WARNING RSZ-0104] Net _25214_ only has one pin. Check if it is intended to be dangling.
[WARNING RSZ-0104] Net _25213_ only has one pin. Check if it is intended to be dangling.
[WARNING RSZ-0104] Net _25212_ only has one pin. Check if it is intended to be dangling.
[WARNING RSZ-0104] Net _24167_ only has one pin. Check if it is intended to be dangling.
[WARNING RSZ-0104] Net _25239_ only has one pin. Check if it is intended to be dangling.
[WARNING RSZ-0104] Net _25211_ only has one pin. Check if it is intended to be dangling.
[WARNING RSZ-0104] Net _25238_ only has one pin. Check if it is intended to be dangling.
[WARNING RSZ-0104] Net _25237_ only has one pin. Check if it is intended to be dangling.
[WARNING RSZ-0104] Net _25236_ only has one pin. Check if it is intended to be dangling.
[WARNING RSZ-0104] Net _25235_ only has one pin. Check if it is intended to be dangling.
[WARNING RSZ-0104] Net _25234_ only has one pin. Check if it is intended to be dangling.
[WARNING RSZ-0104] Net _25233_ only has one pin. Check if it is intended to be dangling.
[WARNING RSZ-0104] Net _25232_ only has one pin. Check if it is intended to be dangling.
[WARNING RSZ-0104] Net _25231_ only has one pin. Check if it is intended to be dangling.
[WARNING RSZ-0104] Net _25230_ only has one pin. Check if it is intended to be dangling.
[WARNING RSZ-0104] Net _25229_ only has one pin. Check if it is intended to be dangling.
[WARNING RSZ-0104] Net _25210_ only has one pin. Check if it is intended to be dangling.
[WARNING RSZ-0104] Net _25228_ only has one pin. Check if it is intended to be dangling.
[WARNING RSZ-0104] Net _25227_ only has one pin. Check if it is intended to be dangling.
[WARNING RSZ-0104] Net _25226_ only has one pin. Check if it is intended to be dangling.
[WARNING RSZ-0104] Net _25225_ only has one pin. Check if it is intended to be dangling.
[WARNING RSZ-0104] Net _25224_ only has one pin. Check if it is intended to be dangling.
[WARNING RSZ-0104] Net _25223_ only has one pin. Check if it is intended to be dangling.
[WARNING RSZ-0104] Net _25222_ only has one pin. Check if it is intended to be dangling.
[WARNING RSZ-0104] Net _25221_ only has one pin. Check if it is intended to be dangling.
[WARNING RSZ-0104] Net _25220_ only has one pin. Check if it is intended to be dangling.
[WARNING RSZ-0104] Net _25219_ only has one pin. Check if it is intended to be dangling.
[WARNING RSZ-0104] Net _25209_ only has one pin. Check if it is intended to be dangling.
[WARNING RSZ-0104] Net _24166_ only has one pin. Check if it is intended to be dangling.
[WARNING RSZ-0104] Net _25208_ only has one pin. Check if it is intended to be dangling.
[WARNING RSZ-0104] Net _25207_ only has one pin. Check if it is intended to be dangling.
[WARNING RSZ-0104] Net _25206_ only has one pin. Check if it is intended to be dangling.
[WARNING RSZ-0104] Net _25205_ only has one pin. Check if it is intended to be dangling.
[WARNING RSZ-0104] Net _25204_ only has one pin. Check if it is intended to be dangling.
[WARNING RSZ-0104] Net _25203_ only has one pin. Check if it is intended to be dangling.
[WARNING RSZ-0104] Net _25202_ only has one pin. Check if it is intended to be dangling.
[WARNING RSZ-0104] Net _25173_ only has one pin. Check if it is intended to be dangling.
[WARNING RSZ-0104] Net _25172_ only has one pin. Check if it is intended to be dangling.
[WARNING RSZ-0104] Net _25171_ only has one pin. Check if it is intended to be dangling.
[WARNING RSZ-0104] Net _25170_ only has one pin. Check if it is intended to be dangling.
[WARNING RSZ-0104] Net _25169_ only has one pin. Check if it is intended to be dangling.
[WARNING RSZ-0104] Net _25168_ only has one pin. Check if it is intended to be dangling.
[WARNING RSZ-0104] Net _25167_ only has one pin. Check if it is intended to be dangling.
[WARNING RSZ-0104] Net _24164_ only has one pin. Check if it is intended to be dangling.
[WARNING RSZ-0104] Net _25194_ only has one pin. Check if it is intended to be dangling.
[WARNING RSZ-0104] Net _25166_ only has one pin. Check if it is intended to be dangling.
[WARNING RSZ-0104] Net _25193_ only has one pin. Check if it is intended to be dangling.
[WARNING RSZ-0104] Net _25192_ only has one pin. Check if it is intended to be dangling.
[WARNING RSZ-0104] Net _25191_ only has one pin. Check if it is intended to be dangling.
[WARNING RSZ-0104] Net _25190_ only has one pin. Check if it is intended to be dangling.
[WARNING RSZ-0104] Net _25189_ only has one pin. Check if it is intended to be dangling.
[WARNING RSZ-0104] Net _25188_ only has one pin. Check if it is intended to be dangling.
[WARNING RSZ-0104] Net _25187_ only has one pin. Check if it is intended to be dangling.
[WARNING RSZ-0104] Net _25186_ only has one pin. Check if it is intended to be dangling.
[WARNING RSZ-0104] Net _25185_ only has one pin. Check if it is intended to be dangling.
[WARNING RSZ-0104] Net _25184_ only has one pin. Check if it is intended to be dangling.
[WARNING RSZ-0104] Net _25165_ only has one pin. Check if it is intended to be dangling.
[WARNING RSZ-0104] Net _25183_ only has one pin. Check if it is intended to be dangling.
[WARNING RSZ-0104] Net _25182_ only has one pin. Check if it is intended to be dangling.
[WARNING RSZ-0104] Net _25181_ only has one pin. Check if it is intended to be dangling.
[WARNING RSZ-0104] Net _25180_ only has one pin. Check if it is intended to be dangling.
[WARNING RSZ-0104] Net _25179_ only has one pin. Check if it is intended to be dangling.
[WARNING RSZ-0104] Net _25178_ only has one pin. Check if it is intended to be dangling.
[WARNING RSZ-0104] Net _25177_ only has one pin. Check if it is intended to be dangling.
[WARNING RSZ-0104] Net _25176_ only has one pin. Check if it is intended to be dangling.
[WARNING RSZ-0104] Net _25175_ only has one pin. Check if it is intended to be dangling.
[WARNING RSZ-0104] Net _25174_ only has one pin. Check if it is intended to be dangling.
[WARNING RSZ-0104] Net _25164_ only has one pin. Check if it is intended to be dangling.
[WARNING RSZ-0104] Net _24163_ only has one pin. Check if it is intended to be dangling.
[WARNING RSZ-0104] Net _25163_ only has one pin. Check if it is intended to be dangling.
[WARNING RSZ-0104] Net _25162_ only has one pin. Check if it is intended to be dangling.
[WARNING RSZ-0104] Net _25161_ only has one pin. Check if it is intended to be dangling.
[WARNING RSZ-0104] Net _25160_ only has one pin. Check if it is intended to be dangling.
[WARNING RSZ-0104] Net _25159_ only has one pin. Check if it is intended to be dangling.
[WARNING RSZ-0104] Net _25158_ only has one pin. Check if it is intended to be dangling.
[WARNING RSZ-0104] Net _25157_ only has one pin. Check if it is intended to be dangling.
[WARNING RSZ-0104] Net _25135_ only has one pin. Check if it is intended to be dangling.
[WARNING RSZ-0104] Net _25134_ only has one pin. Check if it is intended to be dangling.
[WARNING RSZ-0104] Net _25133_ only has one pin. Check if it is intended to be dangling.
[WARNING RSZ-0104] Net _25132_ only has one pin. Check if it is intended to be dangling.
[WARNING RSZ-0104] Net _25131_ only has one pin. Check if it is intended to be dangling.
[WARNING RSZ-0104] Net _25130_ only has one pin. Check if it is intended to be dangling.
[WARNING RSZ-0104] Net _25129_ only has one pin. Check if it is intended to be dangling.
[WARNING RSZ-0104] Net _24162_ only has one pin. Check if it is intended to be dangling.
[WARNING RSZ-0104] Net _25156_ only has one pin. Check if it is intended to be dangling.
[WARNING RSZ-0104] Net _25128_ only has one pin. Check if it is intended to be dangling.
[WARNING RSZ-0104] Net _25155_ only has one pin. Check if it is intended to be dangling.
[WARNING RSZ-0104] Net _25154_ only has one pin. Check if it is intended to be dangling.
[WARNING RSZ-0104] Net _25153_ only has one pin. Check if it is intended to be dangling.
[WARNING RSZ-0104] Net _25152_ only has one pin. Check if it is intended to be dangling.
[WARNING RSZ-0104] Net _25151_ only has one pin. Check if it is intended to be dangling.
[WARNING RSZ-0104] Net _25150_ only has one pin. Check if it is intended to be dangling.
[WARNING RSZ-0104] Net _25149_ only has one pin. Check if it is intended to be dangling.
[WARNING RSZ-0104] Net _25148_ only has one pin. Check if it is intended to be dangling.
[WARNING RSZ-0104] Net _25147_ only has one pin. Check if it is intended to be dangling.
[WARNING RSZ-0104] Net _25146_ only has one pin. Check if it is intended to be dangling.
[WARNING RSZ-0104] Net _25127_ only has one pin. Check if it is intended to be dangling.
[WARNING RSZ-0104] Net _25145_ only has one pin. Check if it is intended to be dangling.
[WARNING RSZ-0104] Net _25144_ only has one pin. Check if it is intended to be dangling.
[WARNING RSZ-0104] Net _25143_ only has one pin. Check if it is intended to be dangling.
[WARNING RSZ-0104] Net _25142_ only has one pin. Check if it is intended to be dangling.
[WARNING RSZ-0104] Net _25141_ only has one pin. Check if it is intended to be dangling.
[WARNING RSZ-0104] Net _25140_ only has one pin. Check if it is intended to be dangling.
[WARNING RSZ-0104] Net _25139_ only has one pin. Check if it is intended to be dangling.
[WARNING RSZ-0104] Net _25138_ only has one pin. Check if it is intended to be dangling.
[WARNING RSZ-0104] Net _25137_ only has one pin. Check if it is intended to be dangling.
[WARNING RSZ-0104] Net _25136_ only has one pin. Check if it is intended to be dangling.
[WARNING RSZ-0104] Net _25126_ only has one pin. Check if it is intended to be dangling.
[WARNING RSZ-0104] Net _24160_ only has one pin. Check if it is intended to be dangling.
[WARNING RSZ-0104] Net _24161_ only has one pin. Check if it is intended to be dangling.
[WARNING RSZ-0104] Net _25125_ only has one pin. Check if it is intended to be dangling.
[WARNING RSZ-0104] Net _25124_ only has one pin. Check if it is intended to be dangling.
[WARNING RSZ-0104] Net _25123_ only has one pin. Check if it is intended to be dangling.
[WARNING RSZ-0104] Net _25122_ only has one pin. Check if it is intended to be dangling.
[WARNING RSZ-0104] Net _25121_ only has one pin. Check if it is intended to be dangling.
[WARNING RSZ-0104] Net _25120_ only has one pin. Check if it is intended to be dangling.
[WARNING RSZ-0104] Net _25119_ only has one pin. Check if it is intended to be dangling.
[WARNING RSZ-0104] Net _25097_ only has one pin. Check if it is intended to be dangling.
[WARNING RSZ-0104] Net _25096_ only has one pin. Check if it is intended to be dangling.
[WARNING RSZ-0104] Net _25095_ only has one pin. Check if it is intended to be dangling.
[WARNING RSZ-0104] Net _25094_ only has one pin. Check if it is intended to be dangling.
[WARNING RSZ-0104] Net _25093_ only has one pin. Check if it is intended to be dangling.
[WARNING RSZ-0104] Net _25092_ only has one pin. Check if it is intended to be dangling.
[WARNING RSZ-0104] Net _25091_ only has one pin. Check if it is intended to be dangling.
[WARNING RSZ-0104] Net _24159_ only has one pin. Check if it is intended to be dangling.
[WARNING RSZ-0104] Net _25118_ only has one pin. Check if it is intended to be dangling.
[WARNING RSZ-0104] Net _25090_ only has one pin. Check if it is intended to be dangling.
[WARNING RSZ-0104] Net _25117_ only has one pin. Check if it is intended to be dangling.
[WARNING RSZ-0104] Net _25116_ only has one pin. Check if it is intended to be dangling.
[WARNING RSZ-0104] Net _25115_ only has one pin. Check if it is intended to be dangling.
[WARNING RSZ-0104] Net _25114_ only has one pin. Check if it is intended to be dangling.
[WARNING RSZ-0104] Net _25113_ only has one pin. Check if it is intended to be dangling.
[WARNING RSZ-0104] Net _25112_ only has one pin. Check if it is intended to be dangling.
[WARNING RSZ-0104] Net _25111_ only has one pin. Check if it is intended to be dangling.
[WARNING RSZ-0104] Net _25110_ only has one pin. Check if it is intended to be dangling.
[WARNING RSZ-0104] Net _25109_ only has one pin. Check if it is intended to be dangling.
[WARNING RSZ-0104] Net _25108_ only has one pin. Check if it is intended to be dangling.
[WARNING RSZ-0104] Net _25089_ only has one pin. Check if it is intended to be dangling.
[WARNING RSZ-0104] Net _25107_ only has one pin. Check if it is intended to be dangling.
[WARNING RSZ-0104] Net _25106_ only has one pin. Check if it is intended to be dangling.
[WARNING RSZ-0104] Net _25105_ only has one pin. Check if it is intended to be dangling.
[WARNING RSZ-0104] Net _25104_ only has one pin. Check if it is intended to be dangling.
[WARNING RSZ-0104] Net _25103_ only has one pin. Check if it is intended to be dangling.
[WARNING RSZ-0104] Net _25102_ only has one pin. Check if it is intended to be dangling.
[WARNING RSZ-0104] Net _25101_ only has one pin. Check if it is intended to be dangling.
[WARNING RSZ-0104] Net _25100_ only has one pin. Check if it is intended to be dangling.
[WARNING RSZ-0104] Net _25099_ only has one pin. Check if it is intended to be dangling.
[WARNING RSZ-0104] Net _25098_ only has one pin. Check if it is intended to be dangling.
[WARNING RSZ-0104] Net _24158_ only has one pin. Check if it is intended to be dangling.
[WARNING RSZ-0104] Net _25088_ only has one pin. Check if it is intended to be dangling.
[WARNING RSZ-0104] Net _25087_ only has one pin. Check if it is intended to be dangling.
[WARNING RSZ-0104] Net _25086_ only has one pin. Check if it is intended to be dangling.
[WARNING RSZ-0104] Net _25085_ only has one pin. Check if it is intended to be dangling.
[WARNING RSZ-0104] Net _25084_ only has one pin. Check if it is intended to be dangling.
[WARNING RSZ-0104] Net _25083_ only has one pin. Check if it is intended to be dangling.
[WARNING RSZ-0104] Net _25082_ only has one pin. Check if it is intended to be dangling.
[WARNING RSZ-0104] Net _25060_ only has one pin. Check if it is intended to be dangling.
[WARNING RSZ-0104] Net _25059_ only has one pin. Check if it is intended to be dangling.
[WARNING RSZ-0104] Net _25058_ only has one pin. Check if it is intended to be dangling.
[WARNING RSZ-0104] Net _25057_ only has one pin. Check if it is intended to be dangling.
[WARNING RSZ-0104] Net _25056_ only has one pin. Check if it is intended to be dangling.
[WARNING RSZ-0104] Net _25055_ only has one pin. Check if it is intended to be dangling.
[WARNING RSZ-0104] Net _25054_ only has one pin. Check if it is intended to be dangling.
[WARNING RSZ-0104] Net _24157_ only has one pin. Check if it is intended to be dangling.
[WARNING RSZ-0104] Net _25081_ only has one pin. Check if it is intended to be dangling.
[WARNING RSZ-0104] Net _25053_ only has one pin. Check if it is intended to be dangling.
[WARNING RSZ-0104] Net _25080_ only has one pin. Check if it is intended to be dangling.
[WARNING RSZ-0104] Net _25079_ only has one pin. Check if it is intended to be dangling.
[WARNING RSZ-0104] Net _25078_ only has one pin. Check if it is intended to be dangling.
[WARNING RSZ-0104] Net _25077_ only has one pin. Check if it is intended to be dangling.
[WARNING RSZ-0104] Net _25076_ only has one pin. Check if it is intended to be dangling.
[WARNING RSZ-0104] Net _25075_ only has one pin. Check if it is intended to be dangling.
[WARNING RSZ-0104] Net _25074_ only has one pin. Check if it is intended to be dangling.
[WARNING RSZ-0104] Net _25073_ only has one pin. Check if it is intended to be dangling.
[WARNING RSZ-0104] Net _25072_ only has one pin. Check if it is intended to be dangling.
[WARNING RSZ-0104] Net _25071_ only has one pin. Check if it is intended to be dangling.
[WARNING RSZ-0104] Net _25052_ only has one pin. Check if it is intended to be dangling.
[WARNING RSZ-0104] Net _25070_ only has one pin. Check if it is intended to be dangling.
[WARNING RSZ-0104] Net _25069_ only has one pin. Check if it is intended to be dangling.
[WARNING RSZ-0104] Net _25068_ only has one pin. Check if it is intended to be dangling.
[WARNING RSZ-0104] Net _25067_ only has one pin. Check if it is intended to be dangling.
[WARNING RSZ-0104] Net _25066_ only has one pin. Check if it is intended to be dangling.
[WARNING RSZ-0104] Net _25065_ only has one pin. Check if it is intended to be dangling.
[WARNING RSZ-0104] Net _25064_ only has one pin. Check if it is intended to be dangling.
    41000 |     +0.0% |       0 |       8 |            31 |      4674
[WARNING RSZ-0104] Net _25063_ only has one pin. Check if it is intended to be dangling.
[WARNING RSZ-0104] Net _25062_ only has one pin. Check if it is intended to be dangling.
[WARNING RSZ-0104] Net _25061_ only has one pin. Check if it is intended to be dangling.
[WARNING RSZ-0104] Net _24156_ only has one pin. Check if it is intended to be dangling.
[WARNING RSZ-0104] Net _25051_ only has one pin. Check if it is intended to be dangling.
[WARNING RSZ-0104] Net _25050_ only has one pin. Check if it is intended to be dangling.
[WARNING RSZ-0104] Net _25049_ only has one pin. Check if it is intended to be dangling.
[WARNING RSZ-0104] Net _25048_ only has one pin. Check if it is intended to be dangling.
[WARNING RSZ-0104] Net _25047_ only has one pin. Check if it is intended to be dangling.
[WARNING RSZ-0104] Net _25046_ only has one pin. Check if it is intended to be dangling.
[WARNING RSZ-0104] Net _25045_ only has one pin. Check if it is intended to be dangling.
[WARNING RSZ-0104] Net _25023_ only has one pin. Check if it is intended to be dangling.
[WARNING RSZ-0104] Net _25022_ only has one pin. Check if it is intended to be dangling.
[WARNING RSZ-0104] Net _25021_ only has one pin. Check if it is intended to be dangling.
[WARNING RSZ-0104] Net _25020_ only has one pin. Check if it is intended to be dangling.
[WARNING RSZ-0104] Net _25019_ only has one pin. Check if it is intended to be dangling.
[WARNING RSZ-0104] Net _25018_ only has one pin. Check if it is intended to be dangling.
[WARNING RSZ-0104] Net _25017_ only has one pin. Check if it is intended to be dangling.
[WARNING RSZ-0104] Net _24155_ only has one pin. Check if it is intended to be dangling.
[WARNING RSZ-0104] Net _25044_ only has one pin. Check if it is intended to be dangling.
[WARNING RSZ-0104] Net _25016_ only has one pin. Check if it is intended to be dangling.
[WARNING RSZ-0104] Net _25043_ only has one pin. Check if it is intended to be dangling.
[WARNING RSZ-0104] Net _25042_ only has one pin. Check if it is intended to be dangling.
[WARNING RSZ-0104] Net _25041_ only has one pin. Check if it is intended to be dangling.
[WARNING RSZ-0104] Net _25040_ only has one pin. Check if it is intended to be dangling.
[WARNING RSZ-0104] Net _25039_ only has one pin. Check if it is intended to be dangling.
[WARNING RSZ-0104] Net _25038_ only has one pin. Check if it is intended to be dangling.
[WARNING RSZ-0104] Net _25037_ only has one pin. Check if it is intended to be dangling.
[WARNING RSZ-0104] Net _25036_ only has one pin. Check if it is intended to be dangling.
[WARNING RSZ-0104] Net _25035_ only has one pin. Check if it is intended to be dangling.
[WARNING RSZ-0104] Net _25034_ only has one pin. Check if it is intended to be dangling.
[WARNING RSZ-0104] Net _25015_ only has one pin. Check if it is intended to be dangling.
[WARNING RSZ-0104] Net _25033_ only has one pin. Check if it is intended to be dangling.
[WARNING RSZ-0104] Net _25032_ only has one pin. Check if it is intended to be dangling.
[WARNING RSZ-0104] Net _25031_ only has one pin. Check if it is intended to be dangling.
[WARNING RSZ-0104] Net _25030_ only has one pin. Check if it is intended to be dangling.
[WARNING RSZ-0104] Net _25029_ only has one pin. Check if it is intended to be dangling.
[WARNING RSZ-0104] Net _25028_ only has one pin. Check if it is intended to be dangling.
[WARNING RSZ-0104] Net _25027_ only has one pin. Check if it is intended to be dangling.
[WARNING RSZ-0104] message limit (1000) reached. This message will no longer print.
    42000 |     +0.0% |       0 |       8 |            31 |      3674
    43000 |     +0.0% |       0 |       8 |            31 |      2674
    44000 |     +0.0% |       0 |       8 |            33 |      1674
    45000 |     +0.0% |       0 |       8 |            33 |       674
    final |     +0.0% |       0 |       8 |            33 |         0
---------------------------------------------------------------------
[INFO RSZ-0036] Found 33 capacitance violations.
[INFO RSZ-0038] Inserted 8 buffers in 33 nets.
[INFO RSZ-0504] Runtime: 4.68s
Took 5 seconds: repair_design -verbose -cap_margin 30 -slew_margin 25
global_route -start_incremental
detailed_placement
[INFO DPL-0006] Core area: 203680.46 um^2
[INFO DPL-0007] Movable instances area: 71904.59 um^2
[INFO DPL-0008] Fixed instances area within core: 300.58 um^2
[INFO DPL-0009] Utilization: 35.5%
[INFO DPL-0005] Diamond search max displacement: +/- 500 sites horizontally, +/- 100 rows vertically.
[INFO DPL-1102] Legalizing using negotiation legalizer.
[INFO DPL-1103] Negotiation base search window: +/-20 sites horizontally, +/-5 rows vertically 
	Automatic search window extension enabled.
	Search window extendable up to the max displacement cap of +/-500 sites, +/-100 rows near walls.
[INFO DPL-1104] NegotiationLegalizer DRC penalty: 5.
[INFO DPL-0392] Negotiation cell height distribution (1 unique row-count(s)):
[INFO DPL-0393]   height 1 row(s): 33994 cells
          |      Total |  Illegal |  Illegal
Iteration | Violations |    Cells |    Sites
---------------------------------------------
        0 |          0 |         0 |         0
Negotiation phase 1 converged at iteration 0.
[INFO DPL-0500] Runtime: 0.14s
Placement Analysis
---------------------------------
total displacement         11.8 u
average displacement        0.0 u
max displacement            2.8 u
original HPWL          409230.1 u
legalized HPWL         409235.6 u
delta HPWL                    0 %

global_route -end_incremental -congestion_report_file ./reports/nangate45/similarity_asic_transfer_local/base/congestion_post_repair_design.rpt
Repair setup and hold violations...
estimate_parasitics -global_routing
repair_timing -setup_margin 0 -hold_margin 0 -repair_tns 100 -verbose
[INFO RSZ-0100] Repair move sequence: UnbufferMove SizeUpMove SwapPinsMove BufferMove CloneMove SplitLoadMove 
[INFO RSZ-0098] No setup violations found
[INFO RSZ-0505] Runtime: 0.89s
[INFO RSZ-0033] No hold violations found.
[INFO RSZ-0506] Runtime: 0.23s
global_route -start_incremental
detailed_placement
[INFO DPL-0006] Core area: 203680.46 um^2
[INFO DPL-0007] Movable instances area: 71904.59 um^2
[INFO DPL-0008] Fixed instances area within core: 300.58 um^2
[INFO DPL-0009] Utilization: 35.5%
[INFO DPL-0005] Diamond search max displacement: +/- 500 sites horizontally, +/- 100 rows vertically.
[INFO DPL-1102] Legalizing using negotiation legalizer.
[INFO DPL-1103] Negotiation base search window: +/-20 sites horizontally, +/-5 rows vertically 
	Automatic search window extension enabled.
	Search window extendable up to the max displacement cap of +/-500 sites, +/-100 rows near walls.
[INFO DPL-1104] NegotiationLegalizer DRC penalty: 5.
[INFO DPL-0392] Negotiation cell height distribution (1 unique row-count(s)):
[INFO DPL-0393]   height 1 row(s): 33994 cells
[INFO DPL-0500] Runtime: 0.12s
Placement Analysis
---------------------------------
total displacement          0.0 u
average displacement        0.0 u
max displacement            0.0 u
original HPWL          409235.6 u
legalized HPWL         409235.6 u
delta HPWL                    0 %

check_placement -verbose
global_route -end_incremental -congestion_report_file ./reports/nangate45/similarity_asic_transfer_local/base/congestion_post_repair_timing.rpt
estimate_parasitics -global_routing
global_route -start_incremental
global_route -end_incremental -congestion_report_file ./reports/nangate45/similarity_asic_transfer_local/base/congestion_post_recover_power.rpt
Repair antennas...
[WARNING GRT-0246] No diode with LEF class CORE ANTENNACELL found.
[INFO ANT-0002] Found 0 net violations.
[INFO ANT-0001] Found 0 pin violations.
Estimate parasitics...
estimate_parasitics -global_routing
Report metrics stage 5, global route...

==========================================================================
global route report_design_area
--------------------------------------------------------------------------
Design area 72205 um^2 35% utilization.
[INFO FLW-0007] clock clk period 20.000000
[INFO FLW-0008] Clock clk period 1.504
[INFO FLW-0009] Clock clk slack 18.417
write_sdc -no_timestamp ./results/nangate45/similarity_asic_transfer_local/base/updated_clks.sdc
[INFO FLW-0011] Path endpoint path count 5869
write_db ./results/nangate45/similarity_asic_transfer_local/base/5_1_grt.odb
write_sdc -no_timestamp ./results/nangate45/similarity_asic_transfer_local/base/5_1_grt.sdc
Elapsed time: 1:21.72[h:]min:sec. CPU time: user 279.46 sys 1.32 (343%). Peak memory: 765284KB.
Log                       Ext     Elapsed/s Peak Memory/MB sha1sum result [0:20)
5_1_grt                   .odb           81            747 3e895737d2304717d746
5_1_grt                   .sdc                             edba2204830c2b951516
/OpenROAD-flow-scripts/flow/scripts/flow.sh 5_2_route detail_route
Running detail_route.tcl, stage 5_2_route
read_liberty /OpenROAD-flow-scripts/flow/platforms/nangate45/lib/NangateOpenCellLibrary_typical.lib
read_db ./results/nangate45/similarity_asic_transfer_local/base/5_1_grt.odb
read_sdc ./results/nangate45/similarity_asic_transfer_local/base/5_1_grt.sdc
source /OpenROAD-flow-scripts/flow/platforms/nangate45/setRC.tcl
detailed_route -output_drc ./reports/nangate45/similarity_asic_transfer_local/base/5_route_drc.rpt -output_maze ./results/nangate45/similarity_asic_transfer_local/base/maze.log -droute_end_iter 64 -verbose 1 -drc_report_iter_step 5
[INFO DRT-0149] Reading tech and libs.

Units:                2000
Number of layers:     21
Number of macros:     135
Number of vias:       33
Number of viarulegen: 19

[INFO DRT-0150] Reading design.

Design:                   similarity_asic_transfer_local
Die area:                 ( 0 0 ) ( 908000 908000 )
Number of track patterns: 20
Number of DEF vias:       0
Number of components:     33994
Number of terminals:      36
Number of snets:          2
Number of nets:           45250

[INFO DRT-0167] List of default vias:
  Layer via2
    default via: via2_5
  Layer via3
    default via: via3_2
  Layer via4
    default via: via4_0
  Layer via5
    default via: via5_0
  Layer via6
    default via: via6_0
  Layer via7
    default via: via7_0
  Layer via8
    default via: via8_0
  Layer via9
    default via: via9_0
[INFO DRT-0162] Library cell analysis.
[INFO DRT-0163] Instance analysis.
[INFO DRT-0164] Number of unique instances = 95.
[INFO DRT-0168] Init region query.
[INFO DRT-0024]   Complete active.
[INFO DRT-0024]   Complete Fr_VIA.
[INFO DRT-0024]   Complete metal1.
[INFO DRT-0024]   Complete via1.
[INFO DRT-0024]   Complete metal2.
[INFO DRT-0024]   Complete via2.
[INFO DRT-0024]   Complete metal3.
[INFO DRT-0024]   Complete via3.
[INFO DRT-0024]   Complete metal4.
[INFO DRT-0024]   Complete via4.
[INFO DRT-0024]   Complete metal5.
[INFO DRT-0024]   Complete via5.
[INFO DRT-0024]   Complete metal6.
[INFO DRT-0024]   Complete via6.
[INFO DRT-0024]   Complete metal7.
[INFO DRT-0024]   Complete via7.
[INFO DRT-0024]   Complete metal8.
[INFO DRT-0024]   Complete via8.
[INFO DRT-0024]   Complete metal9.
[INFO DRT-0024]   Complete via9.
[INFO DRT-0024]   Complete metal10.
[INFO DRT-0033] active shape region query size = 0.
[INFO DRT-0033] FR_VIA shape region query size = 0.
[INFO DRT-0033] metal1 shape region query size = 770484.
[INFO DRT-0033] via1 shape region query size = 8238.
[INFO DRT-0033] metal2 shape region query size = 5492.
[INFO DRT-0033] via2 shape region query size = 8238.
[INFO DRT-0033] metal3 shape region query size = 5492.
[INFO DRT-0033] via3 shape region query size = 8238.
[INFO DRT-0033] metal4 shape region query size = 3018.
[INFO DRT-0033] via4 shape region query size = 2550.
[INFO DRT-0033] metal5 shape region query size = 537.
[INFO DRT-0033] via5 shape region query size = 2550.
[INFO DRT-0033] metal6 shape region query size = 517.
[INFO DRT-0033] via6 shape region query size = 1020.
[INFO DRT-0033] metal7 shape region query size = 315.
[INFO DRT-0033] via7 shape region query size = 0.
[INFO DRT-0033] metal8 shape region query size = 0.
[INFO DRT-0033] via8 shape region query size = 0.
[INFO DRT-0033] metal9 shape region query size = 0.
[INFO DRT-0033] via9 shape region query size = 0.
[INFO DRT-0033] metal10 shape region query size = 0.
[INFO DRT-0165] Start pin access.
[INFO DRT-0078]   Complete 547 pins.
[INFO DRT-0081]   Complete 95 unique inst patterns.
[INFO DRT-0082]   Complete 10000 groups.
[INFO DRT-0082]   Complete 20000 groups.
[INFO DRT-0084]   Complete 20268 groups.
#scanned instances     = 33994
#unique  instances     = 95
#stdCellGenAp          = 2904
#stdCellValidPlanarAp  = 0
#stdCellValidViaAp     = 2095
#stdCellPinNoAp        = 0
#stdCellPinCnt         = 121001
#instTermValidViaApCnt = 0
#macroGenAp            = 0
#macroValidPlanarAp    = 0
#macroValidViaAp       = 0
#macroNoAp             = 0
[INFO DRT-0166] Complete pin access.
[INFO DRT-0267] cpu time = 00:03:55, elapsed time = 00:00:59, memory = 490.82 (MB), peak = 506.11 (MB)
[INFO DRT-0156] guideIn read 100000 guides.
[INFO DRT-0156] guideIn read 200000 guides.

[INFO DRT-0157] Number of guides:     263180

[INFO DRT-0169] Post process guides.
[INFO DRT-0176] GCELLGRID X 0 DO 159 STEP 5700 ;
[INFO DRT-0177] GCELLGRID Y 0 DO 159 STEP 5700 ;
[INFO DRT-0026]   Complete 100000 origin guides.
[INFO DRT-0026]   Complete 200000 origin guides.
[INFO DRT-0028]   Complete active.
[INFO DRT-0028]   Complete Fr_VIA.
[INFO DRT-0028]   Complete metal1.
[INFO DRT-0028]   Complete via1.
[INFO DRT-0028]   Complete metal2.
[INFO DRT-0028]   Complete via2.
[INFO DRT-0028]   Complete metal3.
[INFO DRT-0028]   Complete via3.
[INFO DRT-0028]   Complete metal4.
[INFO DRT-0028]   Complete via4.
[INFO DRT-0028]   Complete metal5.
[INFO DRT-0028]   Complete via5.
[INFO DRT-0028]   Complete metal6.
[INFO DRT-0028]   Complete via6.
[INFO DRT-0028]   Complete metal7.
[INFO DRT-0028]   Complete via7.
[INFO DRT-0028]   Complete metal8.
[INFO DRT-0028]   Complete via8.
[INFO DRT-0028]   Complete metal9.
[INFO DRT-0028]   Complete via9.
[INFO DRT-0028]   Complete metal10.
[INFO DRT-0178] Init guide query.
[INFO DRT-0035]   Complete active (guide).
[INFO DRT-0035]   Complete Fr_VIA (guide).
[INFO DRT-0035]   Complete metal1 (guide).
[INFO DRT-0035]   Complete via1 (guide).
[INFO DRT-0035]   Complete metal2 (guide).
[INFO DRT-0035]   Complete via2 (guide).
[INFO DRT-0035]   Complete metal3 (guide).
[INFO DRT-0035]   Complete via3 (guide).
[INFO DRT-0035]   Complete metal4 (guide).
[INFO DRT-0035]   Complete via4 (guide).
[INFO DRT-0035]   Complete metal5 (guide).
[INFO DRT-0035]   Complete via5 (guide).
[INFO DRT-0035]   Complete metal6 (guide).
[INFO DRT-0035]   Complete via6 (guide).
[INFO DRT-0035]   Complete metal7 (guide).
[INFO DRT-0035]   Complete via7 (guide).
[INFO DRT-0035]   Complete metal8 (guide).
[INFO DRT-0035]   Complete via8 (guide).
[INFO DRT-0035]   Complete metal9 (guide).
[INFO DRT-0035]   Complete via9 (guide).
[INFO DRT-0035]   Complete metal10 (guide).
[INFO DRT-0036] active guide region query size = 0.
[INFO DRT-0036] FR_VIA guide region query size = 0.
[INFO DRT-0036] metal1 guide region query size = 98175.
[INFO DRT-0036] via1 guide region query size = 0.
[INFO DRT-0036] metal2 guide region query size = 78727.
[INFO DRT-0036] via2 guide region query size = 0.
[INFO DRT-0036] metal3 guide region query size = 38613.
[INFO DRT-0036] via3 guide region query size = 0.
[INFO DRT-0036] metal4 guide region query size = 2921.
[INFO DRT-0036] via4 guide region query size = 0.
[INFO DRT-0036] metal5 guide region query size = 887.
[INFO DRT-0036] via5 guide region query size = 0.
[INFO DRT-0036] metal6 guide region query size = 47.
[INFO DRT-0036] via6 guide region query size = 0.
[INFO DRT-0036] metal7 guide region query size = 4.
[INFO DRT-0036] via7 guide region query size = 0.
[INFO DRT-0036] metal8 guide region query size = 2.
[INFO DRT-0036] via8 guide region query size = 0.
[INFO DRT-0036] metal9 guide region query size = 1.
[INFO DRT-0036] via9 guide region query size = 0.
[INFO DRT-0036] metal10 guide region query size = 0.
[INFO DRT-0179] Init gr pin query.
[INFO DRT-0267] cpu time = 00:00:00, elapsed time = 00:00:00, memory = 593.20 (MB), peak = 593.12 (MB)
[INFO DRT-0245] skipped writing guide updates to database.
[INFO DRT-0181] Start track assignment.
[INFO DRT-0184] Done with 81697 vertical wires in 4 frboxes and 137680 horizontal wires in 4 frboxes.
[INFO DRT-0186] Done with 16090 vertical wires in 4 frboxes and 19361 horizontal wires in 4 frboxes.
[INFO DRT-0182] Complete track assignment.
[INFO DRT-0267] cpu time = 00:00:10, elapsed time = 00:00:04, memory = 976.64 (MB), peak = 1008.62 (MB)
[INFO DRT-0187] Start routing data preparation.
[INFO DRT-0267] cpu time = 00:00:00, elapsed time = 00:00:00, memory = 976.70 (MB), peak = 1008.62 (MB)
[INFO DRT-0194] Start detail routing.
[INFO DRT-0195] Start 0th optimization iteration.
    Completing 10% with 0 violations.
    elapsed time = 00:00:05, memory = 977.36 (MB).
    Completing 20% with 0 violations.
    elapsed time = 00:00:11, memory = 1169.89 (MB).
    Completing 30% with 552 violations.
    elapsed time = 00:00:17, memory = 1338.52 (MB).
    Completing 40% with 552 violations.
    elapsed time = 00:00:25, memory = 1362.53 (MB).
    Completing 50% with 552 violations.
    elapsed time = 00:00:32, memory = 1354.67 (MB).
    Completing 60% with 1189 violations.
    elapsed time = 00:00:39, memory = 1412.96 (MB).
    Completing 70% with 1189 violations.
    elapsed time = 00:00:47, memory = 1428.97 (MB).
    Completing 80% with 1790 violations.
    elapsed time = 00:00:53, memory = 1454.97 (MB).
    Completing 90% with 1790 violations.
    elapsed time = 00:01:02, memory = 1470.97 (MB).
    Completing 100% with 2403 violations.
    elapsed time = 00:01:10, memory = 1501.11 (MB).
[INFO DRT-0199]   Number of violations = 3883.
Viol/Layer      metal1 metal2   via2 metal3 metal4   via4 metal5 metal6   via6 metal7
Cut Spacing          0      0      3      0      0      8      0      0      0      0
Metal Spacing       18    215      0     28      2      0      4      0      0      0
Recheck             18    947      0    494      6      0      6      6      0      3
Short                0   1895      4    199      4      0     15      0      3      5
[INFO DRT-0267] cpu time = 00:04:36, elapsed time = 00:01:11, memory = 1491.11 (MB), peak = 1687.02 (MB)
Total wire length = 454316 um.
Total wire length on LAYER metal1 = 0 um.
Total wire length on LAYER metal2 = 173828 um.
Total wire length on LAYER metal3 = 198468 um.
Total wire length on LAYER metal4 = 52887 um.
Total wire length on LAYER metal5 = 26385 um.
Total wire length on LAYER metal6 = 2561 um.
Total wire length on LAYER metal7 = 89 um.
Total wire length on LAYER metal8 = 0 um.
Total wire length on LAYER metal9 = 96 um.
Total wire length on LAYER metal10 = 0 um.
Total number of vias = 221669.
Up-via summary (total 221669):

-----------------
 active         0
 metal1    118978
 metal2     96957
 metal3      4190
 metal4      1447
 metal5        87
 metal6         6
 metal7         2
 metal8         2
 metal9         0
-----------------
       221669


[INFO DRT-0195] Start 1st optimization iteration.
    Completing 10% with 3883 violations.
    elapsed time = 00:00:05, memory = 1513.12 (MB).
    Completing 20% with 3883 violations.
    elapsed time = 00:00:13, memory = 1493.12 (MB).
    Completing 30% with 3080 violations.
    elapsed time = 00:00:17, memory = 1493.60 (MB).
    Completing 40% with 3080 violations.
    elapsed time = 00:00:25, memory = 1493.68 (MB).
    Completing 50% with 3080 violations.
    elapsed time = 00:00:32, memory = 1493.68 (MB).
    Completing 60% with 2312 violations.
    elapsed time = 00:00:39, memory = 1507.68 (MB).
    Completing 70% with 2312 violations.
    elapsed time = 00:00:46, memory = 1507.69 (MB).
    Completing 80% with 1645 violations.
    elapsed time = 00:00:52, memory = 1497.69 (MB).
    Completing 90% with 1645 violations.
    elapsed time = 00:01:00, memory = 1497.69 (MB).
    Completing 100% with 926 violations.
    elapsed time = 00:01:09, memory = 1497.69 (MB).
[INFO DRT-0199]   Number of violations = 926.
Viol/Layer      metal1   via1 metal2   via2 metal3   via4 metal5
Cut Spacing          0      2      0      1      0      2      0
Metal Spacing       10      0    198      0      9      0      0
Recheck              0      0      6      0      4      0      0
Short                0      0    663      0     30      0      1
[INFO DRT-0267] cpu time = 00:04:28, elapsed time = 00:01:10, memory = 1497.69 (MB), peak = 1687.02 (MB)
Total wire length = 451563 um.
Total wire length on LAYER metal1 = 0 um.
Total wire length on LAYER metal2 = 172277 um.
Total wire length on LAYER metal3 = 197414 um.
Total wire length on LAYER metal4 = 52814 um.
Total wire length on LAYER metal5 = 26323 um.
Total wire length on LAYER metal6 = 2546 um.
Total wire length on LAYER metal7 = 90 um.
Total wire length on LAYER metal8 = 0 um.
Total wire length on LAYER metal9 = 96 um.
Total wire length on LAYER metal10 = 0 um.
Total number of vias = 220236.
Up-via summary (total 220236):

-----------------
 active         0
 metal1    118981
 metal2     95586
 metal3      4161
 metal4      1422
 metal5        78
 metal6         4
 metal7         2
 metal8         2
 metal9         0
-----------------
       220236


[INFO DRT-0195] Start 2nd optimization iteration.
    Completing 10% with 926 violations.
    elapsed time = 00:00:03, memory = 1497.70 (MB).
    Completing 20% with 926 violations.
    elapsed time = 00:00:07, memory = 1497.70 (MB).
    Completing 30% with 835 violations.
    elapsed time = 00:00:09, memory = 1491.70 (MB).
    Completing 40% with 835 violations.
    elapsed time = 00:00:15, memory = 1491.70 (MB).
    Completing 50% with 835 violations.
    elapsed time = 00:00:20, memory = 1491.70 (MB).
    Completing 60% with 769 violations.
    elapsed time = 00:00:23, memory = 1489.70 (MB).
    Completing 70% with 769 violations.
    elapsed time = 00:00:26, memory = 1489.70 (MB).
    Completing 80% with 659 violations.
    elapsed time = 00:00:31, memory = 1483.70 (MB).
    Completing 90% with 659 violations.
    elapsed time = 00:00:35, memory = 1483.70 (MB).
    Completing 100% with 568 violations.
    elapsed time = 00:00:41, memory = 1479.70 (MB).
[INFO DRT-0199]   Number of violations = 568.
Viol/Layer      metal1   via1 metal2 metal3   via4 metal5
Cut Spacing          0      1      0      0      1      0
Metal Spacing        7      0    104      2      0      0
Short                0      0    433     19      0      1
[INFO DRT-0267] cpu time = 00:02:39, elapsed time = 00:00:41, memory = 1483.70 (MB), peak = 1687.02 (MB)
Total wire length = 451156 um.
Total wire length on LAYER metal1 = 0 um.
Total wire length on LAYER metal2 = 172081 um.
Total wire length on LAYER metal3 = 197234 um.
Total wire length on LAYER metal4 = 52809 um.
Total wire length on LAYER metal5 = 26296 um.
Total wire length on LAYER metal6 = 2548 um.
Total wire length on LAYER metal7 = 90 um.
Total wire length on LAYER metal8 = 0 um.
Total wire length on LAYER metal9 = 96 um.
Total wire length on LAYER metal10 = 0 um.
Total number of vias = 219933.
Up-via summary (total 219933):

-----------------
 active         0
 metal1    118972
 metal2     95297
 metal3      4163
 metal4      1415
 metal5        78
 metal6         4
 metal7         2
 metal8         2
 metal9         0
-----------------
       219933


[INFO DRT-0195] Start 3rd optimization iteration.
    Completing 10% with 568 violations.
    elapsed time = 00:00:00, memory = 1483.70 (MB).
    Completing 20% with 568 violations.
    elapsed time = 00:00:03, memory = 1483.70 (MB).
    Completing 30% with 391 violations.
    elapsed time = 00:00:05, memory = 1475.70 (MB).
    Completing 40% with 391 violations.
    elapsed time = 00:00:07, memory = 1481.70 (MB).
    Completing 50% with 391 violations.
    elapsed time = 00:00:09, memory = 1481.70 (MB).
    Completing 60% with 270 violations.
    elapsed time = 00:00:11, memory = 1479.70 (MB).
    Completing 70% with 270 violations.
    elapsed time = 00:00:12, memory = 1479.70 (MB).
    Completing 80% with 159 violations.
    elapsed time = 00:00:14, memory = 1479.70 (MB).
    Completing 90% with 159 violations.
    elapsed time = 00:00:17, memory = 1479.70 (MB).
    Completing 100% with 23 violations.
    elapsed time = 00:00:20, memory = 1479.70 (MB).
[INFO DRT-0199]   Number of violations = 23.
Viol/Layer      metal2 metal3
Metal Spacing        5      2
Short               16      0
[INFO DRT-0267] cpu time = 00:01:17, elapsed time = 00:00:20, memory = 1483.70 (MB), peak = 1687.02 (MB)
Total wire length = 451152 um.
Total wire length on LAYER metal1 = 0 um.
Total wire length on LAYER metal2 = 171262 um.
Total wire length on LAYER metal3 = 197384 um.
Total wire length on LAYER metal4 = 53487 um.
Total wire length on LAYER metal5 = 26283 um.
Total wire length on LAYER metal6 = 2548 um.
Total wire length on LAYER metal7 = 90 um.
Total wire length on LAYER metal8 = 0 um.
Total wire length on LAYER metal9 = 96 um.
Total wire length on LAYER metal10 = 0 um.
Total number of vias = 220575.
Up-via summary (total 220575):

-----------------
 active         0
 metal1    118971
 metal2     95683
 metal3      4418
 metal4      1417
 metal5        78
 metal6         4
 metal7         2
 metal8         2
 metal9         0
-----------------
       220575


[INFO DRT-0195] Start 4th guides tiles iteration.
    Completing 10% with 23 violations.
    elapsed time = 00:00:00, memory = 1483.70 (MB).
    Completing 20% with 0 violations.
    elapsed time = 00:00:00, memory = 1483.77 (MB).
    Completing 30% with 0 violations.
    elapsed time = 00:00:00, memory = 1483.77 (MB).
    Completing 40% with 0 violations.
    elapsed time = 00:00:00, memory = 1483.77 (MB).
    Completing 50% with 0 violations.
    elapsed time = 00:00:00, memory = 1483.77 (MB).
    Completing 60% with 0 violations.
    elapsed time = 00:00:00, memory = 1483.77 (MB).
    Completing 70% with 0 violations.
    elapsed time = 00:00:00, memory = 1483.77 (MB).
    Completing 80% with 0 violations.
    elapsed time = 00:00:00, memory = 1483.77 (MB).
    Completing 90% with 0 violations.
    elapsed time = 00:00:00, memory = 1483.77 (MB).
    Completing 100% with 0 violations.
    elapsed time = 00:00:00, memory = 1483.77 (MB).
[INFO DRT-0199]   Number of violations = 0.
[INFO DRT-0267] cpu time = 00:00:00, elapsed time = 00:00:00, memory = 1641.77 (MB), peak = 1687.02 (MB)
Total wire length = 451151 um.
Total wire length on LAYER metal1 = 0 um.
Total wire length on LAYER metal2 = 171246 um.
Total wire length on LAYER metal3 = 197384 um.
Total wire length on LAYER metal4 = 53502 um.
Total wire length on LAYER metal5 = 26283 um.
Total wire length on LAYER metal6 = 2548 um.
Total wire length on LAYER metal7 = 90 um.
Total wire length on LAYER metal8 = 0 um.
Total wire length on LAYER metal9 = 96 um.
Total wire length on LAYER metal10 = 0 um.
Total number of vias = 220597.
Up-via summary (total 220597):

-----------------
 active         0
 metal1    118971
 metal2     95695
 metal3      4428
 metal4      1417
 metal5        78
 metal6         4
 metal7         2
 metal8         2
 metal9         0
-----------------
       220597


[INFO DRT-0198] Complete detail routing.
Total wire length = 451151 um.
Total wire length on LAYER metal1 = 0 um.
Total wire length on LAYER metal2 = 171246 um.
Total wire length on LAYER metal3 = 197384 um.
Total wire length on LAYER metal4 = 53502 um.
Total wire length on LAYER metal5 = 26283 um.
Total wire length on LAYER metal6 = 2548 um.
Total wire length on LAYER metal7 = 90 um.
Total wire length on LAYER metal8 = 0 um.
Total wire length on LAYER metal9 = 96 um.
Total wire length on LAYER metal10 = 0 um.
Total number of vias = 220597.
Up-via summary (total 220597):

-----------------
 active         0
 metal1    118971
 metal2     95695
 metal3      4428
 metal4      1417
 metal5        78
 metal6         4
 metal7         2
 metal8         2
 metal9         0
-----------------
       220597


[INFO DRT-0267] cpu time = 00:13:02, elapsed time = 00:03:24, memory = 1641.83 (MB), peak = 1687.02 (MB)

[INFO DRT-0180] Post processing.
[INFO DRT-0501] Runtime: 269.11s
Took 269 seconds: detailed_route -output_drc ./reports/nangate45/similarity_asic_transfer_local/base/5_route_drc.rpt -output_maze ./results/nangate45/similarity_asic_transfer_local/base/maze.log -droute_end_iter 64 -verbose 1 -drc_report_iter_step 5
[WARNING GRT-0246] No diode with LEF class CORE ANTENNACELL found.
[INFO ANT-0002] Found 0 net violations.
[INFO ANT-0001] Found 0 pin violations.
[INFO ANT-0002] Found 0 net violations.
[INFO ANT-0001] Found 0 pin violations.
Design area 72205 um^2 35% utilization.
write_db ./results/nangate45/similarity_asic_transfer_local/base/5_2_route.odb
Elapsed time: 4:35.51[h:]min:sec. CPU time: user 1051.15 sys 0.64 (381%). Peak memory: 1727508KB.
Log                       Ext     Elapsed/s Peak Memory/MB sha1sum result [0:20)
5_2_route                 .odb          275           1687 df43555edd087c94956a
/OpenROAD-flow-scripts/flow/scripts/flow.sh 5_3_fillcell fillcell
Running fillcell.tcl, stage 5_3_fillcell
read_liberty /OpenROAD-flow-scripts/flow/platforms/nangate45/lib/NangateOpenCellLibrary_typical.lib
read_db ./results/nangate45/similarity_asic_transfer_local/base/5_2_route.odb
read_sdc ./results/nangate45/similarity_asic_transfer_local/base/5_1_grt.sdc
source /OpenROAD-flow-scripts/flow/platforms/nangate45/setRC.tcl
filler_placement "FILLCELL_X1 FILLCELL_X2 FILLCELL_X4 FILLCELL_X8 FILLCELL_X16 FILLCELL_X32"
[INFO DPL-0001] Placed 50605 filler instances.
Design area 72205 um^2 35% utilization.
write_db ./results/nangate45/similarity_asic_transfer_local/base/5_3_fillcell.odb
Elapsed time: 0:00.63[h:]min:sec. CPU time: user 0.56 sys 0.07 (99%). Peak memory: 282740KB.
Log                       Ext     Elapsed/s Peak Memory/MB sha1sum result [0:20)
5_3_fillcell              .odb            0            276 bd0835c17fe94b75aebc
cp ./results/nangate45/similarity_asic_transfer_local/base/5_3_fillcell.odb ./results/nangate45/similarity_asic_transfer_local/base/5_route.odb
cp ./results/nangate45/similarity_asic_transfer_local/base/5_1_grt.sdc ./results/nangate45/similarity_asic_transfer_local/base/5_route.sdc
/OpenROAD-flow-scripts/flow/scripts/flow.sh 6_1_fill density_fill
Running density_fill.tcl, stage 6_1_fill
read_liberty /OpenROAD-flow-scripts/flow/platforms/nangate45/lib/NangateOpenCellLibrary_typical.lib
read_db ./results/nangate45/similarity_asic_transfer_local/base/5_route.odb
read_sdc ./results/nangate45/similarity_asic_transfer_local/base/5_route.sdc
source /OpenROAD-flow-scripts/flow/platforms/nangate45/setRC.tcl
exec cp ./results/nangate45/similarity_asic_transfer_local/base/5_route.odb ./results/nangate45/similarity_asic_transfer_local/base/6_1_fill.odb
Elapsed time: 0:00.38[h:]min:sec. CPU time: user 0.33 sys 0.05 (99%). Peak memory: 206300KB.
Log                       Ext     Elapsed/s Peak Memory/MB sha1sum result [0:20)
6_1_fill                  .odb            0            201 bd0835c17fe94b75aebc

===== emulated final report (196.26s) =====
OPENROAD: /OpenROAD-flow-scripts/tools/OpenROAD
unknown 
/OpenROAD-flow-scripts/flow/scripts/flow.sh 6_report final_report
Running final_report.tcl, stage 6_report
read_liberty /OpenROAD-flow-scripts/flow/platforms/nangate45/lib/NangateOpenCellLibrary_typical.lib
read_db ./results/nangate45/similarity_asic_transfer_local/base/6_1_fill.odb
read_sdc ./results/nangate45/similarity_asic_transfer_local/base/6_1_fill.sdc
source /OpenROAD-flow-scripts/flow/platforms/nangate45/setRC.tcl
write_db ./results/nangate45/similarity_asic_transfer_local/base/6_final.odb
write_sdc -no_timestamp ./results/nangate45/similarity_asic_transfer_local/base/6_final.sdc
Deleted 0 routing obstructions
[INFO RCX-0431] Defined process_corner X with ext_model_index 0
[INFO RCX-0029] Defined extraction corner X
[INFO RCX-0435] Reading extraction model file /OpenROAD-flow-scripts/flow/platforms/nangate45/rcx_patterns.rules ...
[INFO RCX-0436] RC segment generation similarity_asic_transfer_local (max_merge_res 50.0) ...
[INFO RCX-0040] Final 120812 rc segments
[INFO RCX-0439] Coupling Cap extraction similarity_asic_transfer_local ...
[INFO RCX-0440] Coupling threshhold is 0.1000 fF, coupling capacitance less than 0.1000 fF will be grounded.
[INFO RCX-0442] 13% of 192530 wires extracted
[INFO RCX-0442] 32% of 192530 wires extracted
[INFO RCX-0442] 48% of 192530 wires extracted
[INFO RCX-0442] 60% of 192530 wires extracted
[INFO RCX-0442] 79% of 192530 wires extracted
[INFO RCX-0442] 100% of 192530 wires extracted
[INFO RCX-0045] Extract 45250 nets, 163503 rsegs, 163503 caps, 287060 ccs
[INFO RCX-0443] 45250 nets finished
[INFO PSM-0040] All shapes on net VDD are connected.
########## IR report #################
Net              : VDD
Corner           : default
Total power      : 2.99e-03 W
Supply voltage   : 1.10e+00 V
Worstcase voltage: 1.10e+00 V
Average voltage  : 1.10e+00 V
Average IR drop  : 9.32e-05 V
Worstcase IR drop: 2.43e-04 V
Percentage drop  : 0.02 %
######################################
[INFO PSM-0040] All shapes on net VSS are connected.
########## IR report #################
Net              : VSS
Corner           : default
Total power      : 2.99e-03 W
Supply voltage   : 0.00e+00 V
Worstcase voltage: 2.50e-04 V
Average voltage  : 9.09e-05 V
Average IR drop  : 9.09e-05 V
Worstcase IR drop: 2.50e-04 V
Percentage drop  : 0.02 %
######################################
Cell type report:                       Count        Area
  Fill cell                             50605   131475.29
  Tap cell                               1130      300.58
  Clock buffer                            702      856.52
  Timing Repair Buffer                    697      921.16
  Inverter                               1535      816.89
  Clock inverter                          285      220.25
  Sequential cell                        2846    12869.61
  Multi-Input combinational cell        26799    56220.16
  Total                                 84599   203680.46
Report metrics stage 6, finish...

==========================================================================
finish report_design_area
--------------------------------------------------------------------------
Design area 72205 um^2 35% utilization.
Elapsed time: 3:15.01[h:]min:sec. CPU time: user 313.53 sys 0.86 (161%). Peak memory: 1157836KB.
Log                       Ext     Elapsed/s Peak Memory/MB sha1sum result [0:20)
6_report                                195           1130                  N/A

===== native finish (4.50s) =====
OPENROAD: /OpenROAD-flow-scripts/tools/OpenROAD
cp /OpenROAD-flow-scripts/flow/platforms/nangate45/lef/NangateOpenCellLibrary.tech.lef ./objects/nangate45/similarity_asic_transfer_local/base/klayout_tech.lef
/usr/bin/python3 /OpenROAD-flow-scripts/flow/util/generate_klayout_tech.py \
	--template /OpenROAD-flow-scripts/flow/platforms/nangate45/FreePDK45.lyt \
	--output ./objects/nangate45/similarity_asic_transfer_local/base/klayout.lyt \
	--lef-files ./objects/nangate45/similarity_asic_transfer_local/base/klayout_tech.lef /OpenROAD-flow-scripts/flow/platforms/nangate45/lef/NangateOpenCellLibrary.macro.mod.lef   \
	--map-files 
/usr/bin/python3 /OpenROAD-flow-scripts/flow/scripts/run_command.py --log /OpenROAD-flow-scripts/flow/logs/nangate45/similarity_asic_transfer_local/base/6_1_merge.log --tee -- \
        /OpenROAD-flow-scripts/flow/scripts/klayout.sh -zz -rd design_name=similarity_asic_transfer_local \
        -rd in_def=./results/nangate45/similarity_asic_transfer_local/base/6_final.def \
        -rd in_files="/OpenROAD-flow-scripts/flow/platforms/nangate45/gds/NangateOpenCellLibrary.gds  " \
        -rd seal_file="" \
        -rd out_file=./results/nangate45/similarity_asic_transfer_local/base/6_1_merged.gds \
        -rd tech_file=./objects/nangate45/similarity_asic_transfer_local/base/klayout.lyt \
        -rd layer_map= \
        -r /OpenROAD-flow-scripts/flow/util/def2stream.py
KLayout 0.30.12
Warning: DEF UNITS does not match reader DBU (DEF UNITS is 2000 and corresponds to a DBU of 0.0005, but reader DBU is set to 0.0001) (line=5, cell=, file=6_final.def)
[INFO] Reporting cells prior to loading DEF ...
	/OpenROAD-flow-scripts/flow/platforms/nangate45/gds/NangateOpenCellLibrary.gds
[INFO] GDS_ALLOW_EMPTY=fakeram.*
[INFO] All LEF cells have matching GDS/OAS cells
[INFO] No orphan cells in the final layout
Elapsed time: 0:02.47[h:]min:sec. CPU time: user 2.26 sys 0.19 (99%). Peak memory: 587608KB.
cp results/nangate45/similarity_asic_transfer_local/base/6_1_merged.gds results/nangate45/similarity_asic_transfer_local/base/6_final.gds
./logs/nangate45/similarity_asic_transfer_local/base
Log                       Ext     Elapsed/s Peak Memory/MB sha1sum result [0:20)
1_1_yosys_canonicalize    .rtlil          0             46 8697f020d91573ce400e
1_2_yosys                 .v             26            392 fdb2d23a07b4d220a020
1_2_yosys                 .sdc                             7d34f03a79b07a31dbf7
1_synth                   .odb            0            195 4289b28a70ffa2e3b7ba
1_synth                   .sdc                             3b767cadacc1f1fd673f
2_1_floorplan             .odb            3            263 24e570b379524282a73a
2_1_floorplan             .sdc                             3b767cadacc1f1fd673f
2_2_floorplan_macro       .odb            0            146 24e570b379524282a73a
2_3_floorplan_tapcell     .odb            0            145 eda47f0ef7826d36d824
2_4_floorplan_pdn         .odb            0            155 2e966d3015c9989be186
3_1_place_gp_skip_io      .odb            4            215 80b7b3e4e14113c1a4fd
3_2_place_iop             .odb            0            150 14058071b3471ba81fb8
3_3_place_gp              .odb           24            612 15c3094d0348d9804bc8
3_4_place_resized         .odb            8            275 f737dab2736e983d1281
3_5_place_dp              .odb           13            349 39b56aeff8bd63d862aa
4_1_cts                   .odb           10            357 7890c0ed92ea572f81f3
5_1_grt                   .odb           81            747 3e895737d2304717d746
5_1_grt                   .sdc                             edba2204830c2b951516
5_2_route                 .odb          275           1687 df43555edd087c94956a
5_3_fillcell              .odb            0            276 bd0835c17fe94b75aebc
6_1_fill                  .odb            0            201 bd0835c17fe94b75aebc
6_1_fill                  .sdc                             edba2204830c2b951516
6_1_merge                                 2            573                  N/A
6_report                                195           1130                  N/A
Total                                   641           1687                     
