
===== native route and fill (538.71s) =====
OPENROAD: /OpenROAD-flow-scripts/tools/OpenROAD
rm -f ./results/nangate45/similarity_asic_transfer_blocal/base/1_* ./results/nangate45/similarity_asic_transfer_blocal/base/mem*.json
rm -rf ./results/nangate45/similarity_asic_transfer_blocal/base/memories
rm -f ./reports/nangate45/similarity_asic_transfer_blocal/base/synth_*
rm -f ./logs/nangate45/similarity_asic_transfer_blocal/base/1_*
rm -f 
rm -f ./results/nangate45/similarity_asic_transfer_blocal/base/clock_period.txt
rm -f ./results/nangate45/similarity_asic_transfer_blocal/base/2_*floorplan*.odb ./results/nangate45/similarity_asic_transfer_blocal/base/2_floorplan.sdc ./results/nangate45/similarity_asic_transfer_blocal/base/2_*.v ./results/nangate45/similarity_asic_transfer_blocal/base/2_*.def
rm -f ./reports/nangate45/similarity_asic_transfer_blocal/base/2_*
rm -f ./logs/nangate45/similarity_asic_transfer_blocal/base/2_*
rm -f ./results/nangate45/similarity_asic_transfer_blocal/base/3_*place*.odb
rm -f ./results/nangate45/similarity_asic_transfer_blocal/base/3_place.sdc
rm -f ./results/nangate45/similarity_asic_transfer_blocal/base/3_*.def ./results/nangate45/similarity_asic_transfer_blocal/base/3_*.v
rm -f ./reports/nangate45/similarity_asic_transfer_blocal/base/3_*
rm -f ./logs/nangate45/similarity_asic_transfer_blocal/base/3_*
rm -rf ./results/nangate45/similarity_asic_transfer_blocal/base/4_*cts*.odb ./results/nangate45/similarity_asic_transfer_blocal/base/4_cts.sdc ./results/nangate45/similarity_asic_transfer_blocal/base/4_*.v ./results/nangate45/similarity_asic_transfer_blocal/base/4_*.def
rm -f  ./reports/nangate45/similarity_asic_transfer_blocal/base/4_*
rm -rf ./logs/nangate45/similarity_asic_transfer_blocal/base/4_*
rm -rf ./results/nangate45/similarity_asic_transfer_blocal/base/route.guide ./results/nangate45/similarity_asic_transfer_blocal/base/output_guide.mod ./results/nangate45/similarity_asic_transfer_blocal/base/updated_clks.sdc
rm -rf ./results/nangate45/similarity_asic_transfer_blocal/base/5_*.odb ./results/nangate45/similarity_asic_transfer_blocal/base/5_route.sdc ./results/nangate45/similarity_asic_transfer_blocal/base/5_*.def ./results/nangate45/similarity_asic_transfer_blocal/base/5_*.v
rm -f  ./reports/nangate45/similarity_asic_transfer_blocal/base/5_*
rm -f  ./logs/nangate45/similarity_asic_transfer_blocal/base/5_*
rm -rf ./results/nangate45/similarity_asic_transfer_blocal/base/6_*.gds ./results/nangate45/similarity_asic_transfer_blocal/base/6_*.oas ./results/nangate45/similarity_asic_transfer_blocal/base/6_*.odb ./results/nangate45/similarity_asic_transfer_blocal/base/6_*.v ./results/nangate45/similarity_asic_transfer_blocal/base/6_*.def ./results/nangate45/similarity_asic_transfer_blocal/base/6_*.sdc ./results/nangate45/similarity_asic_transfer_blocal/base/6_*.spef
rm -rf ./reports/nangate45/similarity_asic_transfer_blocal/base/6_*.rpt
rm -f  ./logs/nangate45/similarity_asic_transfer_blocal/base/6_*
rm -f ./reports/nangate45/similarity_asic_transfer_blocal/base/design-dir.txt
rm -f ./reports/nangate45/similarity_asic_transfer_blocal/base/metadata*.*
rm -f ./results/nangate45/similarity_asic_transfer_blocal/base/similarity_asic_transfer_blocal.lib ./results/nangate45/similarity_asic_transfer_blocal/base/similarity_asic_transfer_blocal.lef
rm -rf ./objects/nangate45/similarity_asic_transfer_blocal/base
mkdir -p ./results/nangate45/similarity_asic_transfer_blocal/base/
echo 20.0 > ./results/nangate45/similarity_asic_transfer_blocal/base/clock_period.txt
/OpenROAD-flow-scripts/flow/scripts/synth.sh /OpenROAD-flow-scripts/flow/scripts/synth_canonicalize.tcl ./logs/nangate45/similarity_asic_transfer_blocal/base/1_1_yosys_canonicalize.log
Using ABC speed script.
Extracting clock period from SDC file: ./results/nangate45/similarity_asic_transfer_blocal/base/clock_period.txt
Setting clock period to 20.0
1. Executing Liberty frontend: /OpenROAD-flow-scripts/flow/platforms/nangate45/lib/NangateOpenCellLibrary_typical.lib
2. Executing Liberty frontend: /OpenROAD-flow-scripts/flow/platforms/nangate45/lib/NangateOpenCellLibrary_typical.lib
3. Executing Verilog-2005 frontend: /work/rtl/kernellum_local_mac_array.sv
4. Executing Verilog-2005 frontend: /work/rtl/kernellum_blocal_mac_array.sv
5. Executing Verilog-2005 frontend: /work/rtl/similarity_asic_transfer_blocal.sv
6. Executing Verilog-2005 frontend: /OpenROAD-flow-scripts/flow/platforms/nangate45/cells_clkgate.v
7. Executing HIERARCHY pass (managing design hierarchy).
8. Executing AST frontend in derive mode using pre-parsed AST for module `\similarity_asic_transfer_blocal'.
8.1. Analyzing design hierarchy..
8.2. Executing AST frontend in derive mode using pre-parsed AST for module `\kernellum_blocal_mac_array'.
8.3. Analyzing design hierarchy..
8.4. Executing AST frontend in derive mode using pre-parsed AST for module `\kernellum_delay_line'.
Warning: Replacing memory \g_delay.valid_pipe with list of registers. See /work/rtl/kernellum_local_mac_array.sv:28
Warning: Replacing memory \g_delay.data_pipe with list of registers. See /work/rtl/kernellum_local_mac_array.sv:27
8.5. Executing AST frontend in derive mode using pre-parsed AST for module `\kernellum_delay_line'.
8.6. Executing AST frontend in derive mode using pre-parsed AST for module `\kernellum_delay_line'.
8.7. Executing AST frontend in derive mode using pre-parsed AST for module `\kernellum_delay_line'.
8.8. Executing AST frontend in derive mode using pre-parsed AST for module `\kernellum_delay_line'.
8.9. Analyzing design hierarchy..
8.10. Analyzing design hierarchy..
8.11. Analyzing design hierarchy..
9. Executing OPT_CLEAN pass (remove unused cells and wires).
Warning: Ignoring module $paramod$08146823295b8a3bf53cc0b8d3a0a25a26201b9a\kernellum_delay_line because it contains processes (run 'proc' command first).
Warning: Ignoring module similarity_asic_transfer_blocal because it contains processes (run 'proc' command first).
Warning: Ignoring module $paramod$30aa0fccf485d12a0759e2061940c374a2cf4e95\kernellum_blocal_mac_array because it contains processes (run 'proc' command first).
Warning: Ignoring module $paramod$aeb5f64991a0f57a1ea3e1bde0515bab78a0eebf\kernellum_delay_line because it contains processes (run 'proc' command first).
Warning: Ignoring module $paramod$21df655d0ed86de5f5cd0f7f45e43de1a91f28b6\kernellum_delay_line because it contains processes (run 'proc' command first).
Warning: Ignoring module $paramod$da5c6e3f64faa1f672788225f4c55878ff9e971e\kernellum_delay_line because it contains processes (run 'proc' command first).
10. Executing RTLIL backend.
Warnings: 8 unique messages, 14 total
End of script. Logfile hash: 78f0c06359, time: 0.21s, user: 0.18s, system: 0.02s, MEM: 43.07 MB peak
Yosys 0.68+post (git sha1 UNKNOWN, Release, GNU /usr/local/bin/wrapped-cc/g++ 11.4.0)
Time spent: 63% 1x hierarchy (0 sec), 26% 4x read_liberty (0 sec), ...
Elapsed time: 0:00.22[h:]min:sec. CPU time: user 0.19 sys 0.02 (99%). Peak memory: 47064KB.
Log                       Ext     Elapsed/s Peak Memory/MB sha1sum result [0:20)
1_1_yosys_canonicalize    .rtlil          0             45 d6d1f534fdeaee4dc956
/OpenROAD-flow-scripts/flow/scripts/synth.sh /OpenROAD-flow-scripts/flow/scripts/synth.tcl ./logs/nangate45/similarity_asic_transfer_blocal/base/1_2_yosys.log
Using ABC speed script.
Extracting clock period from SDC file: ./results/nangate45/similarity_asic_transfer_blocal/base/clock_period.txt
Setting clock period to 20.0
1. Executing RTLIL frontend.
2. Executing HIERARCHY pass (managing design hierarchy).
2.1. Analyzing design hierarchy..
2.2. Analyzing design hierarchy..
3. Executing SYNTH pass.
3.1. Executing HIERARCHY pass (managing design hierarchy).
3.1.1. Analyzing design hierarchy..
3.1.2. Analyzing design hierarchy..
3.2. Executing PROC pass (convert processes to netlists).
3.2.1. Executing PROC_CLEAN pass (remove empty switches from decision trees).
3.2.2. Executing PROC_RMDEAD pass (remove dead branches from decision trees).
3.2.3. Executing PROC_PRUNE pass (remove redundant assignments in processes).
3.2.4. Executing PROC_INIT pass (extract init attributes).
3.2.5. Executing PROC_ARST pass (detect async resets in processes).
3.2.6. Executing PROC_ROM pass (convert switches to ROMs).
3.2.7. Executing PROC_MUX pass (convert decision trees to multiplexers).
3.2.8. Executing PROC_DLATCH pass (convert process syncs to latches).
3.2.9. Executing PROC_DFF pass (convert process syncs to FFs).
3.2.10. Executing PROC_MEMWR pass (convert process memory writes to cells).
3.2.11. Executing PROC_CLEAN pass (remove empty switches from decision trees).
3.2.12. Executing OPT_EXPR pass (perform const folding).
3.3. Executing CHECK pass (checking for obvious problems).
3.4. Executing FLATTEN pass (flatten design).
3.5. Executing OPT_EXPR pass (perform const folding).
3.6. Executing OPT_CLEAN pass (remove unused cells and wires).
3.7. Executing CHECK pass (checking for obvious problems).
3.8. Executing OPT pass (performing simple optimizations).
3.8.1. Executing OPT_EXPR pass (perform const folding).
3.8.2. Executing OPT_MERGE pass (detect identical cells).
3.8.3. Executing OPT_MUXTREE pass (detect dead branches in mux trees).
3.8.4. Executing OPT_REDUCE pass (consolidate $*mux and $reduce_* inputs).
3.8.5. Executing OPT_MERGE pass (detect identical cells).
3.8.6. Executing OPT_DFF pass (perform DFF optimizations).
3.8.7. Executing OPT_CLEAN pass (remove unused cells and wires).
3.8.8. Executing OPT_EXPR pass (perform const folding).
3.8.9. Rerunning OPT passes. (Maybe there is more to do..)
3.8.10. Executing OPT_MUXTREE pass (detect dead branches in mux trees).
3.8.11. Executing OPT_REDUCE pass (consolidate $*mux and $reduce_* inputs).
3.8.12. Executing OPT_MERGE pass (detect identical cells).
3.8.13. Executing OPT_DFF pass (perform DFF optimizations).
3.8.14. Executing OPT_CLEAN pass (remove unused cells and wires).
3.8.15. Executing OPT_EXPR pass (perform const folding).
3.8.16. Rerunning OPT passes. (Maybe there is more to do..)
3.8.17. Executing OPT_MUXTREE pass (detect dead branches in mux trees).
3.8.18. Executing OPT_REDUCE pass (consolidate $*mux and $reduce_* inputs).
3.8.19. Executing OPT_MERGE pass (detect identical cells).
3.8.20. Executing OPT_DFF pass (perform DFF optimizations).
3.8.21. Executing OPT_CLEAN pass (remove unused cells and wires).
3.8.22. Executing OPT_EXPR pass (perform const folding).
3.8.23. Finished fast OPT passes. (There is nothing left to do.)
3.9. Executing FSM pass (extract and optimize FSM).
3.9.1. Executing FSM_DETECT pass (finding FSMs in design).
3.9.2. Executing FSM_EXTRACT pass (extracting FSM from design).
3.9.3. Executing FSM_OPT pass (simple optimizations of FSMs).
3.9.4. Executing OPT_CLEAN pass (remove unused cells and wires).
3.9.5. Executing FSM_OPT pass (simple optimizations of FSMs).
3.9.6. Executing FSM_RECODE pass (re-assigning FSM state encoding).
3.9.7. Executing FSM_INFO pass (dumping all available information on FSM cells).
3.9.8. Executing FSM_MAP pass (mapping FSMs to basic logic).
3.10. Executing OPT pass (performing simple optimizations).
3.10.1. Executing OPT_EXPR pass (perform const folding).
3.10.2. Executing OPT_MERGE pass (detect identical cells).
3.10.3. Executing OPT_MUXTREE pass (detect dead branches in mux trees).
3.10.4. Executing OPT_REDUCE pass (consolidate $*mux and $reduce_* inputs).
3.10.5. Executing OPT_MERGE pass (detect identical cells).
3.10.6. Executing OPT_DFF pass (perform DFF optimizations).
3.10.7. Executing OPT_CLEAN pass (remove unused cells and wires).
3.10.8. Executing OPT_EXPR pass (perform const folding).
3.10.9. Rerunning OPT passes. (Maybe there is more to do..)
3.10.10. Executing OPT_MUXTREE pass (detect dead branches in mux trees).
3.10.11. Executing OPT_REDUCE pass (consolidate $*mux and $reduce_* inputs).
3.10.12. Executing OPT_MERGE pass (detect identical cells).
3.10.13. Executing OPT_DFF pass (perform DFF optimizations).
3.10.14. Executing OPT_CLEAN pass (remove unused cells and wires).
3.10.15. Executing OPT_EXPR pass (perform const folding).
3.10.16. Finished fast OPT passes. (There is nothing left to do.)
3.11. Executing WREDUCE pass (reducing word size of cells).
3.12. Executing PEEPOPT pass (run peephole optimizers).
3.13. Executing OPT_CLEAN pass (remove unused cells and wires).
3.14. Executing ALUMACC pass (create $alu and $macc cells).
3.15. Executing SHARE pass (SAT-based resource sharing).
3.16. Executing OPT pass (performing simple optimizations).
3.16.1. Executing OPT_EXPR pass (perform const folding).
3.16.2. Executing OPT_MERGE pass (detect identical cells).
3.16.3. Executing OPT_MUXTREE pass (detect dead branches in mux trees).
3.16.4. Executing OPT_REDUCE pass (consolidate $*mux and $reduce_* inputs).
3.16.5. Executing OPT_MERGE pass (detect identical cells).
3.16.6. Executing OPT_DFF pass (perform DFF optimizations).
3.16.7. Executing OPT_CLEAN pass (remove unused cells and wires).
3.16.8. Executing OPT_EXPR pass (perform const folding).
3.16.9. Rerunning OPT passes. (Maybe there is more to do..)
3.16.10. Executing OPT_MUXTREE pass (detect dead branches in mux trees).
3.16.11. Executing OPT_REDUCE pass (consolidate $*mux and $reduce_* inputs).
3.16.12. Executing OPT_MERGE pass (detect identical cells).
3.16.13. Executing OPT_DFF pass (perform DFF optimizations).
3.16.14. Executing OPT_CLEAN pass (remove unused cells and wires).
3.16.15. Executing OPT_EXPR pass (perform const folding).
3.16.16. Finished fast OPT passes. (There is nothing left to do.)
3.17. Executing MEMORY pass.
3.17.1. Executing OPT_MEM pass (optimize memories).
3.17.2. Executing OPT_MEM_PRIORITY pass (removing unnecessary memory write priority relations).
3.17.3. Executing OPT_MEM_FEEDBACK pass (finding memory read-to-write feedback paths).
3.17.4. Executing MEMORY_BMUX2ROM pass (converting muxes to ROMs).
3.17.5. Executing MEMORY_DFF pass (merging $dff cells to $memrd).
3.17.6. Executing OPT_CLEAN pass (remove unused cells and wires).
3.17.7. Executing MEMORY_SHARE pass (consolidating $memrd/$memwr cells).
3.17.8. Executing OPT_MEM_WIDEN pass (optimize memories where all ports are wide).
3.17.9. Executing OPT_CLEAN pass (remove unused cells and wires).
3.17.10. Executing MEMORY_COLLECT pass (generating $mem cells).
3.18. Executing OPT_CLEAN pass (remove unused cells and wires).
4. Executing SYNTH pass.
4.1. Executing OPT pass (performing simple optimizations).
4.1.1. Executing OPT_EXPR pass (perform const folding).
4.1.2. Executing OPT_MERGE pass (detect identical cells).
4.1.3. Executing OPT_DFF pass (perform DFF optimizations).
4.1.4. Executing OPT_CLEAN pass (remove unused cells and wires).
4.1.5. Finished fast OPT passes.
4.2. Executing MEMORY_MAP pass (converting memories to logic and flip-flops).
4.3. Executing OPT pass (performing simple optimizations).
4.3.1. Executing OPT_EXPR pass (perform const folding).
4.3.2. Executing OPT_MERGE pass (detect identical cells).
4.3.3. Executing OPT_MUXTREE pass (detect dead branches in mux trees).
4.3.4. Executing OPT_REDUCE pass (consolidate $*mux and $reduce_* inputs).
4.3.5. Executing OPT_MERGE pass (detect identical cells).
4.3.6. Executing OPT_SHARE pass.
4.3.7. Executing OPT_DFF pass (perform DFF optimizations).
4.3.8. Executing OPT_CLEAN pass (remove unused cells and wires).
4.3.9. Executing OPT_EXPR pass (perform const folding).
4.3.10. Rerunning OPT passes. (Maybe there is more to do..)
4.3.11. Executing OPT_MUXTREE pass (detect dead branches in mux trees).
4.3.12. Executing OPT_REDUCE pass (consolidate $*mux and $reduce_* inputs).
4.3.13. Executing OPT_MERGE pass (detect identical cells).
4.3.14. Executing OPT_SHARE pass.
4.3.15. Executing OPT_DFF pass (perform DFF optimizations).
4.3.16. Executing OPT_CLEAN pass (remove unused cells and wires).
4.3.17. Executing OPT_EXPR pass (perform const folding).
4.3.18. Rerunning OPT passes. (Maybe there is more to do..)
4.3.19. Executing OPT_MUXTREE pass (detect dead branches in mux trees).
4.3.20. Executing OPT_REDUCE pass (consolidate $*mux and $reduce_* inputs).
4.3.21. Executing OPT_MERGE pass (detect identical cells).
4.3.22. Executing OPT_SHARE pass.
4.3.23. Executing OPT_DFF pass (perform DFF optimizations).
4.3.24. Executing OPT_CLEAN pass (remove unused cells and wires).
4.3.25. Executing OPT_EXPR pass (perform const folding).
4.3.26. Rerunning OPT passes. (Maybe there is more to do..)
4.3.27. Executing OPT_MUXTREE pass (detect dead branches in mux trees).
4.3.28. Executing OPT_REDUCE pass (consolidate $*mux and $reduce_* inputs).
4.3.29. Executing OPT_MERGE pass (detect identical cells).
4.3.30. Executing OPT_SHARE pass.
4.3.31. Executing OPT_DFF pass (perform DFF optimizations).
4.3.32. Executing OPT_CLEAN pass (remove unused cells and wires).
4.3.33. Executing OPT_EXPR pass (perform const folding).
4.3.34. Rerunning OPT passes. (Maybe there is more to do..)
4.3.35. Executing OPT_MUXTREE pass (detect dead branches in mux trees).
4.3.36. Executing OPT_REDUCE pass (consolidate $*mux and $reduce_* inputs).
4.3.37. Executing OPT_MERGE pass (detect identical cells).
4.3.38. Executing OPT_SHARE pass.
4.3.39. Executing OPT_DFF pass (perform DFF optimizations).
4.3.40. Executing OPT_CLEAN pass (remove unused cells and wires).
4.3.41. Executing OPT_EXPR pass (perform const folding).
4.3.42. Rerunning OPT passes. (Maybe there is more to do..)
4.3.43. Executing OPT_MUXTREE pass (detect dead branches in mux trees).
4.3.44. Executing OPT_REDUCE pass (consolidate $*mux and $reduce_* inputs).
4.3.45. Executing OPT_MERGE pass (detect identical cells).
4.3.46. Executing OPT_SHARE pass.
4.3.47. Executing OPT_DFF pass (perform DFF optimizations).
4.3.48. Executing OPT_CLEAN pass (remove unused cells and wires).
4.3.49. Executing OPT_EXPR pass (perform const folding).
4.3.50. Rerunning OPT passes. (Maybe there is more to do..)
4.3.51. Executing OPT_MUXTREE pass (detect dead branches in mux trees).
4.3.52. Executing OPT_REDUCE pass (consolidate $*mux and $reduce_* inputs).
4.3.53. Executing OPT_MERGE pass (detect identical cells).
4.3.54. Executing OPT_SHARE pass.
4.3.55. Executing OPT_DFF pass (perform DFF optimizations).
4.3.56. Executing OPT_CLEAN pass (remove unused cells and wires).
4.3.57. Executing OPT_EXPR pass (perform const folding).
4.3.58. Rerunning OPT passes. (Maybe there is more to do..)
4.3.59. Executing OPT_MUXTREE pass (detect dead branches in mux trees).
4.3.60. Executing OPT_REDUCE pass (consolidate $*mux and $reduce_* inputs).
4.3.61. Executing OPT_MERGE pass (detect identical cells).
4.3.62. Executing OPT_SHARE pass.
4.3.63. Executing OPT_DFF pass (perform DFF optimizations).
4.3.64. Executing OPT_CLEAN pass (remove unused cells and wires).
4.3.65. Executing OPT_EXPR pass (perform const folding).
4.3.66. Rerunning OPT passes. (Maybe there is more to do..)
4.3.67. Executing OPT_MUXTREE pass (detect dead branches in mux trees).
4.3.68. Executing OPT_REDUCE pass (consolidate $*mux and $reduce_* inputs).
4.3.69. Executing OPT_MERGE pass (detect identical cells).
4.3.70. Executing OPT_SHARE pass.
4.3.71. Executing OPT_DFF pass (perform DFF optimizations).
4.3.72. Executing OPT_CLEAN pass (remove unused cells and wires).
4.3.73. Executing OPT_EXPR pass (perform const folding).
4.3.74. Finished fast OPT passes. (There is nothing left to do.)
4.4. Executing TECHMAP pass (map to technology primitives).
4.4.1. Executing Verilog-2005 frontend: /OpenROAD-flow-scripts/tools/install/yosys/bin/../share/yosys/techmap.v
4.4.2. Executing Verilog-2005 frontend: /OpenROAD-flow-scripts/flow/platforms/common/lcu_kogge_stone.v
4.4.3. Continuing TECHMAP pass.
4.5. Executing OPT pass (performing simple optimizations).
4.5.1. Executing OPT_EXPR pass (perform const folding).
4.5.2. Executing OPT_MERGE pass (detect identical cells).
4.5.3. Executing OPT_DFF pass (perform DFF optimizations).
4.5.4. Executing OPT_CLEAN pass (remove unused cells and wires).
4.5.5. Finished fast OPT passes.
4.6. Executing HIERARCHY pass (managing design hierarchy).
4.6.1. Analyzing design hierarchy..
4.6.2. Analyzing design hierarchy..
4.7. Printing statistics.
4.8. Executing CHECK pass (checking for obvious problems).
5. Executing OPT pass (performing simple optimizations).
5.1. Executing OPT_EXPR pass (perform const folding).
5.2. Executing OPT_MERGE pass (detect identical cells).
5.3. Executing OPT_MUXTREE pass (detect dead branches in mux trees).
5.4. Executing OPT_REDUCE pass (consolidate $*mux and $reduce_* inputs).
5.5. Executing OPT_MERGE pass (detect identical cells).
5.6. Executing OPT_DFF pass (perform DFF optimizations).
5.7. Executing OPT_CLEAN pass (remove unused cells and wires).
5.8. Executing OPT_EXPR pass (perform const folding).
5.9. Rerunning OPT passes. (Maybe there is more to do..)
5.10. Executing OPT_MUXTREE pass (detect dead branches in mux trees).
5.11. Executing OPT_REDUCE pass (consolidate $*mux and $reduce_* inputs).
5.12. Executing OPT_MERGE pass (detect identical cells).
5.13. Executing OPT_DFF pass (perform DFF optimizations).
5.14. Executing OPT_CLEAN pass (remove unused cells and wires).
5.15. Executing OPT_EXPR pass (perform const folding).
5.16. Finished fast OPT passes. (There is nothing left to do.)
6. Executing EXTRACT_FA pass (find and extract full/half adders).
7. Executing TECHMAP pass (map to technology primitives).
7.1. Executing Verilog-2005 frontend: /OpenROAD-flow-scripts/flow/platforms/nangate45/cells_adders.v
7.2. Continuing TECHMAP pass.
8. Executing TECHMAP pass (map to technology primitives).
8.1. Executing Verilog-2005 frontend: /OpenROAD-flow-scripts/tools/install/yosys/bin/../share/yosys/techmap.v
8.2. Continuing TECHMAP pass.
9. Executing OPT pass (performing simple optimizations).
9.1. Executing OPT_EXPR pass (perform const folding).
9.2. Executing OPT_MERGE pass (detect identical cells).
9.3. Executing OPT_DFF pass (perform DFF optimizations).
9.4. Executing OPT_CLEAN pass (remove unused cells and wires).
9.5. Finished fast OPT passes.
10. Executing DFFLEGALIZE pass (convert FFs to types supported by the target).
11. Executing TECHMAP pass (map to technology primitives).
11.1. Executing Verilog-2005 frontend: /OpenROAD-flow-scripts/flow/platforms/nangate45/cells_latch.v
11.2. Continuing TECHMAP pass.
12. Executing DFFLIBMAP pass (mapping DFF cells to sequential cells from liberty file).
12.1. Executing DFFLEGALIZE pass (convert FFs to types supported by the target).
13. Executing OPT pass (performing simple optimizations).
13.1. Executing OPT_EXPR pass (perform const folding).
13.2. Executing OPT_MERGE pass (detect identical cells).
13.3. Executing OPT_MUXTREE pass (detect dead branches in mux trees).
13.4. Executing OPT_REDUCE pass (consolidate $*mux and $reduce_* inputs).
13.5. Executing OPT_MERGE pass (detect identical cells).
13.6. Executing OPT_DFF pass (perform DFF optimizations).
13.7. Executing OPT_CLEAN pass (remove unused cells and wires).
13.8. Executing OPT_EXPR pass (perform const folding).
13.9. Rerunning OPT passes. (Maybe there is more to do..)
13.10. Executing OPT_MUXTREE pass (detect dead branches in mux trees).
13.11. Executing OPT_REDUCE pass (consolidate $*mux and $reduce_* inputs).
13.12. Executing OPT_MERGE pass (detect identical cells).
13.13. Executing OPT_DFF pass (perform DFF optimizations).
13.14. Executing OPT_CLEAN pass (remove unused cells and wires).
13.15. Executing OPT_EXPR pass (perform const folding).
13.16. Finished fast OPT passes. (There is nothing left to do.)
14. Executing SETUNDEF pass (replace undef values with defined constants).
abc -script /OpenROAD-flow-scripts/flow/scripts/abc_speed.script -liberty /OpenROAD-flow-scripts/flow/platforms/nangate45/lib/NangateOpenCellLibrary_typical.lib -dont_use TAPCELL_X1 -dont_use FILLCELL_X1 -dont_use AOI211_X1 -dont_use OAI211_X1 -constr ./objects/nangate45/similarity_asic_transfer_blocal/base/abc.constr -D 20.0
15. Executing ABC pass (technology mapping using ABC).
15.1. Extracting gate netlist of module `\similarity_asic_transfer_blocal' to `<abc-temp-dir>/input.blif'..
15.1.1. Executed ABC.
15.1.2. Re-integrating ABC results.
Took 10 seconds: abc -script /OpenROAD-flow-scripts/flow/scripts/abc_speed.script -liberty /OpenROAD-flow-scripts/flow/platforms/nangate45/lib/NangateOpenCellLibrary_typical.lib -dont_use TAPCELL_X1 -dont_use FILLCELL_X1 -dont_use AOI211_X1 -dont_use OAI211_X1 -constr ./objects/nangate45/similarity_asic_transfer_blocal/base/abc.constr -D 20.0
16. Executing SPLITNETS pass (splitting up multi-bit signals).
17. Executing OPT_CLEAN pass (remove unused cells and wires).
18. Executing HILOMAP pass (mapping to constant drivers).
19. Executing INSBUF pass (insert buffer cells for connected wires).
20. Executing CHECK pass (checking for obvious problems).
21. Printing statistics.
22. Executing CHECK pass (checking for obvious problems).
23. Executing Verilog backend.
23.1. Executing BMUXMAP pass.
23.2. Executing DEMUXMAP pass.
End of script. Logfile hash: 078ac8e9cc, time: 31.02s, user: 23.45s, system: 0.33s, MEM: 383.42 MB peak
Yosys 0.68+post (git sha1 UNKNOWN, Release, GNU /usr/local/bin/wrapped-cc/g++ 11.4.0)
Time spent: 30% 1x extract_fa (10 sec), 30% 1x abc (10 sec), ...
Elapsed time: 0:31.12[h:]min:sec. CPU time: user 33.39 sys 0.39 (108%). Peak memory: 392620KB.
Log                       Ext     Elapsed/s Peak Memory/MB sha1sum result [0:20)
1_2_yosys                 .v             31            383 c53c12baf3b220fe6214
cp /work/asic/transfer/constraints.sdc results/nangate45/similarity_asic_transfer_blocal/base/1_2_yosys.sdc
touch -r /work/asic/transfer/constraints.sdc results/nangate45/similarity_asic_transfer_blocal/base/1_2_yosys.sdc
OpenROAD unknown 
Features included (+) or not (-): -GPU +GUI -Python
This program is licensed under the BSD-3 license. See the LICENSE file for details.
Components of this program may be licensed under more restrictive licenses which must be honored.
[INFO ORD-0030] Using 4 thread(s).
mkdir -p ./objects/nangate45/similarity_asic_transfer_blocal/base
/OpenROAD-flow-scripts/flow/scripts/flow.sh 1_synth synth_odb
Running synth_odb.tcl, stage 1_synth
read_liberty /OpenROAD-flow-scripts/flow/platforms/nangate45/lib/NangateOpenCellLibrary_typical.lib
[INFO ODB-0227] LEF file: /OpenROAD-flow-scripts/flow/platforms/nangate45/lef/NangateOpenCellLibrary.tech.lef, created 22 layers, 27 vias
[INFO ODB-0227] LEF file: /OpenROAD-flow-scripts/flow/platforms/nangate45/lef/NangateOpenCellLibrary.macro.mod.lef, created 135 library cells
link_design similarity_asic_transfer_blocal
read_sdc ./results/nangate45/similarity_asic_transfer_blocal/base/1_2_yosys.sdc
source /OpenROAD-flow-scripts/flow/platforms/nangate45/setRC.tcl
eliminate_dead_logic
Removed 41 unused instances and 41 unused nets.
Design area 69798 um^2 100% utilization.
write_db ./results/nangate45/similarity_asic_transfer_blocal/base/1_synth.odb
write_sdc -no_timestamp ./results/nangate45/similarity_asic_transfer_blocal/base/1_synth.sdc
Elapsed time: 0:00.75[h:]min:sec. CPU time: user 0.72 sys 0.03 (99%). Peak memory: 197900KB.
Log                       Ext     Elapsed/s Peak Memory/MB sha1sum result [0:20)
1_synth                   .odb            0            193 53100c36e27565c77136
1_synth                   .sdc                             1517283a0d978805bcd5
/OpenROAD-flow-scripts/flow/scripts/flow.sh 2_1_floorplan floorplan
Running floorplan.tcl, stage 2_1_floorplan
read_liberty /OpenROAD-flow-scripts/flow/platforms/nangate45/lib/NangateOpenCellLibrary_typical.lib
read_db ./results/nangate45/similarity_asic_transfer_blocal/base/1_synth.odb
read_sdc ./results/nangate45/similarity_asic_transfer_blocal/base/1_synth.sdc
source /OpenROAD-flow-scripts/flow/platforms/nangate45/setRC.tcl

==========================================================================
Floorplan check_setup
--------------------------------------------------------------------------
Warning: There is 1 input port missing set_input_delay.
Warning: There are 32 output ports missing set_output_delay.
Warning: There are 34 unconstrained endpoints.
number instances in verilog is 32652
initialize_floorplan -utilization 35 -aspect_ratio 1.0 -core_space 1.0 -site FreePDK45_38x28_10R_NP_162NW_34O
[INFO IFP-0107] Defining die area using utilization: 35.00% and aspect ratio: 1.
[WARNING IFP-0028] Core area lower left (1.000, 1.000) snapped to (1.140, 1.400).
[INFO IFP-0001] Added 318 rows of 2349 site FreePDK45_38x28_10R_NP_162NW_34O.
[INFO IFP-0100] Die BBox:  (  0.000  0.000 ) ( 448.565 448.565 ) um
[INFO IFP-0101] Core BBox: (  1.140  1.400 ) ( 447.450 446.600 ) um
[INFO IFP-0102] Core area:                       198697.212 um^2
[INFO IFP-0103] Total instances area:             69797.868 um^2
[INFO IFP-0104] Effective utilization:                0.351
[INFO IFP-0105] Number of instances:                  32652
source /OpenROAD-flow-scripts/flow/platforms/nangate45/make_tracks.tcl
source /OpenROAD-flow-scripts/flow/platforms/nangate45/fastroute.tcl
set_dont_use "TAPCELL_X1 FILLCELL_X1 AOI211_X1 OAI211_X1"
repair_tie_fanout -separation 0 NangateOpenCellLibrary/LOGIC0_X1/Z
repair_tie_fanout -separation 0 NangateOpenCellLibrary/LOGIC1_X1/Z
repair_timing -setup_margin 0 -hold_margin 0 -repair_tns 100 -setup -skip_last_gasp -sequence unbuffer,sizeup,swap,vt_swap -verbose
[WARNING EST-0027] no estimated parasitics. Using wire load models.
[INFO RSZ-0100] Repair move sequence: UnbufferMove SizeUpMove SwapPinsMove 
[INFO RSZ-0098] No setup violations found
[INFO RSZ-0505] Runtime: 0.11s
Default units for flow
 time 1ns
 capacitance 1fF
 resistance 1kohm
 voltage 1v
 current 1mA
 power 1nW
 distance 1um
   Layer   | Unit Resistance | Unit Capacitance 
           |       (kohm/um) |          (fF/um)
------------------------------------------------
    metal1 |        5.43e-03 |         7.42e-02
    metal2 |        3.57e-03 |         8.34e-02
    metal3 |        3.57e-03 |         1.04e-01
    metal4 |        1.50e-03 |         1.19e-01
    metal5 |        1.50e-03 |         1.09e-01
    metal6 |        1.50e-03 |         1.14e-01
    metal7 |        1.88e-04 |         1.17e-01
    metal8 |        1.88e-04 |         9.45e-02
    metal9 |        3.75e-05 |         1.06e-01
   metal10 |        3.75e-05 |         7.37e-01
------------------------------------------------

   Layer   | Via Resistance 
           |         (kohm) 
----------------------------
      via1 |       5.00e-03 
      via2 |       5.00e-03 
      via3 |       5.00e-03 
      via4 |       3.00e-03 
      via5 |       3.00e-03 
      via6 |       3.00e-03 
      via7 |       1.00e-03 
      via8 |       1.00e-03 
      via9 |       5.00e-04 
----------------------------
Report metrics stage 2, floorplan final...

==========================================================================
floorplan final report_design_area
--------------------------------------------------------------------------
Design area 69798 um^2 35% utilization.
write_db ./results/nangate45/similarity_asic_transfer_blocal/base/2_1_floorplan.odb
write_sdc -no_timestamp ./results/nangate45/similarity_asic_transfer_blocal/base/2_1_floorplan.sdc
Elapsed time: 0:04.19[h:]min:sec. CPU time: user 5.01 sys 0.11 (122%). Peak memory: 268424KB.
Log                       Ext     Elapsed/s Peak Memory/MB sha1sum result [0:20)
2_1_floorplan             .odb            4            262 63a81811490dd93503b9
2_1_floorplan             .sdc                             1517283a0d978805bcd5
/OpenROAD-flow-scripts/flow/scripts/flow.sh 2_2_floorplan_macro macro_place
Running macro_place.tcl, stage 2_2_floorplan_macro
read_liberty /OpenROAD-flow-scripts/flow/platforms/nangate45/lib/NangateOpenCellLibrary_typical.lib
read_db ./results/nangate45/similarity_asic_transfer_blocal/base/2_1_floorplan.odb
read_sdc ./results/nangate45/similarity_asic_transfer_blocal/base/2_1_floorplan.sdc
source /OpenROAD-flow-scripts/flow/platforms/nangate45/setRC.tcl
No macros found: Skipping macro_placement
Design area 69798 um^2 35% utilization.
write_db ./results/nangate45/similarity_asic_transfer_blocal/base/2_2_floorplan_macro.odb
Elapsed time: 0:00.34[h:]min:sec. CPU time: user 0.30 sys 0.03 (98%). Peak memory: 150060KB.
Log                       Ext     Elapsed/s Peak Memory/MB sha1sum result [0:20)
2_2_floorplan_macro       .odb            0            146 63a81811490dd93503b9
/OpenROAD-flow-scripts/flow/scripts/flow.sh 2_3_floorplan_tapcell tapcell
Running tapcell.tcl, stage 2_3_floorplan_tapcell
read_liberty /OpenROAD-flow-scripts/flow/platforms/nangate45/lib/NangateOpenCellLibrary_typical.lib
read_db ./results/nangate45/similarity_asic_transfer_blocal/base/2_2_floorplan_macro.odb
read_sdc ./results/nangate45/similarity_asic_transfer_blocal/base/2_1_floorplan.sdc
source /OpenROAD-flow-scripts/flow/platforms/nangate45/setRC.tcl
[INFO TAP-0004] Inserted 636 endcaps.
[INFO TAP-0005] Inserted 480 tapcells.
Design area 70095 um^2 35% utilization.
write_db ./results/nangate45/similarity_asic_transfer_blocal/base/2_3_floorplan_tapcell.odb
Elapsed time: 0:00.31[h:]min:sec. CPU time: user 0.27 sys 0.04 (98%). Peak memory: 148056KB.
Log                       Ext     Elapsed/s Peak Memory/MB sha1sum result [0:20)
2_3_floorplan_tapcell     .odb            0            144 076d1b914bc8cee92cae
/OpenROAD-flow-scripts/flow/scripts/flow.sh 2_4_floorplan_pdn pdn
Running pdn.tcl, stage 2_4_floorplan_pdn
read_liberty /OpenROAD-flow-scripts/flow/platforms/nangate45/lib/NangateOpenCellLibrary_typical.lib
read_db ./results/nangate45/similarity_asic_transfer_blocal/base/2_3_floorplan_tapcell.odb
read_sdc ./results/nangate45/similarity_asic_transfer_blocal/base/2_1_floorplan.sdc
source /OpenROAD-flow-scripts/flow/platforms/nangate45/setRC.tcl
[WARNING PDN-1051] No instances found for grid (CORE_macro_grid_1).
[WARNING PDN-1051] No instances found for grid (CORE_macro_grid_2).
[INFO PDN-0001] Inserting grid: grid
[INFO PDN-0500] Runtime: 0.03s
Design area 70095 um^2 35% utilization.
write_db ./results/nangate45/similarity_asic_transfer_blocal/base/2_4_floorplan_pdn.odb
Elapsed time: 0:00.54[h:]min:sec. CPU time: user 0.51 sys 0.03 (99%). Peak memory: 157592KB.
Log                       Ext     Elapsed/s Peak Memory/MB sha1sum result [0:20)
2_4_floorplan_pdn         .odb            0            153 112abdb480d7ebee0025
cp ./results/nangate45/similarity_asic_transfer_blocal/base/2_4_floorplan_pdn.odb ./results/nangate45/similarity_asic_transfer_blocal/base/2_floorplan.odb
cp ./results/nangate45/similarity_asic_transfer_blocal/base/2_1_floorplan.sdc ./results/nangate45/similarity_asic_transfer_blocal/base/2_floorplan.sdc
/OpenROAD-flow-scripts/flow/scripts/flow.sh 3_1_place_gp_skip_io global_place_skip_io
Running global_place_skip_io.tcl, stage 3_1_place_gp_skip_io
read_liberty /OpenROAD-flow-scripts/flow/platforms/nangate45/lib/NangateOpenCellLibrary_typical.lib
read_db ./results/nangate45/similarity_asic_transfer_blocal/base/2_floorplan.odb
read_sdc ./results/nangate45/similarity_asic_transfer_blocal/base/2_floorplan.sdc
source /OpenROAD-flow-scripts/flow/platforms/nangate45/setRC.tcl
global_placement -skip_io -density 0.5 -pad_left 0 -pad_right 0 -random_seed 277
[INFO GPL-0190] Using 2 of 4 threads for placement: one per core, SMT siblings idle.
[INFO GPL-0001] ---- Initialize GPL Main Data Structures
[INFO GPL-0002] DBU: 2000
[INFO GPL-0003] SiteSize: (  0.190  1.400 ) um
[INFO GPL-0004] CoreBBox: (  1.140  1.400 ) ( 447.450 446.600 ) um
[INFO GPL-0016] Core area:                  198697.212 um^2
[INFO GPL-0036] Movable instances area:      69797.868 um^2
[INFO GPL-0037] Total instances area:        70094.724 um^2
[INFO GPL-0035] Pin density area adjust:      1813.611 um^2
[INFO GPL-0032] ---- Initialize Region: Top-level
[INFO GPL-0006] Number of instances:             33768
[INFO GPL-0007] Movable instances:               32652
[INFO GPL-0008] Fixed instances:                  1116
[INFO GPL-0009] Dummy instances:                     0
[INFO GPL-0010] Number of nets:                  45116
[INFO GPL-0011] Number of pins:                 120324
[INFO GPL-0012] Die BBox:       (  0.000  0.000 ) ( 448.565 448.565 ) um
[INFO GPL-0013] Placement BBox: (  1.140  1.400 ) ( 447.450 446.600 ) um
[INFO GPL-0014] Region name: top-level.
[INFO GPL-0015] Region area:                198697.212 um^2
[INFO GPL-0017] Fixed instances area:          296.856 um^2
[INFO GPL-0018] Movable instances area:      71611.479 um^2
[INFO GPL-0019] Utilization:                    36.094 %
[INFO GPL-0020] Standard cells area:         71611.479 um^2
[INFO GPL-0021] Large instances area:            0.000 um^2
[INFO GPL-0005] ---- Execute Conjugate Gradient Initial Placement.
[INFO GPL-0051] Source of initial instance position counters:
	Odb location = 0	Core center = 32652	Region center = 0
[INFO GPL-0033] ---- Initialize Nesterov Region: Top-level
[INFO GPL-0023] Placement target density:       0.5000
[INFO GPL-0024] Movable insts average area:      2.193 um^2
[INFO GPL-0025] Ideal bin area:                  4.386 um^2
[INFO GPL-0026] Ideal bin count:                 45299
[INFO GPL-0027] Total bin area:             198697.212 um^2
[INFO GPL-0028] Bin count (X, Y):         128 ,    128
[INFO GPL-0029] Bin size (W * H):       3.487 *  3.478 um
[INFO GPL-0030] Number of bins:                  16384
[INFO GPL-0084] ---- Execute Nesterov Global Placement.
[INFO GPL-0031] HPWL: Half-Perimeter Wirelength
Iteration | Overflow |     HPWL (um) |  HPWL(%) |   Penalty | Group
---------------------------------------------------------------
        0 |   0.9995 |  4.462488e+04 |   +0.00% |  6.91e-16 |      
       10 |   0.9991 |  3.483304e+04 |  -21.94% |  1.12e-15 |      
       20 |   0.9991 |  3.453090e+04 |   -0.87% |  1.83e-15 |      
       30 |   0.9990 |  3.444913e+04 |   -0.24% |  2.98e-15 |      
       40 |   0.9990 |  3.440030e+04 |   -0.14% |  4.86e-15 |      
       50 |   0.9989 |  3.438441e+04 |   -0.05% |  7.92e-15 |      
       60 |   0.9989 |  3.437103e+04 |   -0.04% |  1.29e-14 |      
       70 |   0.9989 |  3.438237e+04 |   +0.03% |  2.10e-14 |      
       80 |   0.9989 |  3.448694e+04 |   +0.30% |  3.42e-14 |      
       90 |   0.9988 |  3.480667e+04 |   +0.93% |  5.57e-14 |      
      100 |   0.9986 |  3.563839e+04 |   +2.39% |  9.08e-14 |      
      110 |   0.9981 |  3.759912e+04 |   +5.50% |  1.48e-13 |      
      120 |   0.9973 |  4.130116e+04 |   +9.85% |  2.41e-13 |      
      130 |   0.9963 |  4.776290e+04 |  +15.65% |  3.91e-13 |      
      140 |   0.9937 |  5.854009e+04 |  +22.56% |  6.36e-13 |      
      150 |   0.9891 |  7.305733e+04 |  +24.80% |  1.03e-12 |      
      160 |   0.9820 |  8.889485e+04 |  +21.68% |  1.68e-12 |      
      170 |   0.9721 |  1.051316e+05 |  +18.27% |  2.72e-12 |      
      180 |   0.9598 |  1.225230e+05 |  +16.54% |  4.42e-12 |      
      190 |   0.9434 |  1.433706e+05 |  +17.02% |  7.16e-12 |      
      200 |   0.9193 |  1.686931e+05 |  +17.66% |  1.16e-11 |      
      210 |   0.8902 |  1.969361e+05 |  +16.74% |  1.88e-11 |      
      220 |   0.8559 |  2.257023e+05 |  +14.61% |  3.04e-11 |      
      230 |   0.8216 |  2.537204e+05 |  +12.41% |  4.92e-11 |      
      240 |   0.7868 |  2.814764e+05 |  +10.94% |  7.97e-11 |      
      250 |   0.7513 |  3.094233e+05 |   +9.93% |  1.29e-10 |      
      260 |   0.7128 |  3.384734e+05 |   +9.39% |  2.09e-10 |      
      270 |   0.6705 |  3.742384e+05 |  +10.57% |  3.38e-10 |      
      280 |   0.6300 |  3.978909e+05 |   +6.32% |  5.47e-10 |      
      290 |   0.5899 |  4.161742e+05 |   +4.60% |  8.87e-10 |      
      300 |   0.5480 |  4.302440e+05 |   +3.38% |  1.44e-09 |      
      310 |   0.5070 |  4.389803e+05 |   +2.03% |  2.34e-09 |      
      320 |   0.4697 |  4.418991e+05 |   +0.66% |  3.81e-09 |      
      330 |   0.4308 |  4.425485e+05 |   +0.15% |  6.20e-09 |      
      340 |   0.3946 |  4.421102e+05 |   -0.10% |  1.01e-08 |      
      350 |   0.3530 |  4.446996e+05 |   +0.59% |  1.64e-08 |      
      360 |   0.3175 |  4.438944e+05 |   -0.18% |  2.47e-08 |      
      370 |   0.2837 |  4.435454e+05 |   -0.08% |  3.64e-08 |      
      380 |   0.2490 |  4.438456e+05 |   +0.07% |  5.36e-08 |      
      390 |   0.2161 |  4.443913e+05 |   +0.12% |  7.89e-08 |      
      400 |   0.1865 |  4.453502e+05 |   +0.22% |  1.16e-07 |      
      410 |   0.1599 |  4.462539e+05 |   +0.20% |  1.71e-07 |      
      420 |   0.1369 |  4.472589e+05 |   +0.23% |  2.52e-07 |      
      430 |   0.1184 |  4.481856e+05 |   +0.21% |  3.71e-07 |      
      440 |   0.1010 |  4.489959e+05 |   +0.18% |  5.47e-07 |      
      441 |   0.0995 |  4.490153e+05 |          |  5.91e-07 |      
---------------------------------------------------------------
[INFO GPL-1001] Global placement finished at iteration 441
[INFO GPL-1002] Placed Cell Area            71611.4792
[INFO GPL-1003] Available Free Area         198400.3560
[INFO GPL-1004] Minimum Feasible Density        0.3700 (cell_area / free_area)
[INFO GPL-1006]   Suggested Target Densities:
[INFO GPL-1007]     - For 90% usage of free space: 0.4010
[INFO GPL-1008]     - For 80% usage of free space: 0.4512
[INFO GPL-1009]     - For 50% usage of free space: 0.7219
[INFO GPL-1014] Final placement area: 71611.48 (+0.00%)
[INFO GPL-1018] Final HPWL (um): 449708.53
Design area 70095 um^2 35% utilization.
write_db ./results/nangate45/similarity_asic_transfer_blocal/base/3_1_place_gp_skip_io.odb
Elapsed time: 0:03.54[h:]min:sec. CPU time: user 5.51 sys 0.09 (158%). Peak memory: 219060KB.
Log                       Ext     Elapsed/s Peak Memory/MB sha1sum result [0:20)
3_1_place_gp_skip_io      .odb            3            213 9069e7eaac67906c93e8
/OpenROAD-flow-scripts/flow/scripts/flow.sh 3_2_place_iop io_placement
Running io_placement.tcl, stage 3_2_place_iop
read_liberty /OpenROAD-flow-scripts/flow/platforms/nangate45/lib/NangateOpenCellLibrary_typical.lib
read_db ./results/nangate45/similarity_asic_transfer_blocal/base/3_1_place_gp_skip_io.odb
read_sdc ./results/nangate45/similarity_asic_transfer_blocal/base/2_floorplan.sdc
source /OpenROAD-flow-scripts/flow/platforms/nangate45/setRC.tcl
place_pins -hor_layers metal5 -ver_layers metal6
Found 0 macro blocks.
Using 2 tracks default min distance between IO pins.
[INFO PPL-0001] Number of available slots 3188
[INFO PPL-0002] Number of I/O             34
[INFO PPL-0003] Number of I/O w/sink      34
[INFO PPL-0004] Number of I/O w/o sink    0
[INFO PPL-0005] Slots per section         200
[INFO PPL-0008] Successfully assigned pins to sections.
[INFO PPL-0012] I/O nets HPWL: 5752.68 um.
Design area 70095 um^2 35% utilization.
write_db ./results/nangate45/similarity_asic_transfer_blocal/base/3_2_place_iop.odb
Elapsed time: 0:00.32[h:]min:sec. CPU time: user 0.28 sys 0.03 (98%). Peak memory: 154184KB.
Log                       Ext     Elapsed/s Peak Memory/MB sha1sum result [0:20)
3_2_place_iop             .odb            0            150 5757d6a52520166543cf
/OpenROAD-flow-scripts/flow/scripts/flow.sh 3_3_place_gp global_place
Running global_place.tcl, stage 3_3_place_gp
read_liberty /OpenROAD-flow-scripts/flow/platforms/nangate45/lib/NangateOpenCellLibrary_typical.lib
read_db ./results/nangate45/similarity_asic_transfer_blocal/base/3_2_place_iop.odb
read_sdc ./results/nangate45/similarity_asic_transfer_blocal/base/2_floorplan.sdc
source /OpenROAD-flow-scripts/flow/platforms/nangate45/setRC.tcl
[INFO RSZ-0026] Removed 2060 buffers.
Perform port buffering...
[INFO RSZ-0027] Inserted 1 BUF_X1 input buffers.
[INFO RSZ-0028] Inserted 32 BUF_X1 output buffers.
global_placement -density 0.5 -pad_left 0 -pad_right 0 -routability_driven -random_seed 277 -timing_driven -force_center_initial_place -min_phi_coef 0.95 -max_phi_coef 1.05
[INFO GPL-0190] Using 2 of 4 threads for placement: one per core, SMT siblings idle.
[INFO GPL-0001] ---- Initialize GPL Main Data Structures
[INFO GPL-0002] DBU: 2000
[INFO GPL-0003] SiteSize: (  0.190  1.400 ) um
[INFO GPL-0004] CoreBBox: (  1.140  1.400 ) ( 447.450 446.600 ) um
[INFO GPL-0016] Core area:                  198697.212 um^2
[INFO GPL-0036] Movable instances area:      68165.692 um^2
[INFO GPL-0037] Total instances area:        68462.548 um^2
[INFO GPL-0035] Pin density area adjust:      1877.082 um^2
[INFO GPL-0032] ---- Initialize Region: Top-level
[INFO GPL-0006] Number of instances:             31741
[INFO GPL-0007] Movable instances:               30625
[INFO GPL-0008] Fixed instances:                  1116
[INFO GPL-0009] Dummy instances:                     0
[INFO GPL-0010] Number of nets:                  43089
[INFO GPL-0011] Number of pins:                 116304
[INFO GPL-0012] Die BBox:       (  0.000  0.000 ) ( 448.565 448.565 ) um
[INFO GPL-0013] Placement BBox: (  1.140  1.400 ) ( 447.450 446.600 ) um
[INFO GPL-0014] Region name: top-level.
[INFO GPL-0015] Region area:                198697.212 um^2
[INFO GPL-0017] Fixed instances area:          296.856 um^2
[INFO GPL-0018] Movable instances area:      70042.774 um^2
[INFO GPL-0019] Utilization:                    35.304 %
[INFO GPL-0020] Standard cells area:         70042.774 um^2
[INFO GPL-0021] Large instances area:            0.000 um^2
[INFO GPL-0005] ---- Execute Conjugate Gradient Initial Placement.
[INFO GPL-0051] Source of initial instance position counters:
	Odb location = 0	Core center = 30625	Region center = 0
[InitialPlace]  Iter: 1 conjugate gradient residual: 0.00527209 HPWL: 1038037825
[InitialPlace]  Iter: 2 conjugate gradient residual: 0.00409644 HPWL: 360649230
[InitialPlace]  Iter: 3 conjugate gradient residual: 0.00152592 HPWL: 365861002
[InitialPlace]  Iter: 4 conjugate gradient residual: 0.00130279 HPWL: 369806129
[InitialPlace]  Iter: 5 conjugate gradient residual: 0.00109983 HPWL: 370873818
[InitialPlace]  Iter: 6 conjugate gradient residual: 0.00154991 HPWL: 371831402
[InitialPlace]  Iter: 7 conjugate gradient residual: 0.00127255 HPWL: 371711358
[InitialPlace]  Iter: 8 conjugate gradient residual: 0.00132169 HPWL: 372039194
[InitialPlace]  Iter: 9 conjugate gradient residual: 0.00101285 HPWL: 371700411
[InitialPlace]  Iter: 10 conjugate gradient residual: 0.00186496 HPWL: 372080218
[InitialPlace]  Iter: 11 conjugate gradient residual: 0.00087679 HPWL: 371374611
[InitialPlace]  Iter: 12 conjugate gradient residual: 0.00103378 HPWL: 371648229
[InitialPlace]  Iter: 13 conjugate gradient residual: 0.00075087 HPWL: 371110555
[InitialPlace]  Iter: 14 conjugate gradient residual: 0.00111749 HPWL: 371393159
[InitialPlace]  Iter: 15 conjugate gradient residual: 0.00062639 HPWL: 370994076
[InitialPlace]  Iter: 16 conjugate gradient residual: 0.00123944 HPWL: 371310097
[InitialPlace]  Iter: 17 conjugate gradient residual: 0.00067399 HPWL: 370972461
[InitialPlace]  Iter: 18 conjugate gradient residual: 0.00107634 HPWL: 371258339
[InitialPlace]  Iter: 19 conjugate gradient residual: 0.00090394 HPWL: 370676213
[InitialPlace]  Iter: 20 conjugate gradient residual: 0.00077339 HPWL: 370925680
[INFO GPL-0033] ---- Initialize Nesterov Region: Top-level
[INFO GPL-0023] Placement target density:       0.5000
[INFO GPL-0024] Movable insts average area:      2.287 um^2
[INFO GPL-0025] Ideal bin area:                  4.574 um^2
[INFO GPL-0026] Ideal bin count:                 43438
[INFO GPL-0027] Total bin area:             198697.212 um^2
[INFO GPL-0028] Bin count (X, Y):         128 ,    128
[INFO GPL-0029] Bin size (W * H):       3.487 *  3.478 um
[INFO GPL-0030] Number of bins:                  16384
[INFO GPL-0084] ---- Execute Nesterov Global Placement.
[INFO GPL-0031] HPWL: Half-Perimeter Wirelength
Iteration | Overflow |     HPWL (um) |  HPWL(%) |   Penalty | Group
---------------------------------------------------------------
        0 |   0.9979 |  4.010834e+04 |   +0.00% |  1.43e-16 |      
       10 |   0.9954 |  4.596704e+04 |  +14.61% |  2.32e-16 |      
       20 |   0.9954 |  4.678518e+04 |   +1.78% |  3.78e-16 |      
       30 |   0.9954 |  4.659098e+04 |   -0.42% |  6.16e-16 |      
       40 |   0.9954 |  4.672822e+04 |   +0.29% |  1.00e-15 |      
       50 |   0.9954 |  4.685997e+04 |   +0.28% |  1.63e-15 |      
       60 |   0.9953 |  4.689927e+04 |   +0.08% |  2.66e-15 |      
       70 |   0.9952 |  4.695761e+04 |   +0.12% |  4.34e-15 |      
       80 |   0.9953 |  4.698867e+04 |   +0.07% |  7.06e-15 |      
       90 |   0.9951 |  4.700653e+04 |   +0.04% |  1.15e-14 |      
      100 |   0.9950 |  4.705244e+04 |   +0.10% |  1.87e-14 |      
      110 |   0.9949 |  4.721013e+04 |   +0.34% |  3.05e-14 |      
      120 |   0.9946 |  4.761414e+04 |   +0.86% |  4.97e-14 |      
      130 |   0.9945 |  4.853299e+04 |   +1.93% |  8.10e-14 |      
      140 |   0.9937 |  5.041926e+04 |   +3.89% |  1.32e-13 |      
      150 |   0.9927 |  5.363656e+04 |   +6.38% |  2.15e-13 |      
      160 |   0.9907 |  5.812325e+04 |   +8.36% |  3.49e-13 |      
      170 |   0.9876 |  6.371253e+04 |   +9.62% |  5.68e-13 |      
      180 |   0.9835 |  7.022819e+04 |  +10.23% |  9.24e-13 |      
      190 |   0.9770 |  7.814240e+04 |  +11.27% |  1.50e-12 |      
      200 |   0.9678 |  8.849654e+04 |  +13.25% |  2.44e-12 |      
      210 |   0.9540 |  1.023611e+05 |  +15.67% |  3.97e-12 |      
      220 |   0.9359 |  1.203621e+05 |  +17.59% |  6.44e-12 |      
      230 |   0.9109 |  1.418307e+05 |  +17.84% |  1.04e-11 |      
      240 |   0.8826 |  1.649900e+05 |  +16.33% |  1.69e-11 |      
      250 |   0.8527 |  1.878263e+05 |  +13.84% |  2.74e-11 |      
      260 |   0.8208 |  2.107586e+05 |  +12.21% |  4.44e-11 |      
      270 |   0.7847 |  2.344906e+05 |  +11.26% |  7.20e-11 |      
      280 |   0.7470 |  2.597682e+05 |  +10.78% |  1.17e-10 |      
      290 |   0.7034 |  2.828131e+05 |   +8.87% |  1.89e-10 |      
      300 |   0.6608 |  3.046585e+05 |   +7.72% |  3.07e-10 |      
[INFO GPL-0100] Timing-driven iteration 1/2, virtual: false.
[INFO GPL-0101]    Iter: 307, overflow: 0.635, keep resizer changes at: 1, HPWL: 645776360
Iteration |   Area    | Resized | Buffers | Nets repaired | Remaining
---------------------------------------------------------------------
        0 |     +0.0% |       0 |       0 |             0 |     43089
    final |     +0.9% |     120 |     366 |           264 |         0
---------------------------------------------------------------------
[INFO RSZ-0034] Found 68 slew violations.
[INFO RSZ-0035] Found 25 fanout violations.
[INFO RSZ-0036] Found 207 capacitance violations.
[INFO RSZ-0039] Resized 120 instances.
[INFO RSZ-0038] Inserted 366 buffers in 264 nets.
   Iter   |    Area   | Removed | Inserted |   Pins
          |           | Buffers | Buffers  | Remaining
-------------------------------------------------------
        0 |     +0.0% |       0 |        0 |     43087
     4300 |     +0.0% |       0 |        0 |     38787
     8600 |     +0.0% |       0 |        0 |     34487
    12900 |     +0.0% |       0 |        0 |     30187
    17200 |     +0.0% |       0 |        0 |     25887
    21500 |     +0.0% |       0 |        0 |     21587
    25800 |     -0.1% |      63 |       24 |     17287
    30100 |     -0.2% |     107 |       53 |     12987
    34400 |     -0.3% |     170 |      116 |      8687
    38700 |     -0.4% |     330 |      271 |      4387
    43000 |     -0.4% |     363 |      309 |        87
    final |     -0.4% |     366 |      312 |         0
-------------------------------------------------------
[INFO GPL-0106] Timing-driven: worst slack 1.8458241e-08
[INFO GPL-0107] Timing-driven: repair_design delta area: 289.887 um^2 (+0.41%)
[INFO GPL-0108] Timing-driven: repair_design, gpl delta gcells: 312 (+1.02%)
[INFO GPL-0109] Timing-driven: repair_design, gcells created: 678, deleted: 366
[INFO GPL-0110] Timing-driven: new target density: 0.50146115
Iteration | Overflow |     HPWL (um) |  HPWL(%) |   Penalty | Group
---------------------------------------------------------------
      310 |   0.6279 |  3.341702e+05 |   +9.69% |  4.95e-10 |      
      320 |   0.6010 |  3.431460e+05 |   +2.69% |  8.05e-10 |      
[INFO GPL-0038] Routability snapshot saved at iter = 322
      321 |   0.5980 |  3.438625e+05 |          |           |      
      330 |   0.5707 |  3.506121e+05 |   +2.18% |  1.31e-09 |      
      340 |   0.5309 |  3.553156e+05 |   +1.34% |  2.13e-09 |      
      350 |   0.4837 |  3.633564e+05 |   +2.26% |  3.46e-09 |      
      360 |   0.4472 |  3.713705e+05 |   +2.21% |  5.63e-09 |      
      370 |   0.4126 |  3.706866e+05 |   -0.18% |  9.16e-09 |      
      380 |   0.3691 |  3.745615e+05 |   +1.05% |  1.49e-08 |      
      390 |   0.3373 |  3.734037e+05 |   -0.31% |  2.38e-08 |      
      400 |   0.2985 |  3.772102e+05 |   +1.02% |  3.50e-08 |      
[INFO GPL-0040] Routability iteration: 1
[WARNING GRT-0281] Net clk has a large fanout of 2493 terminals.
[INFO GPL-0088] Tiles the placer can act on: 11088 of 24649 (44.98%)
[INFO GPL-0041] Total routing overflow: 0.4867
[INFO GPL-0042] Number of overflowed tiles: 4 (0.04%)
[INFO GPL-0043] Average top 0.5% routing congestion: 0.7913
[INFO GPL-0044] Average top 1.0% routing congestion: 0.7043
[INFO GPL-0045] Average top 2.0% routing congestion: 0.6286
[INFO GPL-0046] Average top 5.0% routing congestion: 0.5445
[INFO GPL-0047] Routability iteration weighted routing congestion: 0.7478
[INFO GPL-0050] Weighted routing congestion is lower than target routing congestion(1.0100), end routability optimization.
[INFO GPL-0090] Routability finished. Target routing congestion achieved succesfully.
Iteration | Overflow |     HPWL (um) |  HPWL(%) |   Penalty | Group
---------------------------------------------------------------
      410 |   0.2690 |  3.752374e+05 |   -0.52% |  5.16e-08 |      
      420 |   0.2322 |  3.757790e+05 |   +0.14% |  7.60e-08 |      
      430 |   0.2045 |  3.755233e+05 |   -0.07% |  1.12e-07 |      
[INFO GPL-0100] Timing-driven iteration 2/2, virtual: false.
[INFO GPL-0101]    Iter: 435, overflow: 0.193, keep resizer changes at: 1, HPWL: 751905733
Iteration |   Area    | Resized | Buffers | Nets repaired | Remaining
---------------------------------------------------------------------
        0 |     +0.0% |       0 |       0 |             0 |     43401
    final |     +0.2% |       1 |      71 |            72 |         0
---------------------------------------------------------------------
[INFO RSZ-0034] Found 1 slew violations.
[INFO RSZ-0036] Found 71 capacitance violations.
[INFO RSZ-0039] Resized 1 instances.
[INFO RSZ-0038] Inserted 71 buffers in 72 nets.
   Iter   |    Area   | Removed | Inserted |   Pins
          |           | Buffers | Buffers  | Remaining
-------------------------------------------------------
        0 |     +0.0% |       0 |        0 |     43087
     4300 |     +0.0% |       0 |        0 |     38787
     8600 |     -0.0% |       1 |        0 |     34487
    12900 |     -0.0% |       1 |        1 |     30187
    17200 |     -0.0% |       1 |        1 |     25887
    21500 |     -0.0% |       1 |        1 |     21587
    25800 |     -0.1% |      64 |       65 |     17287
    30100 |     -0.1% |     111 |      111 |     12987
    34400 |     -0.1% |     183 |      182 |      8687
    38700 |     -0.1% |     342 |      338 |      4387
    43000 |     -0.1% |     380 |      376 |        87
    final |     -0.1% |     383 |      379 |         0
-------------------------------------------------------
[INFO GPL-0106] Timing-driven: worst slack 1.8466727e-08
[INFO GPL-0107] Timing-driven: repair_design delta area: 76.257 um^2 (+0.11%)
[INFO GPL-0108] Timing-driven: repair_design, gpl delta gcells: 67 (+0.22%)
[INFO GPL-0109] Timing-driven: repair_design, gcells created: 450, deleted: 383
[INFO GPL-0110] Timing-driven: new target density: 0.5018455
Iteration | Overflow |     HPWL (um) |  HPWL(%) |   Penalty | Group
---------------------------------------------------------------
      440 |   0.1791 |  3.785603e+05 |   +0.81% |  1.65e-07 |      
      450 |   0.1521 |  3.780502e+05 |   -0.13% |  2.43e-07 |      
      460 |   0.1295 |  3.785141e+05 |   +0.12% |  3.58e-07 |      
      470 |   0.1125 |  3.793531e+05 |   +0.22% |  5.27e-07 |      
      478 |   0.0988 |  3.796149e+05 |          |  7.47e-07 |      
---------------------------------------------------------------
[INFO GPL-1001] Global placement finished at iteration 478
[INFO GPL-1017] Routability mode iteration count: 78
[INFO GPL-1005] Routability final weighted congestion: 0.5338
[INFO GPL-1002] Placed Cell Area            70408.9176
[INFO GPL-1003] Available Free Area         198400.3560
[INFO GPL-1004] Minimum Feasible Density        0.3600 (cell_area / free_area)
[INFO GPL-1006]   Suggested Target Densities:
[INFO GPL-1007]     - For 90% usage of free space: 0.3943
[INFO GPL-1008]     - For 80% usage of free space: 0.4436
[INFO GPL-1009]     - For 50% usage of free space: 0.7098
[INFO GPL-1011] Original area (um^2): 70042.77
[INFO GPL-1012] Total routability artificial inflation: 0.00 (+0.00%)
[INFO GPL-1013] Total timing-driven delta area: 366.14 (+0.52%)
[INFO GPL-1014] Final placement area: 70408.92 (+0.52%)
[INFO GPL-1018] Final HPWL (um): 380420.92
Took 23 seconds: global_placement -density 0.5 -pad_left 0 -pad_right 0 -routability_driven -random_seed 277 -timing_driven -force_center_initial_place -min_phi_coef 0.95 -max_phi_coef 1.05
estimate_parasitics -placement
Report metrics stage 3, global place...

==========================================================================
global place report_design_area
--------------------------------------------------------------------------
Design area 68847 um^2 35% utilization.
write_db ./results/nangate45/similarity_asic_transfer_blocal/base/3_3_place_gp.odb
Elapsed time: 0:28.32[h:]min:sec. CPU time: user 41.40 sys 1.51 (151%). Peak memory: 620868KB.
Log                       Ext     Elapsed/s Peak Memory/MB sha1sum result [0:20)
3_3_place_gp              .odb           28            606 4b9f0ac56a5272f01bda
/OpenROAD-flow-scripts/flow/scripts/flow.sh 3_4_place_resized resize
Running resize.tcl, stage 3_4_place_resized
read_liberty /OpenROAD-flow-scripts/flow/platforms/nangate45/lib/NangateOpenCellLibrary_typical.lib
read_db ./results/nangate45/similarity_asic_transfer_blocal/base/3_3_place_gp.odb
read_sdc ./results/nangate45/similarity_asic_transfer_blocal/base/2_floorplan.sdc
source /OpenROAD-flow-scripts/flow/platforms/nangate45/setRC.tcl
estimate_parasitics -placement
Perform buffer insertion and gate resizing...
repair_design -verbose -cap_margin 30 -slew_margin 25
Iteration |   Area    | Resized | Buffers | Nets repaired | Remaining
---------------------------------------------------------------------
        0 |     +0.0% |       0 |       0 |             0 |     43468
     1000 |     +0.0% |       0 |       1 |             1 |     42468
     2000 |     +0.0% |       0 |       1 |             1 |     41468
     3000 |     +0.0% |       0 |       2 |             2 |     40468
     4000 |     +0.0% |       0 |       2 |             2 |     39468
     5000 |     +0.0% |       0 |       5 |             5 |     38468
     6000 |     +0.0% |       0 |       5 |             5 |     37468
     7000 |     +0.0% |       0 |       5 |             5 |     36468
     8000 |     +0.0% |       0 |       5 |             5 |     35468
     9000 |     +0.0% |       0 |       5 |             5 |     34468
    10000 |     +0.0% |       0 |      10 |            10 |     33468
    11000 |     +0.0% |       0 |      10 |            10 |     32468
    12000 |     +0.0% |       0 |      10 |            10 |     31468
    13000 |     +0.0% |       0 |      15 |            15 |     30468
    14000 |     +0.0% |       0 |      15 |            15 |     29468
    15000 |     +0.0% |       0 |      15 |            15 |     28468
    16000 |     +0.0% |       0 |      21 |            21 |     27468
    17000 |     +0.0% |       0 |      21 |            21 |     26468
    18000 |     +0.0% |       0 |      21 |            21 |     25468
    19000 |     +0.0% |       0 |      21 |            21 |     24468
    20000 |     +0.1% |       0 |      22 |            22 |     23468
    21000 |     +0.1% |       0 |      22 |            22 |     22468
    22000 |     +0.1% |       0 |      22 |            22 |     21468
    23000 |     +0.2% |       0 |      88 |            88 |     20468
    24000 |     +0.2% |       0 |      88 |            88 |     19468
    25000 |     +0.2% |       0 |      88 |            88 |     18468
    26000 |     +0.2% |       0 |      88 |            88 |     17468
    27000 |     +0.3% |       0 |     129 |           129 |     16468
    28000 |     +0.4% |       0 |     138 |           138 |     15468
    29000 |     +0.4% |       0 |     141 |           141 |     14468
    30000 |     +0.4% |       0 |     150 |           150 |     13468
    31000 |     +0.5% |       0 |     204 |           204 |     12468
    32000 |     +0.5% |       0 |     211 |           211 |     11468
    33000 |     +0.6% |       0 |     218 |           218 |     10468
    34000 |     +0.6% |       0 |     227 |           227 |      9468
    35000 |     +0.6% |       1 |     235 |           235 |      8468
    36000 |     +0.6% |       1 |     243 |           243 |      7468
    37000 |     +0.7% |       1 |     264 |           264 |      6468
    38000 |     +0.7% |       1 |     286 |           286 |      5468
    39000 |     +0.8% |       1 |     298 |           298 |      4468
    40000 |     +0.8% |       1 |     298 |           298 |      3468
    41000 |     +0.8% |       1 |     298 |           298 |      2468
    42000 |     +0.8% |       2 |     299 |           299 |      1468
    43000 |     +0.8% |       2 |     299 |           299 |       468
    final |     +0.8% |       2 |     299 |           299 |         0
---------------------------------------------------------------------
[INFO RSZ-0034] Found 3 slew violations.
[INFO RSZ-0036] Found 299 capacitance violations.
[INFO RSZ-0039] Resized 2 instances.
[INFO RSZ-0038] Inserted 299 buffers in 299 nets.
[INFO RSZ-0504] Runtime: 2.82s
Floating nets: 
Report metrics stage 3, resizer...

==========================================================================
resizer report_design_area
--------------------------------------------------------------------------
Design area 69385 um^2 35% utilization.
Instance count before 32120, after 32419
Pin count before 117028, after 117626
write_db ./results/nangate45/similarity_asic_transfer_blocal/base/3_4_place_resized.odb
Elapsed time: 0:10.89[h:]min:sec. CPU time: user 15.13 sys 0.60 (144%). Peak memory: 278440KB.
Log                       Ext     Elapsed/s Peak Memory/MB sha1sum result [0:20)
3_4_place_resized         .odb           10            271 3406c58e5be77ea7b23f
/OpenROAD-flow-scripts/flow/scripts/flow.sh 3_5_place_dp detail_place
Running detail_place.tcl, stage 3_5_place_dp
read_liberty /OpenROAD-flow-scripts/flow/platforms/nangate45/lib/NangateOpenCellLibrary_typical.lib
read_db ./results/nangate45/similarity_asic_transfer_blocal/base/3_4_place_resized.odb
read_sdc ./results/nangate45/similarity_asic_transfer_blocal/base/2_floorplan.sdc
source /OpenROAD-flow-scripts/flow/platforms/nangate45/setRC.tcl
detailed_placement
[INFO DPL-0006] Core area: 198697.21 um^2
[INFO DPL-0007] Movable instances area: 69087.91 um^2
[INFO DPL-0008] Fixed instances area within core: 296.86 um^2
[INFO DPL-0009] Utilization: 34.9%
[INFO DPL-0005] Diamond search max displacement: +/- 500 sites horizontally, +/- 100 rows vertically.
[INFO DPL-1102] Legalizing using negotiation legalizer.
[INFO DPL-1103] Negotiation base search window: +/-20 sites horizontally, +/-5 rows vertically 
	Automatic search window extension enabled.
	Search window extendable up to the max displacement cap of +/-500 sites, +/-100 rows near walls.
[INFO DPL-1104] NegotiationLegalizer DRC penalty: 5.
[INFO DPL-0392] Negotiation cell height distribution (1 unique row-count(s)):
[INFO DPL-0393]   height 1 row(s): 32419 cells
          |      Total |  Illegal |  Illegal
Iteration | Violations |    Cells |    Sites
---------------------------------------------
        0 |       9827 |      2863 |      6919
        1 |         32 |        14 |        18
        2 |          0 |         0 |         0
Negotiation phase 1 converged at iteration 2.
[INFO DPL-0500] Runtime: 0.36s
Placement Analysis
---------------------------------
total displacement      39849.3 u
average displacement        1.2 u
max displacement            6.1 u
original HPWL          383848.7 u
legalized HPWL         406334.7 u
delta HPWL                    6 %

improve_placement -max_displacement "5 1"
Detailed placement improvement.
[INFO DPL-0401] Setting random seed to 1.
[INFO DPL-0402] Setting maximum displacement 5 1 to 14000 2800 units.
[INFO DPL-0320] Collected 1150 fixed cells.
[INFO DPL-0318] Collected 31303 single height cells.
[INFO DPL-0321] Collected 0 wide cells.
[INFO DPL-0322] Image (2280, 2800) - (894900, 893200)
[INFO DPL-0310] Assigned 31303 cells into segments.  Movement in X-direction is 0.000000, movement in Y-direction is 0.000000.
[INFO DPL-0313] Found 0 cells in wrong regions.
[INFO DPL-0315] Found 0 row alignment problems.
[INFO DPL-0314] Found 0 site alignment problems.
[INFO DPL-0311] Found 0 overlaps between adjacent cells.
[INFO DPL-0312] Found 0 edge spacing violations and 0 padding violations.
[INFO DPL-0303] Running algorithm for independent set matching.
[INFO DPL-0300] Set matching objective is wirelength.
[INFO DPL-0301] Pass   1 of matching; objective is 8.119589e+08.
[INFO DPL-0302] End of matching; objective is 8.111702e+08, improvement is 0.10 percent.
[INFO DPL-0303] Running algorithm for global swaps.
[INFO DPL-0306] Pass   1 of global swaps; hpwl is 8.000816e+08.
[INFO DPL-0306] Pass   2 of global swaps; hpwl is 7.977930e+08.
[INFO DPL-0307] End of global swaps; objective is 7.977930e+08, improvement is 1.65 percent.
[INFO DPL-0303] Running algorithm for vertical swaps.
[INFO DPL-0308] Pass   1 of vertical swaps; hpwl is 7.951424e+08.
[INFO DPL-0309] End of vertical swaps; objective is 7.951424e+08, improvement is 0.33 percent.
[INFO DPL-0303] Running algorithm for reordering.
[INFO DPL-0304] Pass   1 of reordering; objective is 7.939486e+08.
[INFO DPL-0305] End of reordering; objective is 7.939486e+08, improvement is 0.15 percent.
[INFO DPL-0303] Running algorithm for random improvement.
[INFO DPL-0324] Random improver is using random generator.
[INFO DPL-0325] Random improver is using hpwl objective.
[INFO DPL-0326] Random improver cost string is (a).
[INFO DPL-0332] End of pass, Generator random called 626060 times.
[INFO DPL-0335] Generator random, Cumulative attempts 626060, swaps 79072, moves 207030 since last reset.
[INFO DPL-0333] End of pass, Objective hpwl, Initial cost 7.921847e+08, Scratch cost 7.846350e+08, Incremental cost 7.846350e+08, Mismatch? N
[INFO DPL-0338] End of pass, Total cost is 7.846350e+08.
[INFO DPL-0327] Pass   1 of random improver; improvement in cost is 0.95 percent.
[INFO DPL-0328] End of random improver; improvement is 0.953025 percent.
[INFO DPL-0380] Cell flipping.
[INFO DPL-0382] Changed 0 cell orientations for row compatibility.
[INFO DPL-0383] Performed 10923 cell flips.
[INFO DPL-0384] End of flipping; objective is 7.685035e+08, improvement is 2.28 percent.
[INFO DPL-0313] Found 0 cells in wrong regions.
[INFO DPL-0315] Found 0 row alignment problems.
[INFO DPL-0314] Found 0 site alignment problems.
[INFO DPL-0311] Found 0 overlaps between adjacent cells.
[INFO DPL-0312] Found 0 edge spacing violations and 0 padding violations.
Detailed Improvement Results
------------------------------------------
Original HPWL           406334.7 u (  206583.8,   199750.9)
Final HPWL              384734.8 u (  192805.7,   191929.2)
Delta HPWL                  -5.3 % (      -6.7,       -3.9)

optimize_mirroring
[INFO DPL-0020] Mirrored 1736 instances
[INFO DPL-0021] HPWL before          384734.8 u
[INFO DPL-0022] HPWL after           384141.1 u
[INFO DPL-0023] HPWL delta               -0.2 %
[INFO FLW-0012] Placement violations .
estimate_parasitics -placement
Report metrics stage 3, detailed place...

==========================================================================
detailed place report_design_area
--------------------------------------------------------------------------
Design area 69385 um^2 35% utilization.
write_db ./results/nangate45/similarity_asic_transfer_blocal/base/3_5_place_dp.odb
write_sdc -no_timestamp ./results/nangate45/similarity_asic_transfer_blocal/base/3_place.sdc
Elapsed time: 0:13.07[h:]min:sec. CPU time: user 16.46 sys 0.49 (129%). Peak memory: 353672KB.
Log                       Ext     Elapsed/s Peak Memory/MB sha1sum result [0:20)
3_5_place_dp              .odb           13            345 b4c40ddb879a0c884286
cp ./results/nangate45/similarity_asic_transfer_blocal/base/3_5_place_dp.odb ./results/nangate45/similarity_asic_transfer_blocal/base/3_place.odb
/OpenROAD-flow-scripts/flow/scripts/flow.sh 4_1_cts cts
Running cts.tcl, stage 4_1_cts
read_liberty /OpenROAD-flow-scripts/flow/platforms/nangate45/lib/NangateOpenCellLibrary_typical.lib
read_db ./results/nangate45/similarity_asic_transfer_blocal/base/3_place.odb
read_sdc ./results/nangate45/similarity_asic_transfer_blocal/base/3_place.sdc
source /OpenROAD-flow-scripts/flow/platforms/nangate45/setRC.tcl
clock_tree_synthesis -sink_clustering_enable -repair_clock_nets
[INFO CTS-0050] Root buffer is CLKBUF_X3.
[INFO CTS-0051] Sink buffer is CLKBUF_X3.
[INFO CTS-0052] The following clock buffers will be used for CTS:
                    CLKBUF_X3
[INFO CTS-0049] Characterization buffer is CLKBUF_X3.
[INFO CTS-0007] Net "clk" found for clock "clk".
[INFO CTS-0010]  Clock net "clk" has 2492 sinks.
[INFO CTS-0008] TritonCTS found 1 clock nets.
[INFO CTS-0097] Characterization used 1 buffer(s) types.
[INFO CTS-0201] 0 blockages from hard placement blockages and placed macros will be used.
[INFO CTS-0027] Generating H-Tree topology for net clk.
[INFO CTS-0028]  Total number of sinks: 2492.
[INFO CTS-0090]  Sinks will be clustered based on buffer max cap.
[INFO CTS-0030]  Number of static layers: 0.
[INFO CTS-0020]  Wire segment unit: 14000  dbu (7 um).
[INFO CTS-0206] Best clustering solution was found from max clustering size of 9 and max clustering diameter of 50.
[INFO CTS-0019]  Total number of sinks after clustering: 432.
[INFO CTS-0024]  Normalized sink region: [(1.47476, 1.73757), (58.425, 62.8)].
[INFO CTS-0025]     Width:  56.9502.
[INFO CTS-0026]     Height: 61.0624.
 Level 1
    Direction: Vertical
    Sinks per sub-region: 216
    Sub-region size: 56.9502 X 30.5312
[INFO CTS-0034]     Segment length (rounded): 16.
 Level 2
    Direction: Horizontal
    Sinks per sub-region: 108
    Sub-region size: 28.4751 X 30.5312
[INFO CTS-0034]     Segment length (rounded): 14.
 Level 3
    Direction: Vertical
    Sinks per sub-region: 54
    Sub-region size: 28.4751 X 15.2656
[INFO CTS-0034]     Segment length (rounded): 8.
 Level 4
    Direction: Horizontal
    Sinks per sub-region: 27
    Sub-region size: 14.2376 X 15.2656
[INFO CTS-0034]     Segment length (rounded): 8.
 Level 5
    Direction: Vertical
    Sinks per sub-region: 14
    Sub-region size: 14.2376 X 7.6328
[INFO CTS-0034]     Segment length (rounded): 4.
[INFO CTS-0038]  Stop criterion found. Sink region hpwl is smaller than max wirelength (591.189 um) and max number of sinks is 15.
[INFO CTS-0035]  Number of sinks covered: 432.
[INFO CTS-0018]     Created 469 clock buffers.
[INFO CTS-0012]     Minimum number of buffers in the clock path: 4.
[INFO CTS-0013]     Maximum number of buffers in the clock path: 4.
[INFO CTS-0015]     Created 469 clock nets.
[INFO CTS-0016]     Fanout distribution for the current clock = 2:3, 3:13, 4:55, 5:104, 6:127, 7:101, 8:28, 9:3, 10:4, 11:2, 12:3, 13:4, 14:4, 15:7, 16:3, 18:1, 19:1, 23:1..
[INFO CTS-0017]     Max level of the clock tree: 5.
[INFO CTS-0098] Clock net "clk"
[INFO CTS-0099]  Sinks 2884
[INFO CTS-0100]  Leaf buffers 432
[INFO CTS-0101]  Average sink wire length 733.03 um
[INFO CTS-0102]  Path depth 3 - 4
[INFO CTS-0207]  Dummy loads inserted 392
[INFO CTS-0500] Runtime: 2.16s
estimate_parasitics -placement
detailed_placement
[INFO DPL-0006] Core area: 198697.21 um^2
[INFO DPL-0007] Movable instances area: 70018.12 um^2
[INFO DPL-0008] Fixed instances area within core: 296.86 um^2
[INFO DPL-0009] Utilization: 35.4%
[INFO DPL-0005] Diamond search max displacement: +/- 500 sites horizontally, +/- 100 rows vertically.
[INFO DPL-1102] Legalizing using negotiation legalizer.
[INFO DPL-1103] Negotiation base search window: +/-20 sites horizontally, +/-5 rows vertically 
	Automatic search window extension enabled.
	Search window extendable up to the max displacement cap of +/-500 sites, +/-100 rows near walls.
[INFO DPL-1104] NegotiationLegalizer DRC penalty: 5.
[INFO DPL-0392] Negotiation cell height distribution (1 unique row-count(s)):
[INFO DPL-0393]   height 1 row(s): 33280 cells
          |      Total |  Illegal |  Illegal
Iteration | Violations |    Cells |    Sites
---------------------------------------------
        0 |       1008 |       292 |       716
        1 |          8 |         2 |         6
        2 |          0 |         0 |         0
Negotiation phase 1 converged at iteration 2.
[INFO DPL-0500] Runtime: 0.23s
Placement Analysis
---------------------------------
total displacement      17243.3 u
average displacement        0.5 u
max displacement            5.2 u
original HPWL          399710.5 u
legalized HPWL         409427.8 u
delta HPWL                    2 %

estimate_parasitics -placement
Report metrics stage 4, cts final...

==========================================================================
cts final report_design_area
--------------------------------------------------------------------------
Design area 70315 um^2 35% utilization.
write_db ./results/nangate45/similarity_asic_transfer_blocal/base/4_1_cts.odb
write_sdc -no_timestamp ./results/nangate45/similarity_asic_transfer_blocal/base/4_cts.sdc
Elapsed time: 0:12.18[h:]min:sec. CPU time: user 18.64 sys 0.89 (160%). Peak memory: 361216KB.
Log                       Ext     Elapsed/s Peak Memory/MB sha1sum result [0:20)
4_1_cts                   .odb           12            352 921bc83b65bd4413e158
cp ./results/nangate45/similarity_asic_transfer_blocal/base/4_1_cts.odb ./results/nangate45/similarity_asic_transfer_blocal/base/4_cts.odb
/OpenROAD-flow-scripts/flow/scripts/flow.sh 5_1_grt global_route
Running global_route.tcl, stage 5_1_grt
read_liberty /OpenROAD-flow-scripts/flow/platforms/nangate45/lib/NangateOpenCellLibrary_typical.lib
read_db ./results/nangate45/similarity_asic_transfer_blocal/base/4_cts.odb
read_sdc ./results/nangate45/similarity_asic_transfer_blocal/base/4_cts.sdc
source /OpenROAD-flow-scripts/flow/platforms/nangate45/setRC.tcl
pin_access
[INFO DRT-0149] Reading tech and libs.

Units:                2000
Number of layers:     21
Number of macros:     135
Number of vias:       33
Number of viarulegen: 19

[INFO DRT-0150] Reading design.

Design:                   similarity_asic_transfer_blocal
Die area:                 ( 0 0 ) ( 897130 897130 )
Number of track patterns: 20
Number of DEF vias:       0
Number of components:     33280
Number of terminals:      36
Number of snets:          2
Number of nets:           44236

[INFO DRT-0167] List of default vias:
  Layer via2
    default via: via2_5
  Layer via3
    default via: via3_2
  Layer via4
    default via: via4_0
  Layer via5
    default via: via5_0
  Layer via6
    default via: via6_0
  Layer via7
    default via: via7_0
  Layer via8
    default via: via8_0
  Layer via9
    default via: via9_0
[INFO DRT-0162] Library cell analysis.
[INFO DRT-0163] Instance analysis.
[INFO DRT-0164] Number of unique instances = 108.
[INFO DRT-0168] Init region query.
[INFO DRT-0024]   Complete active.
[INFO DRT-0024]   Complete Fr_VIA.
[INFO DRT-0024]   Complete metal1.
[INFO DRT-0024]   Complete via1.
[INFO DRT-0024]   Complete metal2.
[INFO DRT-0024]   Complete via2.
[INFO DRT-0024]   Complete metal3.
[INFO DRT-0024]   Complete via3.
[INFO DRT-0024]   Complete metal4.
[INFO DRT-0024]   Complete via4.
[INFO DRT-0024]   Complete metal5.
[INFO DRT-0024]   Complete via5.
[INFO DRT-0024]   Complete metal6.
[INFO DRT-0024]   Complete via6.
[INFO DRT-0024]   Complete metal7.
[INFO DRT-0024]   Complete via7.
[INFO DRT-0024]   Complete metal8.
[INFO DRT-0024]   Complete via8.
[INFO DRT-0024]   Complete metal9.
[INFO DRT-0024]   Complete via9.
[INFO DRT-0024]   Complete metal10.
[INFO DRT-0033] active shape region query size = 0.
[INFO DRT-0033] FR_VIA shape region query size = 0.
[INFO DRT-0033] metal1 shape region query size = 751413.
[INFO DRT-0033] via1 shape region query size = 7656.
[INFO DRT-0033] metal2 shape region query size = 5104.
[INFO DRT-0033] via2 shape region query size = 7656.
[INFO DRT-0033] metal3 shape region query size = 5104.
[INFO DRT-0033] via3 shape region query size = 7656.
[INFO DRT-0033] metal4 shape region query size = 2808.
[INFO DRT-0033] via4 shape region query size = 2400.
[INFO DRT-0033] metal5 shape region query size = 511.
[INFO DRT-0033] via5 shape region query size = 2400.
[INFO DRT-0033] metal6 shape region query size = 483.
[INFO DRT-0033] via6 shape region query size = 960.
[INFO DRT-0033] metal7 shape region query size = 300.
[INFO DRT-0033] via7 shape region query size = 0.
[INFO DRT-0033] metal8 shape region query size = 0.
[INFO DRT-0033] via8 shape region query size = 0.
[INFO DRT-0033] metal9 shape region query size = 0.
[INFO DRT-0033] via9 shape region query size = 0.
[INFO DRT-0033] metal10 shape region query size = 0.
[INFO DRT-0165] Start pin access.
[INFO DRT-0078]   Complete 617 pins.
[INFO DRT-0079]   Complete 100 unique inst patterns.
[INFO DRT-0081]   Complete 108 unique inst patterns.
[INFO DRT-0082]   Complete 10000 groups.
[INFO DRT-0084]   Complete 19990 groups.
#scanned instances     = 33280
#unique  instances     = 108
#stdCellGenAp          = 3262
#stdCellValidPlanarAp  = 0
#stdCellValidViaAp     = 2309
#stdCellPinNoAp        = 0
#stdCellPinCnt         = 118956
#instTermValidViaApCnt = 0
#macroGenAp            = 0
#macroValidPlanarAp    = 0
#macroValidViaAp       = 0
#macroNoAp             = 0
[INFO DRT-0166] Complete pin access.
[INFO DRT-0267] cpu time = 00:04:21, elapsed time = 00:01:05, memory = 243.30 (MB), peak = 258.27 (MB)
Took 66 seconds: pin_access
set_global_routing_random -seed 277
global_route -congestion_report_file ./reports/nangate45/similarity_asic_transfer_blocal/base/congestion.rpt -congestion_iterations 30 -congestion_report_iter_step 5 -verbose
[INFO GRT-0020] Min routing layer: metal2
[INFO GRT-0021] Max routing layer: metal10
[INFO GRT-0022] Global adjustment: 0%
[INFO GRT-0023] Grid origin: (0, 0)
[INFO GRT-0088] Layer metal1  Track-Pitch = 0.1400  line-2-Via Pitch: 0.1350
[INFO GRT-0088] Layer metal2  Track-Pitch = 0.1900  line-2-Via Pitch: 0.1400
[INFO GRT-0088] Layer metal3  Track-Pitch = 0.1400  line-2-Via Pitch: 0.1400
[INFO GRT-0088] Layer metal4  Track-Pitch = 0.2800  line-2-Via Pitch: 0.2800
[INFO GRT-0088] Layer metal5  Track-Pitch = 0.2800  line-2-Via Pitch: 0.2800
[INFO GRT-0088] Layer metal6  Track-Pitch = 0.2800  line-2-Via Pitch: 0.2800
[INFO GRT-0088] Layer metal7  Track-Pitch = 0.8000  line-2-Via Pitch: 0.8000
[INFO GRT-0088] Layer metal8  Track-Pitch = 0.8000  line-2-Via Pitch: 0.8000
[INFO GRT-0088] Layer metal9  Track-Pitch = 1.6000  line-2-Via Pitch: 1.6000
[INFO GRT-0088] Layer metal10 Track-Pitch = 1.6000  line-2-Via Pitch: 1.6000
[INFO GRT-0003] Macros: 0
[INFO GRT-0004] Blockages: 0
[INFO GRT-0019] Found 470 clock nets.
[INFO GRT-0001] Minimum degree: 2
[INFO GRT-0002] Maximum degree: 51

[INFO GRT-0053] Routing resources analysis:
          Routing      Original      Derated      Resource
Layer     Direction    Resources     Resources    Reduction (%)
---------------------------------------------------------------
metal1     Horizontal          0             0          0.00%
metal2     Vertical       360516        169260          53.05%
metal3     Horizontal     497144        243840          50.95%
metal4     Vertical       244608        173004          29.27%
metal5     Horizontal     248608        175264          29.50%
metal6     Vertical       249385        175948          29.45%
metal7     Horizontal      76440         53664          29.80%
metal8     Vertical        87360         62712          28.21%
metal9     Horizontal      43680         24648          43.57%
metal10    Vertical        43680         24648          43.57%
---------------------------------------------------------------

[INFO GRT-0197] Via related to pin nodes: 195183
[INFO GRT-0198] Via related Steiner nodes: 2227
[INFO GRT-0199] Via filling finished.
[INFO GRT-0111] Final number of vias: 239840
[INFO GRT-0112] Final usage 3D: 880762

[INFO GRT-0096] Final congestion report:
Layer         Resource        Demand        Usage (%)    Max H / Max V / Total Congestion
---------------------------------------------------------------------------------------
metal1               0             0            0.00%             0 /  0 /  0
metal2          169260         59333           35.05%             0 /  0 /  0
metal3          243840         71406           29.28%             0 /  0 /  0
metal4          173004         20192           11.67%             0 /  0 /  0
metal5          175264          9525            5.43%             0 /  0 /  0
metal6          175948           786            0.45%             0 /  0 /  0
metal7           53664             0            0.00%             0 /  0 /  0
metal8           62712             0            0.00%             0 /  0 /  0
metal9           24648             0            0.00%             0 /  0 /  0
metal10          24648             0            0.00%             0 /  0 /  0
---------------------------------------------------------------------------------------
Total          1102988        161242           14.62%             0 /  0 /  0

[INFO GRT-0018] Total wirelength: 680189 um
[INFO GRT-0014] Routed nets: 41907
[INFO GRT-0303] Global routing runtime = 00:00:01
estimate_parasitics -global_routing
Perform buffer insertion and gate resizing...
repair_design -verbose -cap_margin 30 -slew_margin 25
Iteration |   Area    | Resized | Buffers | Nets repaired | Remaining
---------------------------------------------------------------------
        0 |     +0.0% |       0 |       0 |             0 |     44628
     1000 |     +0.0% |       0 |       0 |             0 |     43628
     2000 |     +0.0% |       0 |       0 |             0 |     42628
     3000 |     +0.0% |       0 |       0 |             0 |     41628
     4000 |     +0.0% |       0 |       0 |             0 |     40628
     5000 |     +0.0% |       0 |       0 |             0 |     39628
     6000 |     +0.0% |       0 |       0 |             0 |     38628
     7000 |     +0.0% |       0 |       0 |             0 |     37628
     8000 |     +0.0% |       0 |       0 |             0 |     36628
     9000 |     +0.0% |       0 |       0 |             0 |     35628
    10000 |     +0.0% |       0 |       0 |             0 |     34628
    11000 |     +0.0% |       0 |       1 |             2 |     33628
    12000 |     +0.0% |       0 |       1 |             2 |     32628
    13000 |     +0.0% |       0 |       1 |             2 |     31628
    14000 |     +0.0% |       0 |       1 |             2 |     30628
    15000 |     +0.0% |       0 |       1 |             2 |     29628
    16000 |     +0.0% |       0 |       1 |             2 |     28628
    17000 |     +0.0% |       0 |       1 |             2 |     27628
[WARNING RSZ-0104] Net _42573_ only has one pin. Check if it is intended to be dangling.
[WARNING RSZ-0104] Net _42543_ only has one pin. Check if it is intended to be dangling.
[WARNING RSZ-0104] Net _42398_ only has one pin. Check if it is intended to be dangling.
[WARNING RSZ-0104] Net _42379_ only has one pin. Check if it is intended to be dangling.
[WARNING RSZ-0104] Net _42298_ only has one pin. Check if it is intended to be dangling.
[WARNING RSZ-0104] Net _42264_ only has one pin. Check if it is intended to be dangling.
[WARNING RSZ-0104] Net _42221_ only has one pin. Check if it is intended to be dangling.
[WARNING RSZ-0104] Net _42156_ only has one pin. Check if it is intended to be dangling.
[WARNING RSZ-0104] Net _42074_ only has one pin. Check if it is intended to be dangling.
[WARNING RSZ-0104] Net _41984_ only has one pin. Check if it is intended to be dangling.
[WARNING RSZ-0104] Net _41959_ only has one pin. Check if it is intended to be dangling.
[WARNING RSZ-0104] Net _41895_ only has one pin. Check if it is intended to be dangling.
[WARNING RSZ-0104] Net _41768_ only has one pin. Check if it is intended to be dangling.
[WARNING RSZ-0104] Net _41658_ only has one pin. Check if it is intended to be dangling.
[WARNING RSZ-0104] Net _41635_ only has one pin. Check if it is intended to be dangling.
[WARNING RSZ-0104] Net _41556_ only has one pin. Check if it is intended to be dangling.
[WARNING RSZ-0104] Net _41423_ only has one pin. Check if it is intended to be dangling.
[WARNING RSZ-0104] Net _41407_ only has one pin. Check if it is intended to be dangling.
[WARNING RSZ-0104] Net _41406_ only has one pin. Check if it is intended to be dangling.
[WARNING RSZ-0104] Net _41333_ only has one pin. Check if it is intended to be dangling.
[WARNING RSZ-0104] Net _41248_ only has one pin. Check if it is intended to be dangling.
[WARNING RSZ-0104] Net _41205_ only has one pin. Check if it is intended to be dangling.
[WARNING RSZ-0104] Net _41092_ only has one pin. Check if it is intended to be dangling.
[WARNING RSZ-0104] Net _40802_ only has one pin. Check if it is intended to be dangling.
[WARNING RSZ-0104] Net _40706_ only has one pin. Check if it is intended to be dangling.
[WARNING RSZ-0104] Net _40627_ only has one pin. Check if it is intended to be dangling.
[WARNING RSZ-0104] Net _40603_ only has one pin. Check if it is intended to be dangling.
[WARNING RSZ-0104] Net _40270_ only has one pin. Check if it is intended to be dangling.
[WARNING RSZ-0104] Net _40269_ only has one pin. Check if it is intended to be dangling.
[WARNING RSZ-0104] Net _40108_ only has one pin. Check if it is intended to be dangling.
[WARNING RSZ-0104] Net _39927_ only has one pin. Check if it is intended to be dangling.
[WARNING RSZ-0104] Net _39796_ only has one pin. Check if it is intended to be dangling.
[WARNING RSZ-0104] Net _39772_ only has one pin. Check if it is intended to be dangling.
[WARNING RSZ-0104] Net _39740_ only has one pin. Check if it is intended to be dangling.
    18000 |     +0.0% |       0 |       1 |             2 |     26628
    19000 |     +0.0% |       0 |       1 |             2 |     25628
    20000 |     +0.0% |       0 |       1 |             2 |     24628
[WARNING RSZ-0104] Net _42566_ only has one pin. Check if it is intended to be dangling.
[WARNING RSZ-0104] Net _42483_ only has one pin. Check if it is intended to be dangling.
[WARNING RSZ-0104] Net _42478_ only has one pin. Check if it is intended to be dangling.
[WARNING RSZ-0104] Net _42326_ only has one pin. Check if it is intended to be dangling.
[WARNING RSZ-0104] Net _42260_ only has one pin. Check if it is intended to be dangling.
[WARNING RSZ-0104] Net _42039_ only has one pin. Check if it is intended to be dangling.
[WARNING RSZ-0104] Net _41740_ only has one pin. Check if it is intended to be dangling.
[WARNING RSZ-0104] Net _41243_ only has one pin. Check if it is intended to be dangling.
[WARNING RSZ-0104] Net _41201_ only has one pin. Check if it is intended to be dangling.
[WARNING RSZ-0104] Net _40971_ only has one pin. Check if it is intended to be dangling.
[WARNING RSZ-0104] Net _40912_ only has one pin. Check if it is intended to be dangling.
[WARNING RSZ-0104] Net _40843_ only has one pin. Check if it is intended to be dangling.
[WARNING RSZ-0104] Net _40812_ only has one pin. Check if it is intended to be dangling.
[WARNING RSZ-0104] Net _40540_ only has one pin. Check if it is intended to be dangling.
[WARNING RSZ-0104] Net _40481_ only has one pin. Check if it is intended to be dangling.
[WARNING RSZ-0104] Net _40265_ only has one pin. Check if it is intended to be dangling.
[WARNING RSZ-0104] Net _39883_ only has one pin. Check if it is intended to be dangling.
[WARNING RSZ-0104] Net _39768_ only has one pin. Check if it is intended to be dangling.
    21000 |     +0.0% |       0 |       3 |             6 |     23628
    22000 |     +0.0% |       0 |       3 |             6 |     22628
    23000 |     +0.0% |       0 |       3 |             6 |     21628
    24000 |     +0.0% |       0 |       3 |             6 |     20628
[WARNING RSZ-0104] Net _42588_ only has one pin. Check if it is intended to be dangling.
[WARNING RSZ-0104] Net _42587_ only has one pin. Check if it is intended to be dangling.
[WARNING RSZ-0104] Net _42586_ only has one pin. Check if it is intended to be dangling.
[WARNING RSZ-0104] Net _42585_ only has one pin. Check if it is intended to be dangling.
[WARNING RSZ-0104] Net _42562_ only has one pin. Check if it is intended to be dangling.
[WARNING RSZ-0104] Net _42561_ only has one pin. Check if it is intended to be dangling.
[WARNING RSZ-0104] Net _42514_ only has one pin. Check if it is intended to be dangling.
[WARNING RSZ-0104] Net _42447_ only has one pin. Check if it is intended to be dangling.
[WARNING RSZ-0104] Net _42439_ only has one pin. Check if it is intended to be dangling.
[WARNING RSZ-0104] Net _42436_ only has one pin. Check if it is intended to be dangling.
[WARNING RSZ-0104] Net _42370_ only has one pin. Check if it is intended to be dangling.
[WARNING RSZ-0104] Net _42344_ only has one pin. Check if it is intended to be dangling.
[WARNING RSZ-0104] Net _42343_ only has one pin. Check if it is intended to be dangling.
[WARNING RSZ-0104] Net _42329_ only has one pin. Check if it is intended to be dangling.
[WARNING RSZ-0104] Net _42204_ only has one pin. Check if it is intended to be dangling.
[WARNING RSZ-0104] Net _42202_ only has one pin. Check if it is intended to be dangling.
[WARNING RSZ-0104] Net _42139_ only has one pin. Check if it is intended to be dangling.
[WARNING RSZ-0104] Net _42132_ only has one pin. Check if it is intended to be dangling.
[WARNING RSZ-0104] Net _41958_ only has one pin. Check if it is intended to be dangling.
[WARNING RSZ-0104] Net _41633_ only has one pin. Check if it is intended to be dangling.
[WARNING RSZ-0104] Net _41485_ only has one pin. Check if it is intended to be dangling.
[WARNING RSZ-0104] Net _41420_ only has one pin. Check if it is intended to be dangling.
[WARNING RSZ-0104] Net _41394_ only has one pin. Check if it is intended to be dangling.
[WARNING RSZ-0104] Net _41393_ only has one pin. Check if it is intended to be dangling.
[WARNING RSZ-0104] Net _41307_ only has one pin. Check if it is intended to be dangling.
[WARNING RSZ-0104] Net _41066_ only has one pin. Check if it is intended to be dangling.
[WARNING RSZ-0104] Net _40961_ only has one pin. Check if it is intended to be dangling.
[WARNING RSZ-0104] Net _40950_ only has one pin. Check if it is intended to be dangling.
    25000 |     +0.0% |       0 |       7 |            18 |     19628
[WARNING RSZ-0104] Net _40924_ only has one pin. Check if it is intended to be dangling.
[WARNING RSZ-0104] Net _40775_ only has one pin. Check if it is intended to be dangling.
[WARNING RSZ-0104] Net _40610_ only has one pin. Check if it is intended to be dangling.
[WARNING RSZ-0104] Net _40478_ only has one pin. Check if it is intended to be dangling.
[WARNING RSZ-0104] Net _40407_ only has one pin. Check if it is intended to be dangling.
[WARNING RSZ-0104] Net _40105_ only has one pin. Check if it is intended to be dangling.
[WARNING RSZ-0104] Net _40019_ only has one pin. Check if it is intended to be dangling.
[WARNING RSZ-0104] Net _39928_ only has one pin. Check if it is intended to be dangling.
[WARNING RSZ-0104] Net _39808_ only has one pin. Check if it is intended to be dangling.
[WARNING RSZ-0104] Net _39648_ only has one pin. Check if it is intended to be dangling.
    26000 |     +0.0% |       0 |       7 |            18 |     18628
    27000 |     +0.0% |       0 |       7 |            18 |     17628
    28000 |     +0.0% |       0 |       8 |            19 |     16628
[WARNING RSZ-0104] Net _42589_ only has one pin. Check if it is intended to be dangling.
[WARNING RSZ-0104] Net _42584_ only has one pin. Check if it is intended to be dangling.
[WARNING RSZ-0104] Net _42523_ only has one pin. Check if it is intended to be dangling.
[WARNING RSZ-0104] Net _42198_ only has one pin. Check if it is intended to be dangling.
[WARNING RSZ-0104] Net _41842_ only has one pin. Check if it is intended to be dangling.
[WARNING RSZ-0104] Net _41746_ only has one pin. Check if it is intended to be dangling.
[WARNING RSZ-0104] Net _40780_ only has one pin. Check if it is intended to be dangling.
[WARNING RSZ-0104] Net _40417_ only has one pin. Check if it is intended to be dangling.
[WARNING RSZ-0104] Net _40376_ only has one pin. Check if it is intended to be dangling.
[WARNING RSZ-0104] Net _40191_ only has one pin. Check if it is intended to be dangling.
    29000 |     +0.0% |       0 |       8 |            23 |     15628
    30000 |     +0.0% |       0 |       8 |            23 |     14628
    31000 |     +0.0% |       0 |       8 |            23 |     13628
    32000 |     +0.0% |       0 |      10 |            28 |     12628
    33000 |     +0.0% |       0 |      10 |            29 |     11628
    34000 |     +0.0% |       0 |      10 |            31 |     10628
    35000 |     +0.0% |       0 |      10 |            32 |      9628
    36000 |     +0.0% |       0 |      10 |            32 |      8628
    37000 |     +0.0% |       0 |      10 |            33 |      7628
    38000 |     +0.0% |       0 |      10 |            35 |      6628
[WARNING RSZ-0104] Net _24019_ only has one pin. Check if it is intended to be dangling.
[WARNING RSZ-0104] Net _24018_ only has one pin. Check if it is intended to be dangling.
[WARNING RSZ-0104] Net _24017_ only has one pin. Check if it is intended to be dangling.
[WARNING RSZ-0104] Net _24016_ only has one pin. Check if it is intended to be dangling.
[WARNING RSZ-0104] Net _24015_ only has one pin. Check if it is intended to be dangling.
[WARNING RSZ-0104] Net _24014_ only has one pin. Check if it is intended to be dangling.
[WARNING RSZ-0104] Net _24013_ only has one pin. Check if it is intended to be dangling.
[WARNING RSZ-0104] Net _25998_ only has one pin. Check if it is intended to be dangling.
[WARNING RSZ-0104] Net _24040_ only has one pin. Check if it is intended to be dangling.
[WARNING RSZ-0104] Net _24012_ only has one pin. Check if it is intended to be dangling.
[WARNING RSZ-0104] Net _24039_ only has one pin. Check if it is intended to be dangling.
[WARNING RSZ-0104] Net _24038_ only has one pin. Check if it is intended to be dangling.
[WARNING RSZ-0104] Net _24037_ only has one pin. Check if it is intended to be dangling.
[WARNING RSZ-0104] Net _24036_ only has one pin. Check if it is intended to be dangling.
[WARNING RSZ-0104] Net _24035_ only has one pin. Check if it is intended to be dangling.
[WARNING RSZ-0104] Net _24034_ only has one pin. Check if it is intended to be dangling.
[WARNING RSZ-0104] Net _24033_ only has one pin. Check if it is intended to be dangling.
[WARNING RSZ-0104] Net _24032_ only has one pin. Check if it is intended to be dangling.
[WARNING RSZ-0104] Net _24031_ only has one pin. Check if it is intended to be dangling.
[WARNING RSZ-0104] Net _24030_ only has one pin. Check if it is intended to be dangling.
[WARNING RSZ-0104] Net _24011_ only has one pin. Check if it is intended to be dangling.
[WARNING RSZ-0104] Net _24029_ only has one pin. Check if it is intended to be dangling.
[WARNING RSZ-0104] Net _24028_ only has one pin. Check if it is intended to be dangling.
[WARNING RSZ-0104] Net _24027_ only has one pin. Check if it is intended to be dangling.
[WARNING RSZ-0104] Net _24026_ only has one pin. Check if it is intended to be dangling.
[WARNING RSZ-0104] Net _24025_ only has one pin. Check if it is intended to be dangling.
[WARNING RSZ-0104] Net _24024_ only has one pin. Check if it is intended to be dangling.
[WARNING RSZ-0104] Net _24023_ only has one pin. Check if it is intended to be dangling.
[WARNING RSZ-0104] Net _24022_ only has one pin. Check if it is intended to be dangling.
[WARNING RSZ-0104] Net _24021_ only has one pin. Check if it is intended to be dangling.
[WARNING RSZ-0104] Net _24020_ only has one pin. Check if it is intended to be dangling.
[WARNING RSZ-0104] Net _24049_ only has one pin. Check if it is intended to be dangling.
[WARNING RSZ-0104] Net _24048_ only has one pin. Check if it is intended to be dangling.
[WARNING RSZ-0104] Net _24047_ only has one pin. Check if it is intended to be dangling.
[WARNING RSZ-0104] Net _24046_ only has one pin. Check if it is intended to be dangling.
[WARNING RSZ-0104] Net _24045_ only has one pin. Check if it is intended to be dangling.
[WARNING RSZ-0104] Net _24044_ only has one pin. Check if it is intended to be dangling.
[WARNING RSZ-0104] Net _24043_ only has one pin. Check if it is intended to be dangling.
[WARNING RSZ-0104] Net _23772_ only has one pin. Check if it is intended to be dangling.
[WARNING RSZ-0104] Net _24070_ only has one pin. Check if it is intended to be dangling.
[WARNING RSZ-0104] Net _24042_ only has one pin. Check if it is intended to be dangling.
[WARNING RSZ-0104] Net _24069_ only has one pin. Check if it is intended to be dangling.
[WARNING RSZ-0104] Net _24068_ only has one pin. Check if it is intended to be dangling.
[WARNING RSZ-0104] Net _24067_ only has one pin. Check if it is intended to be dangling.
[WARNING RSZ-0104] Net _24066_ only has one pin. Check if it is intended to be dangling.
[WARNING RSZ-0104] Net _24065_ only has one pin. Check if it is intended to be dangling.
[WARNING RSZ-0104] Net _24064_ only has one pin. Check if it is intended to be dangling.
[WARNING RSZ-0104] Net _24063_ only has one pin. Check if it is intended to be dangling.
[WARNING RSZ-0104] Net _24062_ only has one pin. Check if it is intended to be dangling.
[WARNING RSZ-0104] Net _24061_ only has one pin. Check if it is intended to be dangling.
[WARNING RSZ-0104] Net _24060_ only has one pin. Check if it is intended to be dangling.
[WARNING RSZ-0104] Net _24041_ only has one pin. Check if it is intended to be dangling.
[WARNING RSZ-0104] Net _24059_ only has one pin. Check if it is intended to be dangling.
[WARNING RSZ-0104] Net _24058_ only has one pin. Check if it is intended to be dangling.
[WARNING RSZ-0104] Net _24057_ only has one pin. Check if it is intended to be dangling.
[WARNING RSZ-0104] Net _24056_ only has one pin. Check if it is intended to be dangling.
[WARNING RSZ-0104] Net _24055_ only has one pin. Check if it is intended to be dangling.
[WARNING RSZ-0104] Net _24054_ only has one pin. Check if it is intended to be dangling.
[WARNING RSZ-0104] Net _24053_ only has one pin. Check if it is intended to be dangling.
[WARNING RSZ-0104] Net _24052_ only has one pin. Check if it is intended to be dangling.
[WARNING RSZ-0104] Net _24051_ only has one pin. Check if it is intended to be dangling.
[WARNING RSZ-0104] Net _24050_ only has one pin. Check if it is intended to be dangling.
[WARNING RSZ-0104] Net _24079_ only has one pin. Check if it is intended to be dangling.
[WARNING RSZ-0104] Net _24078_ only has one pin. Check if it is intended to be dangling.
[WARNING RSZ-0104] Net _24077_ only has one pin. Check if it is intended to be dangling.
[WARNING RSZ-0104] Net _24076_ only has one pin. Check if it is intended to be dangling.
[WARNING RSZ-0104] Net _24075_ only has one pin. Check if it is intended to be dangling.
[WARNING RSZ-0104] Net _24074_ only has one pin. Check if it is intended to be dangling.
[WARNING RSZ-0104] Net _24073_ only has one pin. Check if it is intended to be dangling.
[WARNING RSZ-0104] Net _23773_ only has one pin. Check if it is intended to be dangling.
[WARNING RSZ-0104] Net _24100_ only has one pin. Check if it is intended to be dangling.
[WARNING RSZ-0104] Net _24072_ only has one pin. Check if it is intended to be dangling.
[WARNING RSZ-0104] Net _24099_ only has one pin. Check if it is intended to be dangling.
[WARNING RSZ-0104] Net _24098_ only has one pin. Check if it is intended to be dangling.
[WARNING RSZ-0104] Net _24097_ only has one pin. Check if it is intended to be dangling.
[WARNING RSZ-0104] Net _24096_ only has one pin. Check if it is intended to be dangling.
[WARNING RSZ-0104] Net _24095_ only has one pin. Check if it is intended to be dangling.
[WARNING RSZ-0104] Net _24094_ only has one pin. Check if it is intended to be dangling.
[WARNING RSZ-0104] Net _24093_ only has one pin. Check if it is intended to be dangling.
[WARNING RSZ-0104] Net _24092_ only has one pin. Check if it is intended to be dangling.
[WARNING RSZ-0104] Net _24091_ only has one pin. Check if it is intended to be dangling.
[WARNING RSZ-0104] Net _24090_ only has one pin. Check if it is intended to be dangling.
[WARNING RSZ-0104] Net _24071_ only has one pin. Check if it is intended to be dangling.
[WARNING RSZ-0104] Net _24089_ only has one pin. Check if it is intended to be dangling.
[WARNING RSZ-0104] Net _24088_ only has one pin. Check if it is intended to be dangling.
[WARNING RSZ-0104] Net _24087_ only has one pin. Check if it is intended to be dangling.
[WARNING RSZ-0104] Net _24086_ only has one pin. Check if it is intended to be dangling.
[WARNING RSZ-0104] Net _24085_ only has one pin. Check if it is intended to be dangling.
[WARNING RSZ-0104] Net _24084_ only has one pin. Check if it is intended to be dangling.
[WARNING RSZ-0104] Net _24083_ only has one pin. Check if it is intended to be dangling.
[WARNING RSZ-0104] Net _24082_ only has one pin. Check if it is intended to be dangling.
[WARNING RSZ-0104] Net _24081_ only has one pin. Check if it is intended to be dangling.
[WARNING RSZ-0104] Net _24080_ only has one pin. Check if it is intended to be dangling.
[WARNING RSZ-0104] Net _24109_ only has one pin. Check if it is intended to be dangling.
[WARNING RSZ-0104] Net _24108_ only has one pin. Check if it is intended to be dangling.
[WARNING RSZ-0104] Net _24107_ only has one pin. Check if it is intended to be dangling.
[WARNING RSZ-0104] Net _24106_ only has one pin. Check if it is intended to be dangling.
[WARNING RSZ-0104] Net _24105_ only has one pin. Check if it is intended to be dangling.
[WARNING RSZ-0104] Net _24104_ only has one pin. Check if it is intended to be dangling.
[WARNING RSZ-0104] Net _24103_ only has one pin. Check if it is intended to be dangling.
[WARNING RSZ-0104] Net _23774_ only has one pin. Check if it is intended to be dangling.
[WARNING RSZ-0104] Net _24130_ only has one pin. Check if it is intended to be dangling.
[WARNING RSZ-0104] Net _24102_ only has one pin. Check if it is intended to be dangling.
[WARNING RSZ-0104] Net _24129_ only has one pin. Check if it is intended to be dangling.
[WARNING RSZ-0104] Net _24128_ only has one pin. Check if it is intended to be dangling.
[WARNING RSZ-0104] Net _24127_ only has one pin. Check if it is intended to be dangling.
[WARNING RSZ-0104] Net _24126_ only has one pin. Check if it is intended to be dangling.
[WARNING RSZ-0104] Net _24125_ only has one pin. Check if it is intended to be dangling.
[WARNING RSZ-0104] Net _24124_ only has one pin. Check if it is intended to be dangling.
[WARNING RSZ-0104] Net _24123_ only has one pin. Check if it is intended to be dangling.
[WARNING RSZ-0104] Net _24122_ only has one pin. Check if it is intended to be dangling.
[WARNING RSZ-0104] Net _24121_ only has one pin. Check if it is intended to be dangling.
[WARNING RSZ-0104] Net _24120_ only has one pin. Check if it is intended to be dangling.
    39000 |     +0.0% |       0 |      10 |            35 |      5628
[WARNING RSZ-0104] Net _24101_ only has one pin. Check if it is intended to be dangling.
[WARNING RSZ-0104] Net _24119_ only has one pin. Check if it is intended to be dangling.
[WARNING RSZ-0104] Net _24118_ only has one pin. Check if it is intended to be dangling.
[WARNING RSZ-0104] Net _24117_ only has one pin. Check if it is intended to be dangling.
[WARNING RSZ-0104] Net _24116_ only has one pin. Check if it is intended to be dangling.
[WARNING RSZ-0104] Net _24115_ only has one pin. Check if it is intended to be dangling.
[WARNING RSZ-0104] Net _24114_ only has one pin. Check if it is intended to be dangling.
[WARNING RSZ-0104] Net _24113_ only has one pin. Check if it is intended to be dangling.
[WARNING RSZ-0104] Net _24112_ only has one pin. Check if it is intended to be dangling.
[WARNING RSZ-0104] Net _24111_ only has one pin. Check if it is intended to be dangling.
[WARNING RSZ-0104] Net _24110_ only has one pin. Check if it is intended to be dangling.
[WARNING RSZ-0104] Net _24139_ only has one pin. Check if it is intended to be dangling.
[WARNING RSZ-0104] Net _24138_ only has one pin. Check if it is intended to be dangling.
[WARNING RSZ-0104] Net _24137_ only has one pin. Check if it is intended to be dangling.
[WARNING RSZ-0104] Net _24136_ only has one pin. Check if it is intended to be dangling.
[WARNING RSZ-0104] Net _24135_ only has one pin. Check if it is intended to be dangling.
[WARNING RSZ-0104] Net _24134_ only has one pin. Check if it is intended to be dangling.
[WARNING RSZ-0104] Net _24133_ only has one pin. Check if it is intended to be dangling.
[WARNING RSZ-0104] Net _23775_ only has one pin. Check if it is intended to be dangling.
[WARNING RSZ-0104] Net _24160_ only has one pin. Check if it is intended to be dangling.
[WARNING RSZ-0104] Net _24132_ only has one pin. Check if it is intended to be dangling.
[WARNING RSZ-0104] Net _24159_ only has one pin. Check if it is intended to be dangling.
[WARNING RSZ-0104] Net _24158_ only has one pin. Check if it is intended to be dangling.
[WARNING RSZ-0104] Net _24157_ only has one pin. Check if it is intended to be dangling.
[WARNING RSZ-0104] Net _24156_ only has one pin. Check if it is intended to be dangling.
[WARNING RSZ-0104] Net _24155_ only has one pin. Check if it is intended to be dangling.
[WARNING RSZ-0104] Net _24154_ only has one pin. Check if it is intended to be dangling.
[WARNING RSZ-0104] Net _24153_ only has one pin. Check if it is intended to be dangling.
[WARNING RSZ-0104] Net _24152_ only has one pin. Check if it is intended to be dangling.
[WARNING RSZ-0104] Net _24151_ only has one pin. Check if it is intended to be dangling.
[WARNING RSZ-0104] Net _24150_ only has one pin. Check if it is intended to be dangling.
[WARNING RSZ-0104] Net _24131_ only has one pin. Check if it is intended to be dangling.
[WARNING RSZ-0104] Net _24149_ only has one pin. Check if it is intended to be dangling.
[WARNING RSZ-0104] Net _24148_ only has one pin. Check if it is intended to be dangling.
[WARNING RSZ-0104] Net _24147_ only has one pin. Check if it is intended to be dangling.
[WARNING RSZ-0104] Net _24146_ only has one pin. Check if it is intended to be dangling.
[WARNING RSZ-0104] Net _24145_ only has one pin. Check if it is intended to be dangling.
[WARNING RSZ-0104] Net _24144_ only has one pin. Check if it is intended to be dangling.
[WARNING RSZ-0104] Net _24143_ only has one pin. Check if it is intended to be dangling.
[WARNING RSZ-0104] Net _24142_ only has one pin. Check if it is intended to be dangling.
[WARNING RSZ-0104] Net _24141_ only has one pin. Check if it is intended to be dangling.
[WARNING RSZ-0104] Net _24140_ only has one pin. Check if it is intended to be dangling.
[WARNING RSZ-0104] Net _24170_ only has one pin. Check if it is intended to be dangling.
[WARNING RSZ-0104] Net _24169_ only has one pin. Check if it is intended to be dangling.
[WARNING RSZ-0104] Net _24168_ only has one pin. Check if it is intended to be dangling.
[WARNING RSZ-0104] Net _24167_ only has one pin. Check if it is intended to be dangling.
[WARNING RSZ-0104] Net _24166_ only has one pin. Check if it is intended to be dangling.
[WARNING RSZ-0104] Net _24165_ only has one pin. Check if it is intended to be dangling.
[WARNING RSZ-0104] Net _24164_ only has one pin. Check if it is intended to be dangling.
[WARNING RSZ-0104] Net _23776_ only has one pin. Check if it is intended to be dangling.
[WARNING RSZ-0104] Net _24191_ only has one pin. Check if it is intended to be dangling.
[WARNING RSZ-0104] Net _24163_ only has one pin. Check if it is intended to be dangling.
[WARNING RSZ-0104] Net _24190_ only has one pin. Check if it is intended to be dangling.
[WARNING RSZ-0104] Net _24189_ only has one pin. Check if it is intended to be dangling.
[WARNING RSZ-0104] Net _24188_ only has one pin. Check if it is intended to be dangling.
[WARNING RSZ-0104] Net _24187_ only has one pin. Check if it is intended to be dangling.
[WARNING RSZ-0104] Net _24186_ only has one pin. Check if it is intended to be dangling.
[WARNING RSZ-0104] Net _24185_ only has one pin. Check if it is intended to be dangling.
[WARNING RSZ-0104] Net _24184_ only has one pin. Check if it is intended to be dangling.
[WARNING RSZ-0104] Net _24183_ only has one pin. Check if it is intended to be dangling.
[WARNING RSZ-0104] Net _24182_ only has one pin. Check if it is intended to be dangling.
[WARNING RSZ-0104] Net _24181_ only has one pin. Check if it is intended to be dangling.
[WARNING RSZ-0104] Net _24162_ only has one pin. Check if it is intended to be dangling.
[WARNING RSZ-0104] Net _24180_ only has one pin. Check if it is intended to be dangling.
[WARNING RSZ-0104] Net _24179_ only has one pin. Check if it is intended to be dangling.
[WARNING RSZ-0104] Net _24178_ only has one pin. Check if it is intended to be dangling.
[WARNING RSZ-0104] Net _24177_ only has one pin. Check if it is intended to be dangling.
[WARNING RSZ-0104] Net _24176_ only has one pin. Check if it is intended to be dangling.
[WARNING RSZ-0104] Net _24175_ only has one pin. Check if it is intended to be dangling.
[WARNING RSZ-0104] Net _24174_ only has one pin. Check if it is intended to be dangling.
[WARNING RSZ-0104] Net _24173_ only has one pin. Check if it is intended to be dangling.
[WARNING RSZ-0104] Net _24172_ only has one pin. Check if it is intended to be dangling.
[WARNING RSZ-0104] Net _24171_ only has one pin. Check if it is intended to be dangling.
[WARNING RSZ-0104] Net _24161_ only has one pin. Check if it is intended to be dangling.
[WARNING RSZ-0104] Net _24201_ only has one pin. Check if it is intended to be dangling.
[WARNING RSZ-0104] Net _24200_ only has one pin. Check if it is intended to be dangling.
[WARNING RSZ-0104] Net _24199_ only has one pin. Check if it is intended to be dangling.
[WARNING RSZ-0104] Net _24198_ only has one pin. Check if it is intended to be dangling.
[WARNING RSZ-0104] Net _24197_ only has one pin. Check if it is intended to be dangling.
[WARNING RSZ-0104] Net _24196_ only has one pin. Check if it is intended to be dangling.
[WARNING RSZ-0104] Net _24195_ only has one pin. Check if it is intended to be dangling.
[WARNING RSZ-0104] Net _23777_ only has one pin. Check if it is intended to be dangling.
[WARNING RSZ-0104] Net _24222_ only has one pin. Check if it is intended to be dangling.
[WARNING RSZ-0104] Net _24194_ only has one pin. Check if it is intended to be dangling.
[WARNING RSZ-0104] Net _24221_ only has one pin. Check if it is intended to be dangling.
[WARNING RSZ-0104] Net _24220_ only has one pin. Check if it is intended to be dangling.
[WARNING RSZ-0104] Net _24219_ only has one pin. Check if it is intended to be dangling.
[WARNING RSZ-0104] Net _24218_ only has one pin. Check if it is intended to be dangling.
[WARNING RSZ-0104] Net _24217_ only has one pin. Check if it is intended to be dangling.
[WARNING RSZ-0104] Net _24216_ only has one pin. Check if it is intended to be dangling.
[WARNING RSZ-0104] Net _24215_ only has one pin. Check if it is intended to be dangling.
[WARNING RSZ-0104] Net _24214_ only has one pin. Check if it is intended to be dangling.
[WARNING RSZ-0104] Net _24213_ only has one pin. Check if it is intended to be dangling.
[WARNING RSZ-0104] Net _24212_ only has one pin. Check if it is intended to be dangling.
[WARNING RSZ-0104] Net _24193_ only has one pin. Check if it is intended to be dangling.
[WARNING RSZ-0104] Net _24211_ only has one pin. Check if it is intended to be dangling.
[WARNING RSZ-0104] Net _24210_ only has one pin. Check if it is intended to be dangling.
[WARNING RSZ-0104] Net _24209_ only has one pin. Check if it is intended to be dangling.
[WARNING RSZ-0104] Net _24208_ only has one pin. Check if it is intended to be dangling.
[WARNING RSZ-0104] Net _24207_ only has one pin. Check if it is intended to be dangling.
[WARNING RSZ-0104] Net _24206_ only has one pin. Check if it is intended to be dangling.
[WARNING RSZ-0104] Net _24205_ only has one pin. Check if it is intended to be dangling.
[WARNING RSZ-0104] Net _24204_ only has one pin. Check if it is intended to be dangling.
[WARNING RSZ-0104] Net _24203_ only has one pin. Check if it is intended to be dangling.
[WARNING RSZ-0104] Net _24202_ only has one pin. Check if it is intended to be dangling.
[WARNING RSZ-0104] Net _24192_ only has one pin. Check if it is intended to be dangling.
[WARNING RSZ-0104] Net _24232_ only has one pin. Check if it is intended to be dangling.
[WARNING RSZ-0104] Net _24231_ only has one pin. Check if it is intended to be dangling.
[WARNING RSZ-0104] Net _24230_ only has one pin. Check if it is intended to be dangling.
[WARNING RSZ-0104] Net _24229_ only has one pin. Check if it is intended to be dangling.
[WARNING RSZ-0104] Net _24228_ only has one pin. Check if it is intended to be dangling.
[WARNING RSZ-0104] Net _24227_ only has one pin. Check if it is intended to be dangling.
[WARNING RSZ-0104] Net _24226_ only has one pin. Check if it is intended to be dangling.
[WARNING RSZ-0104] Net _23778_ only has one pin. Check if it is intended to be dangling.
[WARNING RSZ-0104] Net _24253_ only has one pin. Check if it is intended to be dangling.
[WARNING RSZ-0104] Net _24225_ only has one pin. Check if it is intended to be dangling.
[WARNING RSZ-0104] Net _24252_ only has one pin. Check if it is intended to be dangling.
[WARNING RSZ-0104] Net _24251_ only has one pin. Check if it is intended to be dangling.
[WARNING RSZ-0104] Net _24250_ only has one pin. Check if it is intended to be dangling.
[WARNING RSZ-0104] Net _24249_ only has one pin. Check if it is intended to be dangling.
[WARNING RSZ-0104] Net _24248_ only has one pin. Check if it is intended to be dangling.
[WARNING RSZ-0104] Net _24247_ only has one pin. Check if it is intended to be dangling.
[WARNING RSZ-0104] Net _24246_ only has one pin. Check if it is intended to be dangling.
[WARNING RSZ-0104] Net _24245_ only has one pin. Check if it is intended to be dangling.
[WARNING RSZ-0104] Net _24244_ only has one pin. Check if it is intended to be dangling.
[WARNING RSZ-0104] Net _24243_ only has one pin. Check if it is intended to be dangling.
[WARNING RSZ-0104] Net _24224_ only has one pin. Check if it is intended to be dangling.
[WARNING RSZ-0104] Net _24242_ only has one pin. Check if it is intended to be dangling.
[WARNING RSZ-0104] Net _24241_ only has one pin. Check if it is intended to be dangling.
[WARNING RSZ-0104] Net _24240_ only has one pin. Check if it is intended to be dangling.
[WARNING RSZ-0104] Net _24239_ only has one pin. Check if it is intended to be dangling.
[WARNING RSZ-0104] Net _24238_ only has one pin. Check if it is intended to be dangling.
[WARNING RSZ-0104] Net _24237_ only has one pin. Check if it is intended to be dangling.
[WARNING RSZ-0104] Net _24236_ only has one pin. Check if it is intended to be dangling.
[WARNING RSZ-0104] Net _24235_ only has one pin. Check if it is intended to be dangling.
[WARNING RSZ-0104] Net _24234_ only has one pin. Check if it is intended to be dangling.
[WARNING RSZ-0104] Net _24233_ only has one pin. Check if it is intended to be dangling.
[WARNING RSZ-0104] Net _24223_ only has one pin. Check if it is intended to be dangling.
[WARNING RSZ-0104] Net _24263_ only has one pin. Check if it is intended to be dangling.
[WARNING RSZ-0104] Net _24262_ only has one pin. Check if it is intended to be dangling.
[WARNING RSZ-0104] Net _24261_ only has one pin. Check if it is intended to be dangling.
[WARNING RSZ-0104] Net _24260_ only has one pin. Check if it is intended to be dangling.
[WARNING RSZ-0104] Net _24259_ only has one pin. Check if it is intended to be dangling.
[WARNING RSZ-0104] Net _24258_ only has one pin. Check if it is intended to be dangling.
[WARNING RSZ-0104] Net _24257_ only has one pin. Check if it is intended to be dangling.
[WARNING RSZ-0104] Net _23779_ only has one pin. Check if it is intended to be dangling.
[WARNING RSZ-0104] Net _24284_ only has one pin. Check if it is intended to be dangling.
[WARNING RSZ-0104] Net _24256_ only has one pin. Check if it is intended to be dangling.
[WARNING RSZ-0104] Net _24283_ only has one pin. Check if it is intended to be dangling.
[WARNING RSZ-0104] Net _24282_ only has one pin. Check if it is intended to be dangling.
[WARNING RSZ-0104] Net _24281_ only has one pin. Check if it is intended to be dangling.
[WARNING RSZ-0104] Net _24280_ only has one pin. Check if it is intended to be dangling.
[WARNING RSZ-0104] Net _24279_ only has one pin. Check if it is intended to be dangling.
[WARNING RSZ-0104] Net _24278_ only has one pin. Check if it is intended to be dangling.
[WARNING RSZ-0104] Net _24277_ only has one pin. Check if it is intended to be dangling.
[WARNING RSZ-0104] Net _24276_ only has one pin. Check if it is intended to be dangling.
[WARNING RSZ-0104] Net _24275_ only has one pin. Check if it is intended to be dangling.
[WARNING RSZ-0104] Net _24274_ only has one pin. Check if it is intended to be dangling.
[WARNING RSZ-0104] Net _24255_ only has one pin. Check if it is intended to be dangling.
[WARNING RSZ-0104] Net _24273_ only has one pin. Check if it is intended to be dangling.
[WARNING RSZ-0104] Net _24272_ only has one pin. Check if it is intended to be dangling.
[WARNING RSZ-0104] Net _24271_ only has one pin. Check if it is intended to be dangling.
[WARNING RSZ-0104] Net _24270_ only has one pin. Check if it is intended to be dangling.
[WARNING RSZ-0104] Net _24269_ only has one pin. Check if it is intended to be dangling.
[WARNING RSZ-0104] Net _24268_ only has one pin. Check if it is intended to be dangling.
[WARNING RSZ-0104] Net _24267_ only has one pin. Check if it is intended to be dangling.
[WARNING RSZ-0104] Net _24266_ only has one pin. Check if it is intended to be dangling.
[WARNING RSZ-0104] Net _24265_ only has one pin. Check if it is intended to be dangling.
[WARNING RSZ-0104] Net _24264_ only has one pin. Check if it is intended to be dangling.
[WARNING RSZ-0104] Net _24254_ only has one pin. Check if it is intended to be dangling.
[WARNING RSZ-0104] Net _24294_ only has one pin. Check if it is intended to be dangling.
[WARNING RSZ-0104] Net _24293_ only has one pin. Check if it is intended to be dangling.
[WARNING RSZ-0104] Net _24292_ only has one pin. Check if it is intended to be dangling.
[WARNING RSZ-0104] Net _24291_ only has one pin. Check if it is intended to be dangling.
[WARNING RSZ-0104] Net _24290_ only has one pin. Check if it is intended to be dangling.
[WARNING RSZ-0104] Net _24289_ only has one pin. Check if it is intended to be dangling.
[WARNING RSZ-0104] Net _24288_ only has one pin. Check if it is intended to be dangling.
[WARNING RSZ-0104] Net _23780_ only has one pin. Check if it is intended to be dangling.
[WARNING RSZ-0104] Net _24315_ only has one pin. Check if it is intended to be dangling.
[WARNING RSZ-0104] Net _24287_ only has one pin. Check if it is intended to be dangling.
[WARNING RSZ-0104] Net _24314_ only has one pin. Check if it is intended to be dangling.
[WARNING RSZ-0104] Net _24313_ only has one pin. Check if it is intended to be dangling.
[WARNING RSZ-0104] Net _24312_ only has one pin. Check if it is intended to be dangling.
[WARNING RSZ-0104] Net _24311_ only has one pin. Check if it is intended to be dangling.
[WARNING RSZ-0104] Net _24310_ only has one pin. Check if it is intended to be dangling.
[WARNING RSZ-0104] Net _24309_ only has one pin. Check if it is intended to be dangling.
[WARNING RSZ-0104] Net _24308_ only has one pin. Check if it is intended to be dangling.
[WARNING RSZ-0104] Net _24307_ only has one pin. Check if it is intended to be dangling.
[WARNING RSZ-0104] Net _24306_ only has one pin. Check if it is intended to be dangling.
[WARNING RSZ-0104] Net _24305_ only has one pin. Check if it is intended to be dangling.
[WARNING RSZ-0104] Net _24286_ only has one pin. Check if it is intended to be dangling.
[WARNING RSZ-0104] Net _24304_ only has one pin. Check if it is intended to be dangling.
[WARNING RSZ-0104] Net _24303_ only has one pin. Check if it is intended to be dangling.
[WARNING RSZ-0104] Net _24302_ only has one pin. Check if it is intended to be dangling.
[WARNING RSZ-0104] Net _24301_ only has one pin. Check if it is intended to be dangling.
[WARNING RSZ-0104] Net _24300_ only has one pin. Check if it is intended to be dangling.
[WARNING RSZ-0104] Net _24299_ only has one pin. Check if it is intended to be dangling.
[WARNING RSZ-0104] Net _24298_ only has one pin. Check if it is intended to be dangling.
[WARNING RSZ-0104] Net _24297_ only has one pin. Check if it is intended to be dangling.
[WARNING RSZ-0104] Net _24296_ only has one pin. Check if it is intended to be dangling.
[WARNING RSZ-0104] Net _24295_ only has one pin. Check if it is intended to be dangling.
[WARNING RSZ-0104] Net _24285_ only has one pin. Check if it is intended to be dangling.
[WARNING RSZ-0104] Net _24322_ only has one pin. Check if it is intended to be dangling.
[WARNING RSZ-0104] Net _24321_ only has one pin. Check if it is intended to be dangling.
[WARNING RSZ-0104] Net _24320_ only has one pin. Check if it is intended to be dangling.
[WARNING RSZ-0104] Net _24319_ only has one pin. Check if it is intended to be dangling.
[WARNING RSZ-0104] Net _24318_ only has one pin. Check if it is intended to be dangling.
[WARNING RSZ-0104] Net _24317_ only has one pin. Check if it is intended to be dangling.
[WARNING RSZ-0104] Net _24316_ only has one pin. Check if it is intended to be dangling.
[WARNING RSZ-0104] Net _23781_ only has one pin. Check if it is intended to be dangling.
[WARNING RSZ-0104] Net _24343_ only has one pin. Check if it is intended to be dangling.
[WARNING RSZ-0104] Net _24342_ only has one pin. Check if it is intended to be dangling.
[WARNING RSZ-0104] Net _24341_ only has one pin. Check if it is intended to be dangling.
[WARNING RSZ-0104] Net _24340_ only has one pin. Check if it is intended to be dangling.
[WARNING RSZ-0104] Net _24339_ only has one pin. Check if it is intended to be dangling.
[WARNING RSZ-0104] Net _24338_ only has one pin. Check if it is intended to be dangling.
[WARNING RSZ-0104] Net _24337_ only has one pin. Check if it is intended to be dangling.
[WARNING RSZ-0104] Net _24336_ only has one pin. Check if it is intended to be dangling.
[WARNING RSZ-0104] Net _24335_ only has one pin. Check if it is intended to be dangling.
[WARNING RSZ-0104] Net _24334_ only has one pin. Check if it is intended to be dangling.
[WARNING RSZ-0104] Net _24333_ only has one pin. Check if it is intended to be dangling.
[WARNING RSZ-0104] Net _24332_ only has one pin. Check if it is intended to be dangling.
[WARNING RSZ-0104] Net _24331_ only has one pin. Check if it is intended to be dangling.
[WARNING RSZ-0104] Net _24330_ only has one pin. Check if it is intended to be dangling.
[WARNING RSZ-0104] Net _24329_ only has one pin. Check if it is intended to be dangling.
[WARNING RSZ-0104] Net _24328_ only has one pin. Check if it is intended to be dangling.
[WARNING RSZ-0104] Net _24327_ only has one pin. Check if it is intended to be dangling.
[WARNING RSZ-0104] Net _24326_ only has one pin. Check if it is intended to be dangling.
[WARNING RSZ-0104] Net _24325_ only has one pin. Check if it is intended to be dangling.
[WARNING RSZ-0104] Net _24324_ only has one pin. Check if it is intended to be dangling.
[WARNING RSZ-0104] Net _24323_ only has one pin. Check if it is intended to be dangling.
[WARNING RSZ-0104] Net _24350_ only has one pin. Check if it is intended to be dangling.
[WARNING RSZ-0104] Net _24349_ only has one pin. Check if it is intended to be dangling.
[WARNING RSZ-0104] Net _24348_ only has one pin. Check if it is intended to be dangling.
[WARNING RSZ-0104] Net _24347_ only has one pin. Check if it is intended to be dangling.
[WARNING RSZ-0104] Net _24346_ only has one pin. Check if it is intended to be dangling.
[WARNING RSZ-0104] Net _24345_ only has one pin. Check if it is intended to be dangling.
[WARNING RSZ-0104] Net _24344_ only has one pin. Check if it is intended to be dangling.
[WARNING RSZ-0104] Net _23782_ only has one pin. Check if it is intended to be dangling.
[WARNING RSZ-0104] Net _24371_ only has one pin. Check if it is intended to be dangling.
[WARNING RSZ-0104] Net _24370_ only has one pin. Check if it is intended to be dangling.
[WARNING RSZ-0104] Net _24369_ only has one pin. Check if it is intended to be dangling.
[WARNING RSZ-0104] Net _24368_ only has one pin. Check if it is intended to be dangling.
[WARNING RSZ-0104] Net _24367_ only has one pin. Check if it is intended to be dangling.
[WARNING RSZ-0104] Net _24366_ only has one pin. Check if it is intended to be dangling.
[WARNING RSZ-0104] Net _24365_ only has one pin. Check if it is intended to be dangling.
[WARNING RSZ-0104] Net _24364_ only has one pin. Check if it is intended to be dangling.
[WARNING RSZ-0104] Net _24363_ only has one pin. Check if it is intended to be dangling.
[WARNING RSZ-0104] Net _24362_ only has one pin. Check if it is intended to be dangling.
[WARNING RSZ-0104] Net _24361_ only has one pin. Check if it is intended to be dangling.
[WARNING RSZ-0104] Net _24360_ only has one pin. Check if it is intended to be dangling.
[WARNING RSZ-0104] Net _24359_ only has one pin. Check if it is intended to be dangling.
[WARNING RSZ-0104] Net _24358_ only has one pin. Check if it is intended to be dangling.
[WARNING RSZ-0104] Net _24357_ only has one pin. Check if it is intended to be dangling.
[WARNING RSZ-0104] Net _24356_ only has one pin. Check if it is intended to be dangling.
[WARNING RSZ-0104] Net _24355_ only has one pin. Check if it is intended to be dangling.
[WARNING RSZ-0104] Net _24354_ only has one pin. Check if it is intended to be dangling.
[WARNING RSZ-0104] Net _24353_ only has one pin. Check if it is intended to be dangling.
[WARNING RSZ-0104] Net _24352_ only has one pin. Check if it is intended to be dangling.
[WARNING RSZ-0104] Net _24351_ only has one pin. Check if it is intended to be dangling.
[WARNING RSZ-0104] Net _24378_ only has one pin. Check if it is intended to be dangling.
[WARNING RSZ-0104] Net _24377_ only has one pin. Check if it is intended to be dangling.
[WARNING RSZ-0104] Net _24376_ only has one pin. Check if it is intended to be dangling.
[WARNING RSZ-0104] Net _24375_ only has one pin. Check if it is intended to be dangling.
[WARNING RSZ-0104] Net _24374_ only has one pin. Check if it is intended to be dangling.
[WARNING RSZ-0104] Net _24373_ only has one pin. Check if it is intended to be dangling.
[WARNING RSZ-0104] Net _24372_ only has one pin. Check if it is intended to be dangling.
[WARNING RSZ-0104] Net _23783_ only has one pin. Check if it is intended to be dangling.
[WARNING RSZ-0104] Net _24399_ only has one pin. Check if it is intended to be dangling.
[WARNING RSZ-0104] Net _24398_ only has one pin. Check if it is intended to be dangling.
[WARNING RSZ-0104] Net _24397_ only has one pin. Check if it is intended to be dangling.
[WARNING RSZ-0104] Net _24396_ only has one pin. Check if it is intended to be dangling.
[WARNING RSZ-0104] Net _24395_ only has one pin. Check if it is intended to be dangling.
[WARNING RSZ-0104] Net _24394_ only has one pin. Check if it is intended to be dangling.
[WARNING RSZ-0104] Net _24393_ only has one pin. Check if it is intended to be dangling.
[WARNING RSZ-0104] Net _24392_ only has one pin. Check if it is intended to be dangling.
[WARNING RSZ-0104] Net _24391_ only has one pin. Check if it is intended to be dangling.
[WARNING RSZ-0104] Net _24390_ only has one pin. Check if it is intended to be dangling.
[WARNING RSZ-0104] Net _24389_ only has one pin. Check if it is intended to be dangling.
[WARNING RSZ-0104] Net _24388_ only has one pin. Check if it is intended to be dangling.
[WARNING RSZ-0104] Net _24387_ only has one pin. Check if it is intended to be dangling.
[WARNING RSZ-0104] Net _24386_ only has one pin. Check if it is intended to be dangling.
[WARNING RSZ-0104] Net _24385_ only has one pin. Check if it is intended to be dangling.
[WARNING RSZ-0104] Net _24384_ only has one pin. Check if it is intended to be dangling.
[WARNING RSZ-0104] Net _24383_ only has one pin. Check if it is intended to be dangling.
[WARNING RSZ-0104] Net _24382_ only has one pin. Check if it is intended to be dangling.
[WARNING RSZ-0104] Net _24381_ only has one pin. Check if it is intended to be dangling.
[WARNING RSZ-0104] Net _24380_ only has one pin. Check if it is intended to be dangling.
[WARNING RSZ-0104] Net _24379_ only has one pin. Check if it is intended to be dangling.
[WARNING RSZ-0104] Net _24406_ only has one pin. Check if it is intended to be dangling.
[WARNING RSZ-0104] Net _24405_ only has one pin. Check if it is intended to be dangling.
[WARNING RSZ-0104] Net _24404_ only has one pin. Check if it is intended to be dangling.
[WARNING RSZ-0104] Net _24403_ only has one pin. Check if it is intended to be dangling.
[WARNING RSZ-0104] Net _24402_ only has one pin. Check if it is intended to be dangling.
[WARNING RSZ-0104] Net _24401_ only has one pin. Check if it is intended to be dangling.
[WARNING RSZ-0104] Net _24400_ only has one pin. Check if it is intended to be dangling.
[WARNING RSZ-0104] Net _23784_ only has one pin. Check if it is intended to be dangling.
[WARNING RSZ-0104] Net _24427_ only has one pin. Check if it is intended to be dangling.
[WARNING RSZ-0104] Net _24426_ only has one pin. Check if it is intended to be dangling.
[WARNING RSZ-0104] Net _24425_ only has one pin. Check if it is intended to be dangling.
[WARNING RSZ-0104] Net _24424_ only has one pin. Check if it is intended to be dangling.
[WARNING RSZ-0104] Net _24423_ only has one pin. Check if it is intended to be dangling.
[WARNING RSZ-0104] Net _24422_ only has one pin. Check if it is intended to be dangling.
[WARNING RSZ-0104] Net _24421_ only has one pin. Check if it is intended to be dangling.
[WARNING RSZ-0104] Net _24420_ only has one pin. Check if it is intended to be dangling.
[WARNING RSZ-0104] Net _24419_ only has one pin. Check if it is intended to be dangling.
[WARNING RSZ-0104] Net _24418_ only has one pin. Check if it is intended to be dangling.
[WARNING RSZ-0104] Net _24417_ only has one pin. Check if it is intended to be dangling.
[WARNING RSZ-0104] Net _24416_ only has one pin. Check if it is intended to be dangling.
[WARNING RSZ-0104] Net _24415_ only has one pin. Check if it is intended to be dangling.
[WARNING RSZ-0104] Net _24414_ only has one pin. Check if it is intended to be dangling.
[WARNING RSZ-0104] Net _24413_ only has one pin. Check if it is intended to be dangling.
[WARNING RSZ-0104] Net _24412_ only has one pin. Check if it is intended to be dangling.
[WARNING RSZ-0104] Net _24411_ only has one pin. Check if it is intended to be dangling.
[WARNING RSZ-0104] Net _24410_ only has one pin. Check if it is intended to be dangling.
[WARNING RSZ-0104] Net _24409_ only has one pin. Check if it is intended to be dangling.
[WARNING RSZ-0104] Net _24408_ only has one pin. Check if it is intended to be dangling.
[WARNING RSZ-0104] Net _24407_ only has one pin. Check if it is intended to be dangling.
[WARNING RSZ-0104] Net _24434_ only has one pin. Check if it is intended to be dangling.
[WARNING RSZ-0104] Net _24433_ only has one pin. Check if it is intended to be dangling.
[WARNING RSZ-0104] Net _24432_ only has one pin. Check if it is intended to be dangling.
[WARNING RSZ-0104] Net _24431_ only has one pin. Check if it is intended to be dangling.
[WARNING RSZ-0104] Net _24430_ only has one pin. Check if it is intended to be dangling.
[WARNING RSZ-0104] Net _24429_ only has one pin. Check if it is intended to be dangling.
[WARNING RSZ-0104] Net _24428_ only has one pin. Check if it is intended to be dangling.
[WARNING RSZ-0104] Net _23785_ only has one pin. Check if it is intended to be dangling.
[WARNING RSZ-0104] Net _24455_ only has one pin. Check if it is intended to be dangling.
[WARNING RSZ-0104] Net _24454_ only has one pin. Check if it is intended to be dangling.
[WARNING RSZ-0104] Net _24453_ only has one pin. Check if it is intended to be dangling.
[WARNING RSZ-0104] Net _24452_ only has one pin. Check if it is intended to be dangling.
[WARNING RSZ-0104] Net _24451_ only has one pin. Check if it is intended to be dangling.
[WARNING RSZ-0104] Net _24450_ only has one pin. Check if it is intended to be dangling.
[WARNING RSZ-0104] Net _24449_ only has one pin. Check if it is intended to be dangling.
[WARNING RSZ-0104] Net _24448_ only has one pin. Check if it is intended to be dangling.
[WARNING RSZ-0104] Net _24447_ only has one pin. Check if it is intended to be dangling.
[WARNING RSZ-0104] Net _24446_ only has one pin. Check if it is intended to be dangling.
[WARNING RSZ-0104] Net _24445_ only has one pin. Check if it is intended to be dangling.
[WARNING RSZ-0104] Net _24444_ only has one pin. Check if it is intended to be dangling.
[WARNING RSZ-0104] Net _24443_ only has one pin. Check if it is intended to be dangling.
[WARNING RSZ-0104] Net _24442_ only has one pin. Check if it is intended to be dangling.
[WARNING RSZ-0104] Net _24441_ only has one pin. Check if it is intended to be dangling.
[WARNING RSZ-0104] Net _24440_ only has one pin. Check if it is intended to be dangling.
[WARNING RSZ-0104] Net _24439_ only has one pin. Check if it is intended to be dangling.
[WARNING RSZ-0104] Net _24438_ only has one pin. Check if it is intended to be dangling.
[WARNING RSZ-0104] Net _24437_ only has one pin. Check if it is intended to be dangling.
[WARNING RSZ-0104] Net _24436_ only has one pin. Check if it is intended to be dangling.
[WARNING RSZ-0104] Net _24435_ only has one pin. Check if it is intended to be dangling.
[WARNING RSZ-0104] Net _24465_ only has one pin. Check if it is intended to be dangling.
[WARNING RSZ-0104] Net _24464_ only has one pin. Check if it is intended to be dangling.
[WARNING RSZ-0104] Net _24463_ only has one pin. Check if it is intended to be dangling.
[WARNING RSZ-0104] Net _24462_ only has one pin. Check if it is intended to be dangling.
[WARNING RSZ-0104] Net _24461_ only has one pin. Check if it is intended to be dangling.
[WARNING RSZ-0104] Net _24460_ only has one pin. Check if it is intended to be dangling.
[WARNING RSZ-0104] Net _24459_ only has one pin. Check if it is intended to be dangling.
[WARNING RSZ-0104] Net _23786_ only has one pin. Check if it is intended to be dangling.
[WARNING RSZ-0104] Net _24486_ only has one pin. Check if it is intended to be dangling.
[WARNING RSZ-0104] Net _24458_ only has one pin. Check if it is intended to be dangling.
[WARNING RSZ-0104] Net _24485_ only has one pin. Check if it is intended to be dangling.
[WARNING RSZ-0104] Net _24484_ only has one pin. Check if it is intended to be dangling.
[WARNING RSZ-0104] Net _24483_ only has one pin. Check if it is intended to be dangling.
[WARNING RSZ-0104] Net _24482_ only has one pin. Check if it is intended to be dangling.
[WARNING RSZ-0104] Net _24481_ only has one pin. Check if it is intended to be dangling.
[WARNING RSZ-0104] Net _24480_ only has one pin. Check if it is intended to be dangling.
[WARNING RSZ-0104] Net _24479_ only has one pin. Check if it is intended to be dangling.
[WARNING RSZ-0104] Net _24478_ only has one pin. Check if it is intended to be dangling.
[WARNING RSZ-0104] Net _24477_ only has one pin. Check if it is intended to be dangling.
[WARNING RSZ-0104] Net _24476_ only has one pin. Check if it is intended to be dangling.
[WARNING RSZ-0104] Net _24457_ only has one pin. Check if it is intended to be dangling.
[WARNING RSZ-0104] Net _24475_ only has one pin. Check if it is intended to be dangling.
[WARNING RSZ-0104] Net _24474_ only has one pin. Check if it is intended to be dangling.
[WARNING RSZ-0104] Net _24473_ only has one pin. Check if it is intended to be dangling.
[WARNING RSZ-0104] Net _24472_ only has one pin. Check if it is intended to be dangling.
[WARNING RSZ-0104] Net _24471_ only has one pin. Check if it is intended to be dangling.
[WARNING RSZ-0104] Net _24470_ only has one pin. Check if it is intended to be dangling.
[WARNING RSZ-0104] Net _24469_ only has one pin. Check if it is intended to be dangling.
[WARNING RSZ-0104] Net _24468_ only has one pin. Check if it is intended to be dangling.
[WARNING RSZ-0104] Net _24467_ only has one pin. Check if it is intended to be dangling.
[WARNING RSZ-0104] Net _24466_ only has one pin. Check if it is intended to be dangling.
[WARNING RSZ-0104] Net _24456_ only has one pin. Check if it is intended to be dangling.
[WARNING RSZ-0104] Net _24496_ only has one pin. Check if it is intended to be dangling.
[WARNING RSZ-0104] Net _24495_ only has one pin. Check if it is intended to be dangling.
[WARNING RSZ-0104] Net _24494_ only has one pin. Check if it is intended to be dangling.
[WARNING RSZ-0104] Net _24493_ only has one pin. Check if it is intended to be dangling.
[WARNING RSZ-0104] Net _24492_ only has one pin. Check if it is intended to be dangling.
[WARNING RSZ-0104] Net _24491_ only has one pin. Check if it is intended to be dangling.
[WARNING RSZ-0104] Net _24490_ only has one pin. Check if it is intended to be dangling.
[WARNING RSZ-0104] Net _23787_ only has one pin. Check if it is intended to be dangling.
[WARNING RSZ-0104] Net _24517_ only has one pin. Check if it is intended to be dangling.
[WARNING RSZ-0104] Net _24489_ only has one pin. Check if it is intended to be dangling.
[WARNING RSZ-0104] Net _24516_ only has one pin. Check if it is intended to be dangling.
[WARNING RSZ-0104] Net _24515_ only has one pin. Check if it is intended to be dangling.
[WARNING RSZ-0104] Net _24514_ only has one pin. Check if it is intended to be dangling.
[WARNING RSZ-0104] Net _24513_ only has one pin. Check if it is intended to be dangling.
[WARNING RSZ-0104] Net _24512_ only has one pin. Check if it is intended to be dangling.
[WARNING RSZ-0104] Net _24511_ only has one pin. Check if it is intended to be dangling.
[WARNING RSZ-0104] Net _24510_ only has one pin. Check if it is intended to be dangling.
[WARNING RSZ-0104] Net _24509_ only has one pin. Check if it is intended to be dangling.
[WARNING RSZ-0104] Net _24508_ only has one pin. Check if it is intended to be dangling.
[WARNING RSZ-0104] Net _24507_ only has one pin. Check if it is intended to be dangling.
[WARNING RSZ-0104] Net _24488_ only has one pin. Check if it is intended to be dangling.
[WARNING RSZ-0104] Net _24506_ only has one pin. Check if it is intended to be dangling.
[WARNING RSZ-0104] Net _24505_ only has one pin. Check if it is intended to be dangling.
[WARNING RSZ-0104] Net _24504_ only has one pin. Check if it is intended to be dangling.
[WARNING RSZ-0104] Net _24503_ only has one pin. Check if it is intended to be dangling.
[WARNING RSZ-0104] Net _24502_ only has one pin. Check if it is intended to be dangling.
[WARNING RSZ-0104] Net _24501_ only has one pin. Check if it is intended to be dangling.
[WARNING RSZ-0104] Net _24500_ only has one pin. Check if it is intended to be dangling.
[WARNING RSZ-0104] Net _24499_ only has one pin. Check if it is intended to be dangling.
[WARNING RSZ-0104] Net _24498_ only has one pin. Check if it is intended to be dangling.
[WARNING RSZ-0104] Net _24497_ only has one pin. Check if it is intended to be dangling.
[WARNING RSZ-0104] Net _24487_ only has one pin. Check if it is intended to be dangling.
[WARNING RSZ-0104] Net _24527_ only has one pin. Check if it is intended to be dangling.
[WARNING RSZ-0104] Net _24526_ only has one pin. Check if it is intended to be dangling.
[WARNING RSZ-0104] Net _24525_ only has one pin. Check if it is intended to be dangling.
[WARNING RSZ-0104] Net _24524_ only has one pin. Check if it is intended to be dangling.
[WARNING RSZ-0104] Net _24523_ only has one pin. Check if it is intended to be dangling.
[WARNING RSZ-0104] Net _24522_ only has one pin. Check if it is intended to be dangling.
[WARNING RSZ-0104] Net _24521_ only has one pin. Check if it is intended to be dangling.
[WARNING RSZ-0104] Net _23788_ only has one pin. Check if it is intended to be dangling.
[WARNING RSZ-0104] Net _24548_ only has one pin. Check if it is intended to be dangling.
[WARNING RSZ-0104] Net _24520_ only has one pin. Check if it is intended to be dangling.
[WARNING RSZ-0104] Net _24547_ only has one pin. Check if it is intended to be dangling.
[WARNING RSZ-0104] Net _24546_ only has one pin. Check if it is intended to be dangling.
[WARNING RSZ-0104] Net _24545_ only has one pin. Check if it is intended to be dangling.
[WARNING RSZ-0104] Net _24544_ only has one pin. Check if it is intended to be dangling.
[WARNING RSZ-0104] Net _24543_ only has one pin. Check if it is intended to be dangling.
[WARNING RSZ-0104] Net _24542_ only has one pin. Check if it is intended to be dangling.
[WARNING RSZ-0104] Net _24541_ only has one pin. Check if it is intended to be dangling.
[WARNING RSZ-0104] Net _24540_ only has one pin. Check if it is intended to be dangling.
[WARNING RSZ-0104] Net _24539_ only has one pin. Check if it is intended to be dangling.
[WARNING RSZ-0104] Net _24538_ only has one pin. Check if it is intended to be dangling.
[WARNING RSZ-0104] Net _24519_ only has one pin. Check if it is intended to be dangling.
[WARNING RSZ-0104] Net _24537_ only has one pin. Check if it is intended to be dangling.
[WARNING RSZ-0104] Net _24536_ only has one pin. Check if it is intended to be dangling.
[WARNING RSZ-0104] Net _24535_ only has one pin. Check if it is intended to be dangling.
[WARNING RSZ-0104] Net _24534_ only has one pin. Check if it is intended to be dangling.
[WARNING RSZ-0104] Net _24533_ only has one pin. Check if it is intended to be dangling.
[WARNING RSZ-0104] Net _24532_ only has one pin. Check if it is intended to be dangling.
[WARNING RSZ-0104] Net _24531_ only has one pin. Check if it is intended to be dangling.
[WARNING RSZ-0104] Net _24530_ only has one pin. Check if it is intended to be dangling.
[WARNING RSZ-0104] Net _24529_ only has one pin. Check if it is intended to be dangling.
[WARNING RSZ-0104] Net _24528_ only has one pin. Check if it is intended to be dangling.
[WARNING RSZ-0104] Net _24518_ only has one pin. Check if it is intended to be dangling.
[WARNING RSZ-0104] Net _24558_ only has one pin. Check if it is intended to be dangling.
[WARNING RSZ-0104] Net _24557_ only has one pin. Check if it is intended to be dangling.
[WARNING RSZ-0104] Net _24556_ only has one pin. Check if it is intended to be dangling.
[WARNING RSZ-0104] Net _24555_ only has one pin. Check if it is intended to be dangling.
[WARNING RSZ-0104] Net _24554_ only has one pin. Check if it is intended to be dangling.
[WARNING RSZ-0104] Net _24553_ only has one pin. Check if it is intended to be dangling.
[WARNING RSZ-0104] Net _24552_ only has one pin. Check if it is intended to be dangling.
[WARNING RSZ-0104] Net _23789_ only has one pin. Check if it is intended to be dangling.
[WARNING RSZ-0104] Net _24579_ only has one pin. Check if it is intended to be dangling.
[WARNING RSZ-0104] Net _24551_ only has one pin. Check if it is intended to be dangling.
[WARNING RSZ-0104] Net _24578_ only has one pin. Check if it is intended to be dangling.
[WARNING RSZ-0104] Net _24577_ only has one pin. Check if it is intended to be dangling.
[WARNING RSZ-0104] Net _24576_ only has one pin. Check if it is intended to be dangling.
[WARNING RSZ-0104] Net _24575_ only has one pin. Check if it is intended to be dangling.
[WARNING RSZ-0104] Net _24574_ only has one pin. Check if it is intended to be dangling.
[WARNING RSZ-0104] Net _24573_ only has one pin. Check if it is intended to be dangling.
[WARNING RSZ-0104] Net _24572_ only has one pin. Check if it is intended to be dangling.
[WARNING RSZ-0104] Net _24571_ only has one pin. Check if it is intended to be dangling.
[WARNING RSZ-0104] Net _24570_ only has one pin. Check if it is intended to be dangling.
[WARNING RSZ-0104] Net _24569_ only has one pin. Check if it is intended to be dangling.
[WARNING RSZ-0104] Net _24550_ only has one pin. Check if it is intended to be dangling.
[WARNING RSZ-0104] Net _24568_ only has one pin. Check if it is intended to be dangling.
[WARNING RSZ-0104] Net _24567_ only has one pin. Check if it is intended to be dangling.
[WARNING RSZ-0104] Net _24566_ only has one pin. Check if it is intended to be dangling.
[WARNING RSZ-0104] Net _24565_ only has one pin. Check if it is intended to be dangling.
[WARNING RSZ-0104] Net _24564_ only has one pin. Check if it is intended to be dangling.
[WARNING RSZ-0104] Net _24563_ only has one pin. Check if it is intended to be dangling.
[WARNING RSZ-0104] Net _24562_ only has one pin. Check if it is intended to be dangling.
[WARNING RSZ-0104] Net _24561_ only has one pin. Check if it is intended to be dangling.
[WARNING RSZ-0104] Net _24560_ only has one pin. Check if it is intended to be dangling.
[WARNING RSZ-0104] Net _24559_ only has one pin. Check if it is intended to be dangling.
[WARNING RSZ-0104] Net _24549_ only has one pin. Check if it is intended to be dangling.
[WARNING RSZ-0104] Net _24589_ only has one pin. Check if it is intended to be dangling.
[WARNING RSZ-0104] Net _24588_ only has one pin. Check if it is intended to be dangling.
[WARNING RSZ-0104] Net _24587_ only has one pin. Check if it is intended to be dangling.
[WARNING RSZ-0104] Net _24586_ only has one pin. Check if it is intended to be dangling.
[WARNING RSZ-0104] Net _24585_ only has one pin. Check if it is intended to be dangling.
[WARNING RSZ-0104] Net _24584_ only has one pin. Check if it is intended to be dangling.
[WARNING RSZ-0104] Net _24583_ only has one pin. Check if it is intended to be dangling.
[WARNING RSZ-0104] Net _23790_ only has one pin. Check if it is intended to be dangling.
[WARNING RSZ-0104] Net _24610_ only has one pin. Check if it is intended to be dangling.
[WARNING RSZ-0104] Net _24582_ only has one pin. Check if it is intended to be dangling.
[WARNING RSZ-0104] Net _24609_ only has one pin. Check if it is intended to be dangling.
[WARNING RSZ-0104] Net _24608_ only has one pin. Check if it is intended to be dangling.
[WARNING RSZ-0104] Net _24607_ only has one pin. Check if it is intended to be dangling.
[WARNING RSZ-0104] Net _24606_ only has one pin. Check if it is intended to be dangling.
[WARNING RSZ-0104] Net _24605_ only has one pin. Check if it is intended to be dangling.
[WARNING RSZ-0104] Net _24604_ only has one pin. Check if it is intended to be dangling.
[WARNING RSZ-0104] Net _24603_ only has one pin. Check if it is intended to be dangling.
[WARNING RSZ-0104] Net _24602_ only has one pin. Check if it is intended to be dangling.
[WARNING RSZ-0104] Net _24601_ only has one pin. Check if it is intended to be dangling.
[WARNING RSZ-0104] Net _24600_ only has one pin. Check if it is intended to be dangling.
[WARNING RSZ-0104] Net _24581_ only has one pin. Check if it is intended to be dangling.
[WARNING RSZ-0104] Net _24599_ only has one pin. Check if it is intended to be dangling.
[WARNING RSZ-0104] Net _24598_ only has one pin. Check if it is intended to be dangling.
[WARNING RSZ-0104] Net _24597_ only has one pin. Check if it is intended to be dangling.
[WARNING RSZ-0104] Net _24596_ only has one pin. Check if it is intended to be dangling.
    40000 |     +0.0% |       0 |      10 |            35 |      4628
[WARNING RSZ-0104] Net _24595_ only has one pin. Check if it is intended to be dangling.
[WARNING RSZ-0104] Net _24594_ only has one pin. Check if it is intended to be dangling.
[WARNING RSZ-0104] Net _24593_ only has one pin. Check if it is intended to be dangling.
[WARNING RSZ-0104] Net _24592_ only has one pin. Check if it is intended to be dangling.
[WARNING RSZ-0104] Net _24591_ only has one pin. Check if it is intended to be dangling.
[WARNING RSZ-0104] Net _24590_ only has one pin. Check if it is intended to be dangling.
[WARNING RSZ-0104] Net _24580_ only has one pin. Check if it is intended to be dangling.
[WARNING RSZ-0104] Net _24619_ only has one pin. Check if it is intended to be dangling.
[WARNING RSZ-0104] Net _24618_ only has one pin. Check if it is intended to be dangling.
[WARNING RSZ-0104] Net _24617_ only has one pin. Check if it is intended to be dangling.
[WARNING RSZ-0104] Net _24616_ only has one pin. Check if it is intended to be dangling.
[WARNING RSZ-0104] Net _24615_ only has one pin. Check if it is intended to be dangling.
[WARNING RSZ-0104] Net _24614_ only has one pin. Check if it is intended to be dangling.
[WARNING RSZ-0104] Net _24613_ only has one pin. Check if it is intended to be dangling.
[WARNING RSZ-0104] Net _23791_ only has one pin. Check if it is intended to be dangling.
[WARNING RSZ-0104] Net _24640_ only has one pin. Check if it is intended to be dangling.
[WARNING RSZ-0104] Net _24612_ only has one pin. Check if it is intended to be dangling.
[WARNING RSZ-0104] Net _24639_ only has one pin. Check if it is intended to be dangling.
[WARNING RSZ-0104] Net _24638_ only has one pin. Check if it is intended to be dangling.
[WARNING RSZ-0104] Net _24637_ only has one pin. Check if it is intended to be dangling.
[WARNING RSZ-0104] Net _24636_ only has one pin. Check if it is intended to be dangling.
[WARNING RSZ-0104] Net _24635_ only has one pin. Check if it is intended to be dangling.
[WARNING RSZ-0104] Net _24634_ only has one pin. Check if it is intended to be dangling.
[WARNING RSZ-0104] Net _24633_ only has one pin. Check if it is intended to be dangling.
[WARNING RSZ-0104] Net _24632_ only has one pin. Check if it is intended to be dangling.
[WARNING RSZ-0104] Net _24631_ only has one pin. Check if it is intended to be dangling.
[WARNING RSZ-0104] Net _24630_ only has one pin. Check if it is intended to be dangling.
[WARNING RSZ-0104] Net _24611_ only has one pin. Check if it is intended to be dangling.
[WARNING RSZ-0104] Net _24629_ only has one pin. Check if it is intended to be dangling.
[WARNING RSZ-0104] Net _24628_ only has one pin. Check if it is intended to be dangling.
[WARNING RSZ-0104] Net _24627_ only has one pin. Check if it is intended to be dangling.
[WARNING RSZ-0104] Net _24626_ only has one pin. Check if it is intended to be dangling.
[WARNING RSZ-0104] Net _24625_ only has one pin. Check if it is intended to be dangling.
[WARNING RSZ-0104] Net _24624_ only has one pin. Check if it is intended to be dangling.
[WARNING RSZ-0104] Net _24623_ only has one pin. Check if it is intended to be dangling.
[WARNING RSZ-0104] Net _24622_ only has one pin. Check if it is intended to be dangling.
[WARNING RSZ-0104] Net _24621_ only has one pin. Check if it is intended to be dangling.
[WARNING RSZ-0104] Net _24620_ only has one pin. Check if it is intended to be dangling.
[WARNING RSZ-0104] Net _24649_ only has one pin. Check if it is intended to be dangling.
[WARNING RSZ-0104] Net _24648_ only has one pin. Check if it is intended to be dangling.
[WARNING RSZ-0104] Net _24647_ only has one pin. Check if it is intended to be dangling.
[WARNING RSZ-0104] Net _24646_ only has one pin. Check if it is intended to be dangling.
[WARNING RSZ-0104] Net _24645_ only has one pin. Check if it is intended to be dangling.
[WARNING RSZ-0104] Net _24644_ only has one pin. Check if it is intended to be dangling.
[WARNING RSZ-0104] Net _24643_ only has one pin. Check if it is intended to be dangling.
[WARNING RSZ-0104] Net _23792_ only has one pin. Check if it is intended to be dangling.
[WARNING RSZ-0104] Net _24670_ only has one pin. Check if it is intended to be dangling.
[WARNING RSZ-0104] Net _24642_ only has one pin. Check if it is intended to be dangling.
[WARNING RSZ-0104] Net _24669_ only has one pin. Check if it is intended to be dangling.
[WARNING RSZ-0104] Net _24668_ only has one pin. Check if it is intended to be dangling.
[WARNING RSZ-0104] Net _24667_ only has one pin. Check if it is intended to be dangling.
[WARNING RSZ-0104] Net _24666_ only has one pin. Check if it is intended to be dangling.
[WARNING RSZ-0104] Net _24665_ only has one pin. Check if it is intended to be dangling.
[WARNING RSZ-0104] Net _24664_ only has one pin. Check if it is intended to be dangling.
[WARNING RSZ-0104] Net _24663_ only has one pin. Check if it is intended to be dangling.
[WARNING RSZ-0104] Net _24662_ only has one pin. Check if it is intended to be dangling.
[WARNING RSZ-0104] Net _24661_ only has one pin. Check if it is intended to be dangling.
[WARNING RSZ-0104] Net _24660_ only has one pin. Check if it is intended to be dangling.
[WARNING RSZ-0104] Net _24641_ only has one pin. Check if it is intended to be dangling.
[WARNING RSZ-0104] Net _24659_ only has one pin. Check if it is intended to be dangling.
[WARNING RSZ-0104] Net _24658_ only has one pin. Check if it is intended to be dangling.
[WARNING RSZ-0104] Net _24657_ only has one pin. Check if it is intended to be dangling.
[WARNING RSZ-0104] Net _24656_ only has one pin. Check if it is intended to be dangling.
[WARNING RSZ-0104] Net _24655_ only has one pin. Check if it is intended to be dangling.
[WARNING RSZ-0104] Net _24654_ only has one pin. Check if it is intended to be dangling.
[WARNING RSZ-0104] Net _24653_ only has one pin. Check if it is intended to be dangling.
[WARNING RSZ-0104] Net _24652_ only has one pin. Check if it is intended to be dangling.
[WARNING RSZ-0104] Net _24651_ only has one pin. Check if it is intended to be dangling.
[WARNING RSZ-0104] Net _24650_ only has one pin. Check if it is intended to be dangling.
[WARNING RSZ-0104] Net _24679_ only has one pin. Check if it is intended to be dangling.
[WARNING RSZ-0104] Net _24678_ only has one pin. Check if it is intended to be dangling.
[WARNING RSZ-0104] Net _24677_ only has one pin. Check if it is intended to be dangling.
[WARNING RSZ-0104] Net _24676_ only has one pin. Check if it is intended to be dangling.
[WARNING RSZ-0104] Net _24675_ only has one pin. Check if it is intended to be dangling.
[WARNING RSZ-0104] Net _24674_ only has one pin. Check if it is intended to be dangling.
[WARNING RSZ-0104] Net _24673_ only has one pin. Check if it is intended to be dangling.
[WARNING RSZ-0104] Net _23793_ only has one pin. Check if it is intended to be dangling.
[WARNING RSZ-0104] Net _24700_ only has one pin. Check if it is intended to be dangling.
[WARNING RSZ-0104] Net _24672_ only has one pin. Check if it is intended to be dangling.
[WARNING RSZ-0104] Net _24699_ only has one pin. Check if it is intended to be dangling.
[WARNING RSZ-0104] Net _24698_ only has one pin. Check if it is intended to be dangling.
[WARNING RSZ-0104] Net _24697_ only has one pin. Check if it is intended to be dangling.
[WARNING RSZ-0104] Net _24696_ only has one pin. Check if it is intended to be dangling.
[WARNING RSZ-0104] Net _24695_ only has one pin. Check if it is intended to be dangling.
[WARNING RSZ-0104] Net _24694_ only has one pin. Check if it is intended to be dangling.
[WARNING RSZ-0104] Net _24693_ only has one pin. Check if it is intended to be dangling.
[WARNING RSZ-0104] Net _24692_ only has one pin. Check if it is intended to be dangling.
[WARNING RSZ-0104] Net _24691_ only has one pin. Check if it is intended to be dangling.
[WARNING RSZ-0104] Net _24690_ only has one pin. Check if it is intended to be dangling.
[WARNING RSZ-0104] Net _24671_ only has one pin. Check if it is intended to be dangling.
[WARNING RSZ-0104] Net _24689_ only has one pin. Check if it is intended to be dangling.
[WARNING RSZ-0104] Net _24688_ only has one pin. Check if it is intended to be dangling.
[WARNING RSZ-0104] Net _24687_ only has one pin. Check if it is intended to be dangling.
[WARNING RSZ-0104] Net _24686_ only has one pin. Check if it is intended to be dangling.
[WARNING RSZ-0104] Net _24685_ only has one pin. Check if it is intended to be dangling.
[WARNING RSZ-0104] Net _24684_ only has one pin. Check if it is intended to be dangling.
[WARNING RSZ-0104] Net _24683_ only has one pin. Check if it is intended to be dangling.
[WARNING RSZ-0104] Net _24682_ only has one pin. Check if it is intended to be dangling.
[WARNING RSZ-0104] Net _24681_ only has one pin. Check if it is intended to be dangling.
[WARNING RSZ-0104] Net _24680_ only has one pin. Check if it is intended to be dangling.
[WARNING RSZ-0104] Net _24709_ only has one pin. Check if it is intended to be dangling.
[WARNING RSZ-0104] Net _24708_ only has one pin. Check if it is intended to be dangling.
[WARNING RSZ-0104] Net _24707_ only has one pin. Check if it is intended to be dangling.
[WARNING RSZ-0104] Net _24706_ only has one pin. Check if it is intended to be dangling.
[WARNING RSZ-0104] Net _24705_ only has one pin. Check if it is intended to be dangling.
[WARNING RSZ-0104] Net _24704_ only has one pin. Check if it is intended to be dangling.
[WARNING RSZ-0104] Net _24703_ only has one pin. Check if it is intended to be dangling.
[WARNING RSZ-0104] Net _23794_ only has one pin. Check if it is intended to be dangling.
[WARNING RSZ-0104] Net _24730_ only has one pin. Check if it is intended to be dangling.
[WARNING RSZ-0104] Net _24702_ only has one pin. Check if it is intended to be dangling.
[WARNING RSZ-0104] Net _24729_ only has one pin. Check if it is intended to be dangling.
[WARNING RSZ-0104] Net _24728_ only has one pin. Check if it is intended to be dangling.
[WARNING RSZ-0104] Net _24727_ only has one pin. Check if it is intended to be dangling.
[WARNING RSZ-0104] Net _24726_ only has one pin. Check if it is intended to be dangling.
[WARNING RSZ-0104] Net _24725_ only has one pin. Check if it is intended to be dangling.
[WARNING RSZ-0104] Net _24724_ only has one pin. Check if it is intended to be dangling.
[WARNING RSZ-0104] Net _24723_ only has one pin. Check if it is intended to be dangling.
[WARNING RSZ-0104] Net _24722_ only has one pin. Check if it is intended to be dangling.
[WARNING RSZ-0104] Net _24721_ only has one pin. Check if it is intended to be dangling.
[WARNING RSZ-0104] Net _24720_ only has one pin. Check if it is intended to be dangling.
[WARNING RSZ-0104] Net _24701_ only has one pin. Check if it is intended to be dangling.
[WARNING RSZ-0104] Net _24719_ only has one pin. Check if it is intended to be dangling.
[WARNING RSZ-0104] Net _24718_ only has one pin. Check if it is intended to be dangling.
[WARNING RSZ-0104] Net _24717_ only has one pin. Check if it is intended to be dangling.
[WARNING RSZ-0104] Net _24716_ only has one pin. Check if it is intended to be dangling.
[WARNING RSZ-0104] Net _24715_ only has one pin. Check if it is intended to be dangling.
[WARNING RSZ-0104] Net _24714_ only has one pin. Check if it is intended to be dangling.
[WARNING RSZ-0104] Net _24713_ only has one pin. Check if it is intended to be dangling.
[WARNING RSZ-0104] Net _24712_ only has one pin. Check if it is intended to be dangling.
[WARNING RSZ-0104] Net _24711_ only has one pin. Check if it is intended to be dangling.
[WARNING RSZ-0104] Net _24710_ only has one pin. Check if it is intended to be dangling.
[WARNING RSZ-0104] Net _24739_ only has one pin. Check if it is intended to be dangling.
[WARNING RSZ-0104] Net _24738_ only has one pin. Check if it is intended to be dangling.
[WARNING RSZ-0104] Net _24737_ only has one pin. Check if it is intended to be dangling.
[WARNING RSZ-0104] Net _24736_ only has one pin. Check if it is intended to be dangling.
[WARNING RSZ-0104] Net _24735_ only has one pin. Check if it is intended to be dangling.
[WARNING RSZ-0104] Net _24734_ only has one pin. Check if it is intended to be dangling.
[WARNING RSZ-0104] Net _24733_ only has one pin. Check if it is intended to be dangling.
[WARNING RSZ-0104] Net _23795_ only has one pin. Check if it is intended to be dangling.
[WARNING RSZ-0104] Net _24760_ only has one pin. Check if it is intended to be dangling.
[WARNING RSZ-0104] Net _24732_ only has one pin. Check if it is intended to be dangling.
[WARNING RSZ-0104] Net _24759_ only has one pin. Check if it is intended to be dangling.
[WARNING RSZ-0104] Net _24758_ only has one pin. Check if it is intended to be dangling.
[WARNING RSZ-0104] Net _24757_ only has one pin. Check if it is intended to be dangling.
[WARNING RSZ-0104] Net _24756_ only has one pin. Check if it is intended to be dangling.
[WARNING RSZ-0104] Net _24755_ only has one pin. Check if it is intended to be dangling.
[WARNING RSZ-0104] Net _24754_ only has one pin. Check if it is intended to be dangling.
[WARNING RSZ-0104] Net _24753_ only has one pin. Check if it is intended to be dangling.
[WARNING RSZ-0104] Net _24752_ only has one pin. Check if it is intended to be dangling.
[WARNING RSZ-0104] Net _24751_ only has one pin. Check if it is intended to be dangling.
[WARNING RSZ-0104] Net _24750_ only has one pin. Check if it is intended to be dangling.
[WARNING RSZ-0104] Net _24731_ only has one pin. Check if it is intended to be dangling.
[WARNING RSZ-0104] Net _24749_ only has one pin. Check if it is intended to be dangling.
[WARNING RSZ-0104] Net _24748_ only has one pin. Check if it is intended to be dangling.
[WARNING RSZ-0104] Net _24747_ only has one pin. Check if it is intended to be dangling.
[WARNING RSZ-0104] Net _24746_ only has one pin. Check if it is intended to be dangling.
[WARNING RSZ-0104] Net _24745_ only has one pin. Check if it is intended to be dangling.
[WARNING RSZ-0104] Net _24744_ only has one pin. Check if it is intended to be dangling.
[WARNING RSZ-0104] Net _24743_ only has one pin. Check if it is intended to be dangling.
[WARNING RSZ-0104] Net _24742_ only has one pin. Check if it is intended to be dangling.
[WARNING RSZ-0104] Net _24741_ only has one pin. Check if it is intended to be dangling.
[WARNING RSZ-0104] Net _24740_ only has one pin. Check if it is intended to be dangling.
[WARNING RSZ-0104] Net _24770_ only has one pin. Check if it is intended to be dangling.
[WARNING RSZ-0104] Net _24769_ only has one pin. Check if it is intended to be dangling.
[WARNING RSZ-0104] Net _24768_ only has one pin. Check if it is intended to be dangling.
[WARNING RSZ-0104] Net _24767_ only has one pin. Check if it is intended to be dangling.
[WARNING RSZ-0104] Net _24766_ only has one pin. Check if it is intended to be dangling.
[WARNING RSZ-0104] Net _24765_ only has one pin. Check if it is intended to be dangling.
[WARNING RSZ-0104] Net _24764_ only has one pin. Check if it is intended to be dangling.
[WARNING RSZ-0104] Net _23796_ only has one pin. Check if it is intended to be dangling.
[WARNING RSZ-0104] Net _24791_ only has one pin. Check if it is intended to be dangling.
[WARNING RSZ-0104] Net _24763_ only has one pin. Check if it is intended to be dangling.
[WARNING RSZ-0104] Net _24790_ only has one pin. Check if it is intended to be dangling.
[WARNING RSZ-0104] Net _24789_ only has one pin. Check if it is intended to be dangling.
[WARNING RSZ-0104] Net _24788_ only has one pin. Check if it is intended to be dangling.
[WARNING RSZ-0104] Net _24787_ only has one pin. Check if it is intended to be dangling.
[WARNING RSZ-0104] Net _24786_ only has one pin. Check if it is intended to be dangling.
[WARNING RSZ-0104] Net _24785_ only has one pin. Check if it is intended to be dangling.
[WARNING RSZ-0104] Net _24784_ only has one pin. Check if it is intended to be dangling.
[WARNING RSZ-0104] Net _24783_ only has one pin. Check if it is intended to be dangling.
[WARNING RSZ-0104] Net _24782_ only has one pin. Check if it is intended to be dangling.
[WARNING RSZ-0104] Net _24781_ only has one pin. Check if it is intended to be dangling.
[WARNING RSZ-0104] Net _24762_ only has one pin. Check if it is intended to be dangling.
[WARNING RSZ-0104] Net _24780_ only has one pin. Check if it is intended to be dangling.
[WARNING RSZ-0104] Net _24779_ only has one pin. Check if it is intended to be dangling.
[WARNING RSZ-0104] Net _24778_ only has one pin. Check if it is intended to be dangling.
[WARNING RSZ-0104] Net _24777_ only has one pin. Check if it is intended to be dangling.
[WARNING RSZ-0104] Net _24776_ only has one pin. Check if it is intended to be dangling.
[WARNING RSZ-0104] Net _24775_ only has one pin. Check if it is intended to be dangling.
[WARNING RSZ-0104] Net _24774_ only has one pin. Check if it is intended to be dangling.
[WARNING RSZ-0104] Net _24773_ only has one pin. Check if it is intended to be dangling.
[WARNING RSZ-0104] Net _24772_ only has one pin. Check if it is intended to be dangling.
[WARNING RSZ-0104] Net _24771_ only has one pin. Check if it is intended to be dangling.
[WARNING RSZ-0104] Net _24761_ only has one pin. Check if it is intended to be dangling.
[WARNING RSZ-0104] Net _24801_ only has one pin. Check if it is intended to be dangling.
[WARNING RSZ-0104] Net _24800_ only has one pin. Check if it is intended to be dangling.
[WARNING RSZ-0104] Net _24799_ only has one pin. Check if it is intended to be dangling.
[WARNING RSZ-0104] Net _24798_ only has one pin. Check if it is intended to be dangling.
[WARNING RSZ-0104] Net _24797_ only has one pin. Check if it is intended to be dangling.
[WARNING RSZ-0104] Net _24796_ only has one pin. Check if it is intended to be dangling.
[WARNING RSZ-0104] Net _24795_ only has one pin. Check if it is intended to be dangling.
[WARNING RSZ-0104] Net _23797_ only has one pin. Check if it is intended to be dangling.
[WARNING RSZ-0104] Net _24822_ only has one pin. Check if it is intended to be dangling.
[WARNING RSZ-0104] Net _24794_ only has one pin. Check if it is intended to be dangling.
[WARNING RSZ-0104] Net _24821_ only has one pin. Check if it is intended to be dangling.
[WARNING RSZ-0104] Net _24820_ only has one pin. Check if it is intended to be dangling.
[WARNING RSZ-0104] Net _24819_ only has one pin. Check if it is intended to be dangling.
[WARNING RSZ-0104] Net _24818_ only has one pin. Check if it is intended to be dangling.
[WARNING RSZ-0104] Net _24817_ only has one pin. Check if it is intended to be dangling.
[WARNING RSZ-0104] Net _24816_ only has one pin. Check if it is intended to be dangling.
[WARNING RSZ-0104] Net _24815_ only has one pin. Check if it is intended to be dangling.
[WARNING RSZ-0104] Net _24814_ only has one pin. Check if it is intended to be dangling.
[WARNING RSZ-0104] Net _24813_ only has one pin. Check if it is intended to be dangling.
[WARNING RSZ-0104] Net _24812_ only has one pin. Check if it is intended to be dangling.
[WARNING RSZ-0104] Net _24793_ only has one pin. Check if it is intended to be dangling.
[WARNING RSZ-0104] Net _24811_ only has one pin. Check if it is intended to be dangling.
[WARNING RSZ-0104] Net _24810_ only has one pin. Check if it is intended to be dangling.
[WARNING RSZ-0104] Net _24809_ only has one pin. Check if it is intended to be dangling.
[WARNING RSZ-0104] Net _24808_ only has one pin. Check if it is intended to be dangling.
[WARNING RSZ-0104] Net _24807_ only has one pin. Check if it is intended to be dangling.
[WARNING RSZ-0104] Net _24806_ only has one pin. Check if it is intended to be dangling.
[WARNING RSZ-0104] Net _24805_ only has one pin. Check if it is intended to be dangling.
[WARNING RSZ-0104] Net _24804_ only has one pin. Check if it is intended to be dangling.
[WARNING RSZ-0104] Net _24803_ only has one pin. Check if it is intended to be dangling.
[WARNING RSZ-0104] Net _24802_ only has one pin. Check if it is intended to be dangling.
[WARNING RSZ-0104] Net _24792_ only has one pin. Check if it is intended to be dangling.
[WARNING RSZ-0104] Net _24832_ only has one pin. Check if it is intended to be dangling.
[WARNING RSZ-0104] Net _24831_ only has one pin. Check if it is intended to be dangling.
[WARNING RSZ-0104] Net _24830_ only has one pin. Check if it is intended to be dangling.
[WARNING RSZ-0104] Net _24829_ only has one pin. Check if it is intended to be dangling.
[WARNING RSZ-0104] Net _24828_ only has one pin. Check if it is intended to be dangling.
[WARNING RSZ-0104] Net _24827_ only has one pin. Check if it is intended to be dangling.
[WARNING RSZ-0104] Net _24826_ only has one pin. Check if it is intended to be dangling.
[WARNING RSZ-0104] Net _23798_ only has one pin. Check if it is intended to be dangling.
[WARNING RSZ-0104] Net _24853_ only has one pin. Check if it is intended to be dangling.
[WARNING RSZ-0104] Net _24825_ only has one pin. Check if it is intended to be dangling.
[WARNING RSZ-0104] Net _24852_ only has one pin. Check if it is intended to be dangling.
[WARNING RSZ-0104] Net _24851_ only has one pin. Check if it is intended to be dangling.
[WARNING RSZ-0104] Net _24850_ only has one pin. Check if it is intended to be dangling.
[WARNING RSZ-0104] Net _24849_ only has one pin. Check if it is intended to be dangling.
[WARNING RSZ-0104] Net _24848_ only has one pin. Check if it is intended to be dangling.
[WARNING RSZ-0104] Net _24847_ only has one pin. Check if it is intended to be dangling.
[WARNING RSZ-0104] Net _24846_ only has one pin. Check if it is intended to be dangling.
[WARNING RSZ-0104] Net _24845_ only has one pin. Check if it is intended to be dangling.
[WARNING RSZ-0104] Net _24844_ only has one pin. Check if it is intended to be dangling.
[WARNING RSZ-0104] Net _24843_ only has one pin. Check if it is intended to be dangling.
[WARNING RSZ-0104] Net _24824_ only has one pin. Check if it is intended to be dangling.
[WARNING RSZ-0104] Net _24842_ only has one pin. Check if it is intended to be dangling.
[WARNING RSZ-0104] Net _24841_ only has one pin. Check if it is intended to be dangling.
[WARNING RSZ-0104] Net _24840_ only has one pin. Check if it is intended to be dangling.
[WARNING RSZ-0104] Net _24839_ only has one pin. Check if it is intended to be dangling.
[WARNING RSZ-0104] Net _24838_ only has one pin. Check if it is intended to be dangling.
[WARNING RSZ-0104] Net _24837_ only has one pin. Check if it is intended to be dangling.
[WARNING RSZ-0104] Net _24836_ only has one pin. Check if it is intended to be dangling.
[WARNING RSZ-0104] Net _24835_ only has one pin. Check if it is intended to be dangling.
[WARNING RSZ-0104] Net _24834_ only has one pin. Check if it is intended to be dangling.
[WARNING RSZ-0104] Net _24833_ only has one pin. Check if it is intended to be dangling.
[WARNING RSZ-0104] Net _24823_ only has one pin. Check if it is intended to be dangling.
[WARNING RSZ-0104] Net _24863_ only has one pin. Check if it is intended to be dangling.
[WARNING RSZ-0104] Net _24862_ only has one pin. Check if it is intended to be dangling.
[WARNING RSZ-0104] Net _24861_ only has one pin. Check if it is intended to be dangling.
[WARNING RSZ-0104] Net _24860_ only has one pin. Check if it is intended to be dangling.
[WARNING RSZ-0104] Net _24859_ only has one pin. Check if it is intended to be dangling.
[WARNING RSZ-0104] Net _24858_ only has one pin. Check if it is intended to be dangling.
[WARNING RSZ-0104] Net _24857_ only has one pin. Check if it is intended to be dangling.
[WARNING RSZ-0104] Net _23799_ only has one pin. Check if it is intended to be dangling.
[WARNING RSZ-0104] Net _24884_ only has one pin. Check if it is intended to be dangling.
[WARNING RSZ-0104] Net _24856_ only has one pin. Check if it is intended to be dangling.
[WARNING RSZ-0104] Net _24883_ only has one pin. Check if it is intended to be dangling.
[WARNING RSZ-0104] Net _24882_ only has one pin. Check if it is intended to be dangling.
[WARNING RSZ-0104] Net _24881_ only has one pin. Check if it is intended to be dangling.
[WARNING RSZ-0104] Net _24880_ only has one pin. Check if it is intended to be dangling.
[WARNING RSZ-0104] Net _24879_ only has one pin. Check if it is intended to be dangling.
[WARNING RSZ-0104] Net _24878_ only has one pin. Check if it is intended to be dangling.
[WARNING RSZ-0104] Net _24877_ only has one pin. Check if it is intended to be dangling.
[WARNING RSZ-0104] Net _24876_ only has one pin. Check if it is intended to be dangling.
[WARNING RSZ-0104] Net _24875_ only has one pin. Check if it is intended to be dangling.
[WARNING RSZ-0104] Net _24874_ only has one pin. Check if it is intended to be dangling.
[WARNING RSZ-0104] Net _24855_ only has one pin. Check if it is intended to be dangling.
[WARNING RSZ-0104] Net _24873_ only has one pin. Check if it is intended to be dangling.
[WARNING RSZ-0104] Net _24872_ only has one pin. Check if it is intended to be dangling.
[WARNING RSZ-0104] Net _24871_ only has one pin. Check if it is intended to be dangling.
[WARNING RSZ-0104] Net _24870_ only has one pin. Check if it is intended to be dangling.
[WARNING RSZ-0104] Net _24869_ only has one pin. Check if it is intended to be dangling.
[WARNING RSZ-0104] Net _24868_ only has one pin. Check if it is intended to be dangling.
[WARNING RSZ-0104] Net _24867_ only has one pin. Check if it is intended to be dangling.
[WARNING RSZ-0104] Net _24866_ only has one pin. Check if it is intended to be dangling.
[WARNING RSZ-0104] message limit (1000) reached. This message will no longer print.
    41000 |     +0.0% |       0 |      10 |            35 |      3628
    42000 |     +0.0% |       0 |      10 |            35 |      2628
    43000 |     +0.0% |       0 |      10 |            35 |      1628
    44000 |     +0.0% |       0 |      10 |            35 |       628
    final |     +0.0% |       0 |      10 |            36 |         0
---------------------------------------------------------------------
[INFO RSZ-0036] Found 36 capacitance violations.
[INFO RSZ-0038] Inserted 10 buffers in 36 nets.
[INFO RSZ-0504] Runtime: 4.06s
global_route -start_incremental
detailed_placement
[INFO DPL-0006] Core area: 198697.21 um^2
[INFO DPL-0007] Movable instances area: 70031.15 um^2
[INFO DPL-0008] Fixed instances area within core: 296.86 um^2
[INFO DPL-0009] Utilization: 35.4%
[INFO DPL-0005] Diamond search max displacement: +/- 500 sites horizontally, +/- 100 rows vertically.
[INFO DPL-1102] Legalizing using negotiation legalizer.
[INFO DPL-1103] Negotiation base search window: +/-20 sites horizontally, +/-5 rows vertically 
	Automatic search window extension enabled.
	Search window extendable up to the max displacement cap of +/-500 sites, +/-100 rows near walls.
[INFO DPL-1104] NegotiationLegalizer DRC penalty: 5.
[INFO DPL-0392] Negotiation cell height distribution (1 unique row-count(s)):
[INFO DPL-0393]   height 1 row(s): 33290 cells
          |      Total |  Illegal |  Illegal
Iteration | Violations |    Cells |    Sites
---------------------------------------------
        0 |          6 |         2 |         4
        1 |          0 |         0 |         0
Negotiation phase 1 converged at iteration 1.
[INFO DPL-0500] Runtime: 0.19s
Placement Analysis
---------------------------------
total displacement         10.2 u
average displacement        0.0 u
max displacement            3.1 u
original HPWL          409465.1 u
legalized HPWL         409474.1 u
delta HPWL                    0 %

global_route -end_incremental -congestion_report_file ./reports/nangate45/similarity_asic_transfer_blocal/base/congestion_post_repair_design.rpt
Repair setup and hold violations...
estimate_parasitics -global_routing
repair_timing -setup_margin 0 -hold_margin 0 -repair_tns 100 -verbose
[INFO RSZ-0100] Repair move sequence: UnbufferMove SizeUpMove SwapPinsMove BufferMove CloneMove SplitLoadMove 
[INFO RSZ-0098] No setup violations found
[INFO RSZ-0505] Runtime: 1.21s
[INFO RSZ-0033] No hold violations found.
[INFO RSZ-0506] Runtime: 0.27s
global_route -start_incremental
detailed_placement
[INFO DPL-0006] Core area: 198697.21 um^2
[INFO DPL-0007] Movable instances area: 70031.15 um^2
[INFO DPL-0008] Fixed instances area within core: 296.86 um^2
[INFO DPL-0009] Utilization: 35.4%
[INFO DPL-0005] Diamond search max displacement: +/- 500 sites horizontally, +/- 100 rows vertically.
[INFO DPL-1102] Legalizing using negotiation legalizer.
[INFO DPL-1103] Negotiation base search window: +/-20 sites horizontally, +/-5 rows vertically 
	Automatic search window extension enabled.
	Search window extendable up to the max displacement cap of +/-500 sites, +/-100 rows near walls.
[INFO DPL-1104] NegotiationLegalizer DRC penalty: 5.
[INFO DPL-0392] Negotiation cell height distribution (1 unique row-count(s)):
[INFO DPL-0393]   height 1 row(s): 33290 cells
[INFO DPL-0500] Runtime: 0.16s
Placement Analysis
---------------------------------
total displacement          0.0 u
average displacement        0.0 u
max displacement            0.0 u
original HPWL          409474.1 u
legalized HPWL         409474.1 u
delta HPWL                    0 %

check_placement -verbose
global_route -end_incremental -congestion_report_file ./reports/nangate45/similarity_asic_transfer_blocal/base/congestion_post_repair_timing.rpt
estimate_parasitics -global_routing
global_route -start_incremental
global_route -end_incremental -congestion_report_file ./reports/nangate45/similarity_asic_transfer_blocal/base/congestion_post_recover_power.rpt
Repair antennas...
[WARNING GRT-0246] No diode with LEF class CORE ANTENNACELL found.
[INFO ANT-0002] Found 0 net violations.
[INFO ANT-0001] Found 0 pin violations.
Estimate parasitics...
estimate_parasitics -global_routing
Report metrics stage 5, global route...

==========================================================================
global route report_design_area
--------------------------------------------------------------------------
Design area 70328 um^2 35% utilization.
[INFO FLW-0007] clock clk period 20.000000
[INFO FLW-0008] Clock clk period 1.436
[INFO FLW-0009] Clock clk slack 18.488
write_sdc -no_timestamp ./results/nangate45/similarity_asic_transfer_blocal/base/updated_clks.sdc
[INFO FLW-0011] Path endpoint path count 5245
write_db ./results/nangate45/similarity_asic_transfer_blocal/base/5_1_grt.odb
write_sdc -no_timestamp ./results/nangate45/similarity_asic_transfer_blocal/base/5_1_grt.sdc
Elapsed time: 1:30.79[h:]min:sec. CPU time: user 312.40 sys 1.39 (345%). Peak memory: 757824KB.
Log                       Ext     Elapsed/s Peak Memory/MB sha1sum result [0:20)
5_1_grt                   .odb           90            740 8b301d991af50524622f
5_1_grt                   .sdc                             64ff760e9112f1865db9
/OpenROAD-flow-scripts/flow/scripts/flow.sh 5_2_route detail_route
Running detail_route.tcl, stage 5_2_route
read_liberty /OpenROAD-flow-scripts/flow/platforms/nangate45/lib/NangateOpenCellLibrary_typical.lib
read_db ./results/nangate45/similarity_asic_transfer_blocal/base/5_1_grt.odb
read_sdc ./results/nangate45/similarity_asic_transfer_blocal/base/5_1_grt.sdc
source /OpenROAD-flow-scripts/flow/platforms/nangate45/setRC.tcl
detailed_route -output_drc ./reports/nangate45/similarity_asic_transfer_blocal/base/5_route_drc.rpt -output_maze ./results/nangate45/similarity_asic_transfer_blocal/base/maze.log -droute_end_iter 64 -verbose 1 -drc_report_iter_step 5
[INFO DRT-0149] Reading tech and libs.

Units:                2000
Number of layers:     21
Number of macros:     135
Number of vias:       33
Number of viarulegen: 19

[INFO DRT-0150] Reading design.

Design:                   similarity_asic_transfer_blocal
Die area:                 ( 0 0 ) ( 897130 897130 )
Number of track patterns: 20
Number of DEF vias:       0
Number of components:     33290
Number of terminals:      36
Number of snets:          2
Number of nets:           44246

[INFO DRT-0167] List of default vias:
  Layer via2
    default via: via2_5
  Layer via3
    default via: via3_2
  Layer via4
    default via: via4_0
  Layer via5
    default via: via5_0
  Layer via6
    default via: via6_0
  Layer via7
    default via: via7_0
  Layer via8
    default via: via8_0
  Layer via9
    default via: via9_0
[INFO DRT-0162] Library cell analysis.
[INFO DRT-0163] Instance analysis.
[INFO DRT-0164] Number of unique instances = 108.
[INFO DRT-0168] Init region query.
[INFO DRT-0024]   Complete active.
[INFO DRT-0024]   Complete Fr_VIA.
[INFO DRT-0024]   Complete metal1.
[INFO DRT-0024]   Complete via1.
[INFO DRT-0024]   Complete metal2.
[INFO DRT-0024]   Complete via2.
[INFO DRT-0024]   Complete metal3.
[INFO DRT-0024]   Complete via3.
[INFO DRT-0024]   Complete metal4.
[INFO DRT-0024]   Complete via4.
[INFO DRT-0024]   Complete metal5.
[INFO DRT-0024]   Complete via5.
[INFO DRT-0024]   Complete metal6.
[INFO DRT-0024]   Complete via6.
[INFO DRT-0024]   Complete metal7.
[INFO DRT-0024]   Complete via7.
[INFO DRT-0024]   Complete metal8.
[INFO DRT-0024]   Complete via8.
[INFO DRT-0024]   Complete metal9.
[INFO DRT-0024]   Complete via9.
[INFO DRT-0024]   Complete metal10.
[INFO DRT-0033] active shape region query size = 0.
[INFO DRT-0033] FR_VIA shape region query size = 0.
[INFO DRT-0033] metal1 shape region query size = 751559.
[INFO DRT-0033] via1 shape region query size = 7656.
[INFO DRT-0033] metal2 shape region query size = 5104.
[INFO DRT-0033] via2 shape region query size = 7656.
[INFO DRT-0033] metal3 shape region query size = 5104.
[INFO DRT-0033] via3 shape region query size = 7656.
[INFO DRT-0033] metal4 shape region query size = 2808.
[INFO DRT-0033] via4 shape region query size = 2400.
[INFO DRT-0033] metal5 shape region query size = 511.
[INFO DRT-0033] via5 shape region query size = 2400.
[INFO DRT-0033] metal6 shape region query size = 483.
[INFO DRT-0033] via6 shape region query size = 960.
[INFO DRT-0033] metal7 shape region query size = 300.
[INFO DRT-0033] via7 shape region query size = 0.
[INFO DRT-0033] metal8 shape region query size = 0.
[INFO DRT-0033] via8 shape region query size = 0.
[INFO DRT-0033] metal9 shape region query size = 0.
[INFO DRT-0033] via9 shape region query size = 0.
[INFO DRT-0033] metal10 shape region query size = 0.
[INFO DRT-0165] Start pin access.
[INFO DRT-0078]   Complete 617 pins.
[INFO DRT-0079]   Complete 100 unique inst patterns.
[INFO DRT-0081]   Complete 108 unique inst patterns.
[INFO DRT-0082]   Complete 10000 groups.
[INFO DRT-0084]   Complete 19994 groups.
#scanned instances     = 33290
#unique  instances     = 108
#stdCellGenAp          = 3262
#stdCellValidPlanarAp  = 0
#stdCellValidViaAp     = 2309
#stdCellPinNoAp        = 0
#stdCellPinCnt         = 118976
#instTermValidViaApCnt = 0
#macroGenAp            = 0
#macroValidPlanarAp    = 0
#macroValidViaAp       = 0
#macroNoAp             = 0
[INFO DRT-0166] Complete pin access.
[INFO DRT-0267] cpu time = 00:04:24, elapsed time = 00:01:06, memory = 485.42 (MB), peak = 500.39 (MB)
[INFO DRT-0156] guideIn read 100000 guides.
[INFO DRT-0156] guideIn read 200000 guides.

[INFO DRT-0157] Number of guides:     260195

[INFO DRT-0169] Post process guides.
[INFO DRT-0176] GCELLGRID X 0 DO 157 STEP 5700 ;
[INFO DRT-0177] GCELLGRID Y 0 DO 157 STEP 5700 ;
[INFO DRT-0026]   Complete 100000 origin guides.
[INFO DRT-0026]   Complete 200000 origin guides.
[INFO DRT-0028]   Complete active.
[INFO DRT-0028]   Complete Fr_VIA.
[INFO DRT-0028]   Complete metal1.
[INFO DRT-0028]   Complete via1.
[INFO DRT-0028]   Complete metal2.
[INFO DRT-0028]   Complete via2.
[INFO DRT-0028]   Complete metal3.
[INFO DRT-0028]   Complete via3.
[INFO DRT-0028]   Complete metal4.
[INFO DRT-0028]   Complete via4.
[INFO DRT-0028]   Complete metal5.
[INFO DRT-0028]   Complete via5.
[INFO DRT-0028]   Complete metal6.
[INFO DRT-0028]   Complete via6.
[INFO DRT-0028]   Complete metal7.
[INFO DRT-0028]   Complete via7.
[INFO DRT-0028]   Complete metal8.
[INFO DRT-0028]   Complete via8.
[INFO DRT-0028]   Complete metal9.
[INFO DRT-0028]   Complete via9.
[INFO DRT-0028]   Complete metal10.
[INFO DRT-0178] Init guide query.
[INFO DRT-0035]   Complete active (guide).
[INFO DRT-0035]   Complete Fr_VIA (guide).
[INFO DRT-0035]   Complete metal1 (guide).
[INFO DRT-0035]   Complete via1 (guide).
[INFO DRT-0035]   Complete metal2 (guide).
[INFO DRT-0035]   Complete via2 (guide).
[INFO DRT-0035]   Complete metal3 (guide).
[INFO DRT-0035]   Complete via3 (guide).
[INFO DRT-0035]   Complete metal4 (guide).
[INFO DRT-0035]   Complete via4 (guide).
[INFO DRT-0035]   Complete metal5 (guide).
[INFO DRT-0035]   Complete via5 (guide).
[INFO DRT-0035]   Complete metal6 (guide).
[INFO DRT-0035]   Complete via6 (guide).
[INFO DRT-0035]   Complete metal7 (guide).
[INFO DRT-0035]   Complete via7 (guide).
[INFO DRT-0035]   Complete metal8 (guide).
[INFO DRT-0035]   Complete via8 (guide).
[INFO DRT-0035]   Complete metal9 (guide).
[INFO DRT-0035]   Complete via9 (guide).
[INFO DRT-0035]   Complete metal10 (guide).
[INFO DRT-0036] active guide region query size = 0.
[INFO DRT-0036] FR_VIA guide region query size = 0.
[INFO DRT-0036] metal1 guide region query size = 96527.
[INFO DRT-0036] via1 guide region query size = 0.
[INFO DRT-0036] metal2 guide region query size = 77360.
[INFO DRT-0036] via2 guide region query size = 0.
[INFO DRT-0036] metal3 guide region query size = 38482.
[INFO DRT-0036] via3 guide region query size = 0.
[INFO DRT-0036] metal4 guide region query size = 2789.
[INFO DRT-0036] via4 guide region query size = 0.
[INFO DRT-0036] metal5 guide region query size = 798.
[INFO DRT-0036] via5 guide region query size = 0.
[INFO DRT-0036] metal6 guide region query size = 34.
[INFO DRT-0036] via6 guide region query size = 0.
[INFO DRT-0036] metal7 guide region query size = 0.
[INFO DRT-0036] via7 guide region query size = 0.
[INFO DRT-0036] metal8 guide region query size = 0.
[INFO DRT-0036] via8 guide region query size = 0.
[INFO DRT-0036] metal9 guide region query size = 0.
[INFO DRT-0036] via9 guide region query size = 0.
[INFO DRT-0036] metal10 guide region query size = 0.
[INFO DRT-0179] Init gr pin query.
[INFO DRT-0267] cpu time = 00:00:00, elapsed time = 00:00:00, memory = 583.78 (MB), peak = 583.43 (MB)
[INFO DRT-0245] skipped writing guide updates to database.
[INFO DRT-0181] Start track assignment.
[INFO DRT-0184] Done with 80183 vertical wires in 4 frboxes and 135807 horizontal wires in 4 frboxes.
[INFO DRT-0186] Done with 16233 vertical wires in 4 frboxes and 19548 horizontal wires in 4 frboxes.
[INFO DRT-0182] Complete track assignment.
[INFO DRT-0267] cpu time = 00:00:12, elapsed time = 00:00:05, memory = 929.13 (MB), peak = 982.80 (MB)
[INFO DRT-0187] Start routing data preparation.
[INFO DRT-0267] cpu time = 00:00:00, elapsed time = 00:00:00, memory = 929.19 (MB), peak = 982.80 (MB)
[INFO DRT-0194] Start detail routing.
[INFO DRT-0195] Start 0th optimization iteration.
    Completing 10% with 0 violations.
    elapsed time = 00:00:06, memory = 929.60 (MB).
    Completing 20% with 0 violations.
    elapsed time = 00:00:14, memory = 1118.67 (MB).
    Completing 30% with 506 violations.
    elapsed time = 00:00:22, memory = 1313.30 (MB).
    Completing 40% with 506 violations.
    elapsed time = 00:00:30, memory = 1335.33 (MB).
    Completing 50% with 506 violations.
    elapsed time = 00:00:40, memory = 1337.51 (MB).
    Completing 60% with 1092 violations.
    elapsed time = 00:00:49, memory = 1407.51 (MB).
    Completing 70% with 1092 violations.
    elapsed time = 00:00:57, memory = 1407.52 (MB).
    Completing 80% with 1650 violations.
    elapsed time = 00:01:07, memory = 1427.54 (MB).
    Completing 90% with 1650 violations.
    elapsed time = 00:01:15, memory = 1439.54 (MB).
    Completing 100% with 2264 violations.
    elapsed time = 00:01:26, memory = 1473.55 (MB).
[INFO DRT-0199]   Number of violations = 3684.
Viol/Layer      metal1 metal2   via2 metal3 metal4   via4 metal5
Cut Spacing          0      0      3      0      0      4      0
Metal Spacing       14    220      0     26      0      0      0
Recheck             12    877      0    517     12      0      2
Short                0   1739      4    248      6      0      0
[INFO DRT-0267] cpu time = 00:05:37, elapsed time = 00:01:27, memory = 1471.55 (MB), peak = 1665.34 (MB)
Total wire length = 454911 um.
Total wire length on LAYER metal1 = 0 um.
Total wire length on LAYER metal2 = 172143 um.
Total wire length on LAYER metal3 = 199411 um.
Total wire length on LAYER metal4 = 55917 um.
Total wire length on LAYER metal5 = 25215 um.
Total wire length on LAYER metal6 = 2223 um.
Total wire length on LAYER metal7 = 0 um.
Total wire length on LAYER metal8 = 0 um.
Total wire length on LAYER metal9 = 0 um.
Total wire length on LAYER metal10 = 0 um.
Total number of vias = 219181.
Up-via summary (total 219181):

-----------------
 active         0
 metal1    117329
 metal2     96378
 metal3      4063
 metal4      1344
 metal5        67
 metal6         0
 metal7         0
 metal8         0
 metal9         0
-----------------
       219181


[INFO DRT-0195] Start 1st optimization iteration.
    Completing 10% with 3684 violations.
    elapsed time = 00:00:06, memory = 1471.55 (MB).
    Completing 20% with 3684 violations.
    elapsed time = 00:00:13, memory = 1471.55 (MB).
    Completing 30% with 2991 violations.
    elapsed time = 00:00:21, memory = 1485.55 (MB).
    Completing 40% with 2991 violations.
    elapsed time = 00:00:29, memory = 1485.55 (MB).
    Completing 50% with 2991 violations.
    elapsed time = 00:00:39, memory = 1492.23 (MB).
    Completing 60% with 2232 violations.
    elapsed time = 00:00:48, memory = 1492.23 (MB).
    Completing 70% with 2232 violations.
    elapsed time = 00:00:56, memory = 1492.23 (MB).
    Completing 80% with 1504 violations.
    elapsed time = 00:01:06, memory = 1492.23 (MB).
    Completing 90% with 1504 violations.
    elapsed time = 00:01:13, memory = 1494.23 (MB).
    Completing 100% with 833 violations.
    elapsed time = 00:01:24, memory = 1494.23 (MB).
[INFO DRT-0199]   Number of violations = 833.
Viol/Layer      metal1   via1 metal2 metal3
Cut Spacing          0      2      0      0
Metal Spacing        4      0    151     12
Recheck              0      0      4      1
Short                0      0    621     38
[INFO DRT-0267] cpu time = 00:05:26, elapsed time = 00:01:24, memory = 1492.23 (MB), peak = 1669.92 (MB)
Total wire length = 452343 um.
Total wire length on LAYER metal1 = 0 um.
Total wire length on LAYER metal2 = 170818 um.
Total wire length on LAYER metal3 = 198276 um.
Total wire length on LAYER metal4 = 55894 um.
Total wire length on LAYER metal5 = 25134 um.
Total wire length on LAYER metal6 = 2219 um.
Total wire length on LAYER metal7 = 0 um.
Total wire length on LAYER metal8 = 0 um.
Total wire length on LAYER metal9 = 0 um.
Total wire length on LAYER metal10 = 0 um.
Total number of vias = 217251.
Up-via summary (total 217251):

-----------------
 active         0
 metal1    117321
 metal2     94525
 metal3      4033
 metal4      1307
 metal5        65
 metal6         0
 metal7         0
 metal8         0
 metal9         0
-----------------
       217251


[INFO DRT-0195] Start 2nd optimization iteration.
    Completing 10% with 833 violations.
    elapsed time = 00:00:04, memory = 1492.24 (MB).
    Completing 20% with 833 violations.
    elapsed time = 00:00:08, memory = 1492.24 (MB).
    Completing 30% with 735 violations.
    elapsed time = 00:00:13, memory = 1486.24 (MB).
    Completing 40% with 735 violations.
    elapsed time = 00:00:17, memory = 1486.24 (MB).
    Completing 50% with 735 violations.
    elapsed time = 00:00:23, memory = 1486.24 (MB).
    Completing 60% with 690 violations.
    elapsed time = 00:00:26, memory = 1476.24 (MB).
    Completing 70% with 690 violations.
    elapsed time = 00:00:31, memory = 1476.24 (MB).
    Completing 80% with 618 violations.
    elapsed time = 00:00:38, memory = 1474.24 (MB).
    Completing 90% with 618 violations.
    elapsed time = 00:00:41, memory = 1474.24 (MB).
    Completing 100% with 555 violations.
    elapsed time = 00:00:47, memory = 1462.24 (MB).
[INFO DRT-0199]   Number of violations = 555.
Viol/Layer      metal1   via1 metal2 metal3
Cut Spacing          0      2      0      0
Metal Spacing        5      0    113      3
Short                0      0    411     21
[INFO DRT-0267] cpu time = 00:03:02, elapsed time = 00:00:48, memory = 1464.24 (MB), peak = 1669.92 (MB)
Total wire length = 452108 um.
Total wire length on LAYER metal1 = 0 um.
Total wire length on LAYER metal2 = 170705 um.
Total wire length on LAYER metal3 = 198151 um.
Total wire length on LAYER metal4 = 55934 um.
Total wire length on LAYER metal5 = 25099 um.
Total wire length on LAYER metal6 = 2218 um.
Total wire length on LAYER metal7 = 0 um.
Total wire length on LAYER metal8 = 0 um.
Total wire length on LAYER metal9 = 0 um.
Total wire length on LAYER metal10 = 0 um.
Total number of vias = 217084.
Up-via summary (total 217084):

-----------------
 active         0
 metal1    117325
 metal2     94356
 metal3      4055
 metal4      1285
 metal5        63
 metal6         0
 metal7         0
 metal8         0
 metal9         0
-----------------
       217084


[INFO DRT-0195] Start 3rd optimization iteration.
    Completing 10% with 555 violations.
    elapsed time = 00:00:01, memory = 1464.25 (MB).
    Completing 20% with 555 violations.
    elapsed time = 00:00:04, memory = 1464.25 (MB).
    Completing 30% with 397 violations.
    elapsed time = 00:00:06, memory = 1464.25 (MB).
    Completing 40% with 397 violations.
    elapsed time = 00:00:07, memory = 1464.25 (MB).
    Completing 50% with 397 violations.
    elapsed time = 00:00:10, memory = 1468.25 (MB).
    Completing 60% with 236 violations.
    elapsed time = 00:00:13, memory = 1458.25 (MB).
    Completing 70% with 236 violations.
    elapsed time = 00:00:15, memory = 1458.25 (MB).
    Completing 80% with 112 violations.
    elapsed time = 00:00:18, memory = 1452.25 (MB).
    Completing 90% with 112 violations.
    elapsed time = 00:00:20, memory = 1452.25 (MB).
    Completing 100% with 6 violations.
    elapsed time = 00:00:24, memory = 1452.25 (MB).
[INFO DRT-0199]   Number of violations = 6.
Viol/Layer      metal2
Short                6
[INFO DRT-0267] cpu time = 00:01:31, elapsed time = 00:00:24, memory = 1456.25 (MB), peak = 1669.92 (MB)
Total wire length = 452116 um.
Total wire length on LAYER metal1 = 0 um.
Total wire length on LAYER metal2 = 169863 um.
Total wire length on LAYER metal3 = 198307 um.
Total wire length on LAYER metal4 = 56636 um.
Total wire length on LAYER metal5 = 25091 um.
Total wire length on LAYER metal6 = 2218 um.
Total wire length on LAYER metal7 = 0 um.
Total wire length on LAYER metal8 = 0 um.
Total wire length on LAYER metal9 = 0 um.
Total wire length on LAYER metal10 = 0 um.
Total number of vias = 217785.
Up-via summary (total 217785):

-----------------
 active         0
 metal1    117332
 metal2     94747
 metal3      4360
 metal4      1283
 metal5        63
 metal6         0
 metal7         0
 metal8         0
 metal9         0
-----------------
       217785


[INFO DRT-0195] Start 4th guides tiles iteration.
    Completing 20% with 6 violations.
    elapsed time = 00:00:00, memory = 1456.25 (MB).
    Completing 40% with 6 violations.
    elapsed time = 00:00:00, memory = 1456.25 (MB).
    Completing 60% with 6 violations.
    elapsed time = 00:00:00, memory = 1456.25 (MB).
    Completing 80% with 0 violations.
    elapsed time = 00:00:00, memory = 1456.25 (MB).
    Completing 100% with 0 violations.
    elapsed time = 00:00:00, memory = 1456.25 (MB).
[INFO DRT-0199]   Number of violations = 0.
[INFO DRT-0267] cpu time = 00:00:00, elapsed time = 00:00:00, memory = 1616.25 (MB), peak = 1669.92 (MB)
Total wire length = 452116 um.
Total wire length on LAYER metal1 = 0 um.
Total wire length on LAYER metal2 = 169860 um.
Total wire length on LAYER metal3 = 198309 um.
Total wire length on LAYER metal4 = 56638 um.
Total wire length on LAYER metal5 = 25091 um.
Total wire length on LAYER metal6 = 2218 um.
Total wire length on LAYER metal7 = 0 um.
Total wire length on LAYER metal8 = 0 um.
Total wire length on LAYER metal9 = 0 um.
Total wire length on LAYER metal10 = 0 um.
Total number of vias = 217789.
Up-via summary (total 217789):

-----------------
 active         0
 metal1    117332
 metal2     94751
 metal3      4360
 metal4      1283
 metal5        63
 metal6         0
 metal7         0
 metal8         0
 metal9         0
-----------------
       217789


[INFO DRT-0198] Complete detail routing.
Total wire length = 452116 um.
Total wire length on LAYER metal1 = 0 um.
Total wire length on LAYER metal2 = 169860 um.
Total wire length on LAYER metal3 = 198309 um.
Total wire length on LAYER metal4 = 56638 um.
Total wire length on LAYER metal5 = 25091 um.
Total wire length on LAYER metal6 = 2218 um.
Total wire length on LAYER metal7 = 0 um.
Total wire length on LAYER metal8 = 0 um.
Total wire length on LAYER metal9 = 0 um.
Total wire length on LAYER metal10 = 0 um.
Total number of vias = 217789.
Up-via summary (total 217789):

-----------------
 active         0
 metal1    117332
 metal2     94751
 metal3      4360
 metal4      1283
 metal5        63
 metal6         0
 metal7         0
 metal8         0
 metal9         0
-----------------
       217789


[INFO DRT-0267] cpu time = 00:15:38, elapsed time = 00:04:04, memory = 1616.31 (MB), peak = 1669.92 (MB)

[INFO DRT-0180] Post processing.
[INFO DRT-0501] Runtime: 317.49s
Took 317 seconds: detailed_route -output_drc ./reports/nangate45/similarity_asic_transfer_blocal/base/5_route_drc.rpt -output_maze ./results/nangate45/similarity_asic_transfer_blocal/base/maze.log -droute_end_iter 64 -verbose 1 -drc_report_iter_step 5
[WARNING GRT-0246] No diode with LEF class CORE ANTENNACELL found.
[INFO ANT-0002] Found 0 net violations.
[INFO ANT-0001] Found 0 pin violations.
[INFO ANT-0002] Found 0 net violations.
[INFO ANT-0001] Found 0 pin violations.
Design area 70328 um^2 35% utilization.
write_db ./results/nangate45/similarity_asic_transfer_blocal/base/5_2_route.odb
Elapsed time: 5:25.49[h:]min:sec. CPU time: user 1244.39 sys 0.48 (382%). Peak memory: 1710000KB.
Log                       Ext     Elapsed/s Peak Memory/MB sha1sum result [0:20)
5_2_route                 .odb          325           1669 2f017b7596d59beb24c2
/OpenROAD-flow-scripts/flow/scripts/flow.sh 5_3_fillcell fillcell
Running fillcell.tcl, stage 5_3_fillcell
read_liberty /OpenROAD-flow-scripts/flow/platforms/nangate45/lib/NangateOpenCellLibrary_typical.lib
read_db ./results/nangate45/similarity_asic_transfer_blocal/base/5_2_route.odb
read_sdc ./results/nangate45/similarity_asic_transfer_blocal/base/5_1_grt.sdc
source /OpenROAD-flow-scripts/flow/platforms/nangate45/setRC.tcl
filler_placement "FILLCELL_X1 FILLCELL_X2 FILLCELL_X4 FILLCELL_X8 FILLCELL_X16 FILLCELL_X32"
[INFO DPL-0001] Placed 50194 filler instances.
Design area 70328 um^2 35% utilization.
write_db ./results/nangate45/similarity_asic_transfer_blocal/base/5_3_fillcell.odb
Elapsed time: 0:00.75[h:]min:sec. CPU time: user 0.68 sys 0.06 (99%). Peak memory: 282368KB.
Log                       Ext     Elapsed/s Peak Memory/MB sha1sum result [0:20)
5_3_fillcell              .odb            0            275 2a4aafa993cf61d27226
cp ./results/nangate45/similarity_asic_transfer_blocal/base/5_3_fillcell.odb ./results/nangate45/similarity_asic_transfer_blocal/base/5_route.odb
cp ./results/nangate45/similarity_asic_transfer_blocal/base/5_1_grt.sdc ./results/nangate45/similarity_asic_transfer_blocal/base/5_route.sdc
/OpenROAD-flow-scripts/flow/scripts/flow.sh 6_1_fill density_fill
Running density_fill.tcl, stage 6_1_fill
read_liberty /OpenROAD-flow-scripts/flow/platforms/nangate45/lib/NangateOpenCellLibrary_typical.lib
read_db ./results/nangate45/similarity_asic_transfer_blocal/base/5_route.odb
read_sdc ./results/nangate45/similarity_asic_transfer_blocal/base/5_route.sdc
source /OpenROAD-flow-scripts/flow/platforms/nangate45/setRC.tcl
exec cp ./results/nangate45/similarity_asic_transfer_blocal/base/5_route.odb ./results/nangate45/similarity_asic_transfer_blocal/base/6_1_fill.odb
Elapsed time: 0:00.44[h:]min:sec. CPU time: user 0.39 sys 0.05 (99%). Peak memory: 203504KB.
Log                       Ext     Elapsed/s Peak Memory/MB sha1sum result [0:20)
6_1_fill                  .odb            0            198 2a4aafa993cf61d27226

===== emulated final report (158.38s) =====
OPENROAD: /OpenROAD-flow-scripts/tools/OpenROAD
unknown 
/OpenROAD-flow-scripts/flow/scripts/flow.sh 6_report final_report
Running final_report.tcl, stage 6_report
read_liberty /OpenROAD-flow-scripts/flow/platforms/nangate45/lib/NangateOpenCellLibrary_typical.lib
read_db ./results/nangate45/similarity_asic_transfer_blocal/base/6_1_fill.odb
read_sdc ./results/nangate45/similarity_asic_transfer_blocal/base/6_1_fill.sdc
source /OpenROAD-flow-scripts/flow/platforms/nangate45/setRC.tcl
write_db ./results/nangate45/similarity_asic_transfer_blocal/base/6_final.odb
write_sdc -no_timestamp ./results/nangate45/similarity_asic_transfer_blocal/base/6_final.sdc
Deleted 0 routing obstructions
[INFO RCX-0431] Defined process_corner X with ext_model_index 0
[INFO RCX-0029] Defined extraction corner X
[INFO RCX-0435] Reading extraction model file /OpenROAD-flow-scripts/flow/platforms/nangate45/rcx_patterns.rules ...
[INFO RCX-0436] RC segment generation similarity_asic_transfer_blocal (max_merge_res 50.0) ...
[INFO RCX-0040] Final 119361 rc segments
[INFO RCX-0439] Coupling Cap extraction similarity_asic_transfer_blocal ...
[INFO RCX-0440] Coupling threshhold is 0.1000 fF, coupling capacitance less than 0.1000 fF will be grounded.
[INFO RCX-0442] 10% of 190628 wires extracted
[INFO RCX-0442] 28% of 190628 wires extracted
[INFO RCX-0442] 48% of 190628 wires extracted
[INFO RCX-0442] 68% of 190628 wires extracted
[INFO RCX-0442] 88% of 190628 wires extracted
[INFO RCX-0442] 100% of 190628 wires extracted
[INFO RCX-0045] Extract 44246 nets, 161278 rsegs, 161278 caps, 286267 ccs
[INFO RCX-0443] 44246 nets finished
[INFO PSM-0040] All shapes on net VDD are connected.
########## IR report #################
Net              : VDD
Corner           : default
Total power      : 6.15e-03 W
Supply voltage   : 1.10e+00 V
Worstcase voltage: 1.10e+00 V
Average voltage  : 1.10e+00 V
Average IR drop  : 2.00e-04 V
Worstcase IR drop: 2.39e-03 V
Percentage drop  : 0.22 %
######################################
[INFO PSM-0040] All shapes on net VSS are connected.
########## IR report #################
Net              : VSS
Corner           : default
Total power      : 6.15e-03 W
Supply voltage   : 0.00e+00 V
Worstcase voltage: 1.44e-03 V
Average voltage  : 1.92e-04 V
Average IR drop  : 1.92e-04 V
Worstcase IR drop: 1.44e-03 V
Percentage drop  : 0.13 %
######################################
Cell type report:                       Count        Area
  Fill cell                             50194   128369.21
  Tap cell                               1116      296.86
  Clock buffer                            582      713.94
  Timing Repair Buffer                    721      946.69
  Inverter                               1482      789.22
  Clock inverter                          279      216.26
  Sequential cell                        2492    11269.36
  Multi-Input combinational cell        26618    56095.68
  Total                                 83484   198697.21
Report metrics stage 6, finish...

==========================================================================
finish report_design_area
--------------------------------------------------------------------------
Design area 70328 um^2 35% utilization.
Elapsed time: 2:37.10[h:]min:sec. CPU time: user 211.40 sys 0.96 (135%). Peak memory: 1127024KB.
Log                       Ext     Elapsed/s Peak Memory/MB sha1sum result [0:20)
6_report                                157           1100                  N/A

===== native finish (4.79s) =====
OPENROAD: /OpenROAD-flow-scripts/tools/OpenROAD
cp /OpenROAD-flow-scripts/flow/platforms/nangate45/lef/NangateOpenCellLibrary.tech.lef ./objects/nangate45/similarity_asic_transfer_blocal/base/klayout_tech.lef
/usr/bin/python3 /OpenROAD-flow-scripts/flow/util/generate_klayout_tech.py \
	--template /OpenROAD-flow-scripts/flow/platforms/nangate45/FreePDK45.lyt \
	--output ./objects/nangate45/similarity_asic_transfer_blocal/base/klayout.lyt \
	--lef-files ./objects/nangate45/similarity_asic_transfer_blocal/base/klayout_tech.lef /OpenROAD-flow-scripts/flow/platforms/nangate45/lef/NangateOpenCellLibrary.macro.mod.lef   \
	--map-files 
/usr/bin/python3 /OpenROAD-flow-scripts/flow/scripts/run_command.py --log /OpenROAD-flow-scripts/flow/logs/nangate45/similarity_asic_transfer_blocal/base/6_1_merge.log --tee -- \
        /OpenROAD-flow-scripts/flow/scripts/klayout.sh -zz -rd design_name=similarity_asic_transfer_blocal \
        -rd in_def=./results/nangate45/similarity_asic_transfer_blocal/base/6_final.def \
        -rd in_files="/OpenROAD-flow-scripts/flow/platforms/nangate45/gds/NangateOpenCellLibrary.gds  " \
        -rd seal_file="" \
        -rd out_file=./results/nangate45/similarity_asic_transfer_blocal/base/6_1_merged.gds \
        -rd tech_file=./objects/nangate45/similarity_asic_transfer_blocal/base/klayout.lyt \
        -rd layer_map= \
        -r /OpenROAD-flow-scripts/flow/util/def2stream.py
KLayout 0.30.12
Warning: DEF UNITS does not match reader DBU (DEF UNITS is 2000 and corresponds to a DBU of 0.0005, but reader DBU is set to 0.0001) (line=5, cell=, file=6_final.def)
[INFO] Reporting cells prior to loading DEF ...
	/OpenROAD-flow-scripts/flow/platforms/nangate45/gds/NangateOpenCellLibrary.gds
[INFO] GDS_ALLOW_EMPTY=fakeram.*
[INFO] All LEF cells have matching GDS/OAS cells
[INFO] No orphan cells in the final layout
Elapsed time: 0:02.98[h:]min:sec. CPU time: user 2.72 sys 0.25 (99%). Peak memory: 585104KB.
cp results/nangate45/similarity_asic_transfer_blocal/base/6_1_merged.gds results/nangate45/similarity_asic_transfer_blocal/base/6_final.gds
./logs/nangate45/similarity_asic_transfer_blocal/base
Log                       Ext     Elapsed/s Peak Memory/MB sha1sum result [0:20)
1_1_yosys_canonicalize    .rtlil          0             45 d6d1f534fdeaee4dc956
1_2_yosys                 .v             31            383 c53c12baf3b220fe6214
1_2_yosys                 .sdc                             7d34f03a79b07a31dbf7
1_synth                   .odb            0            193 53100c36e27565c77136
1_synth                   .sdc                             1517283a0d978805bcd5
2_1_floorplan             .odb            4            262 63a81811490dd93503b9
2_1_floorplan             .sdc                             1517283a0d978805bcd5
2_2_floorplan_macro       .odb            0            146 63a81811490dd93503b9
2_3_floorplan_tapcell     .odb            0            144 076d1b914bc8cee92cae
2_4_floorplan_pdn         .odb            0            153 112abdb480d7ebee0025
3_1_place_gp_skip_io      .odb            3            213 9069e7eaac67906c93e8
3_2_place_iop             .odb            0            150 5757d6a52520166543cf
3_3_place_gp              .odb           28            606 4b9f0ac56a5272f01bda
3_4_place_resized         .odb           10            271 3406c58e5be77ea7b23f
3_5_place_dp              .odb           13            345 b4c40ddb879a0c884286
4_1_cts                   .odb           12            352 921bc83b65bd4413e158
5_1_grt                   .odb           90            740 8b301d991af50524622f
5_1_grt                   .sdc                             64ff760e9112f1865db9
5_2_route                 .odb          325           1669 2f017b7596d59beb24c2
5_3_fillcell              .odb            0            275 2a4aafa993cf61d27226
6_1_fill                  .odb            0            198 2a4aafa993cf61d27226
6_1_fill                  .sdc                             64ff760e9112f1865db9
6_1_merge                                 2            571                  N/A
6_report                                157           1100                  N/A
Total                                   675           1669                     
