
===== native route and fill (1686.25s) =====
OPENROAD: /OpenROAD-flow-scripts/tools/OpenROAD
rm -f ./results/sky130hd/similarity_asic_transfer_blocal/base/1_* ./results/sky130hd/similarity_asic_transfer_blocal/base/mem*.json
rm -rf ./results/sky130hd/similarity_asic_transfer_blocal/base/memories
rm -f ./reports/sky130hd/similarity_asic_transfer_blocal/base/synth_*
rm -f ./logs/sky130hd/similarity_asic_transfer_blocal/base/1_*
rm -f 
rm -f ./results/sky130hd/similarity_asic_transfer_blocal/base/clock_period.txt
rm -f ./results/sky130hd/similarity_asic_transfer_blocal/base/2_*floorplan*.odb ./results/sky130hd/similarity_asic_transfer_blocal/base/2_floorplan.sdc ./results/sky130hd/similarity_asic_transfer_blocal/base/2_*.v ./results/sky130hd/similarity_asic_transfer_blocal/base/2_*.def
rm -f ./reports/sky130hd/similarity_asic_transfer_blocal/base/2_*
rm -f ./logs/sky130hd/similarity_asic_transfer_blocal/base/2_*
rm -f ./results/sky130hd/similarity_asic_transfer_blocal/base/3_*place*.odb
rm -f ./results/sky130hd/similarity_asic_transfer_blocal/base/3_place.sdc
rm -f ./results/sky130hd/similarity_asic_transfer_blocal/base/3_*.def ./results/sky130hd/similarity_asic_transfer_blocal/base/3_*.v
rm -f ./reports/sky130hd/similarity_asic_transfer_blocal/base/3_*
rm -f ./logs/sky130hd/similarity_asic_transfer_blocal/base/3_*
rm -rf ./results/sky130hd/similarity_asic_transfer_blocal/base/4_*cts*.odb ./results/sky130hd/similarity_asic_transfer_blocal/base/4_cts.sdc ./results/sky130hd/similarity_asic_transfer_blocal/base/4_*.v ./results/sky130hd/similarity_asic_transfer_blocal/base/4_*.def
rm -f  ./reports/sky130hd/similarity_asic_transfer_blocal/base/4_*
rm -rf ./logs/sky130hd/similarity_asic_transfer_blocal/base/4_*
rm -rf ./results/sky130hd/similarity_asic_transfer_blocal/base/route.guide ./results/sky130hd/similarity_asic_transfer_blocal/base/output_guide.mod ./results/sky130hd/similarity_asic_transfer_blocal/base/updated_clks.sdc
rm -rf ./results/sky130hd/similarity_asic_transfer_blocal/base/5_*.odb ./results/sky130hd/similarity_asic_transfer_blocal/base/5_route.sdc ./results/sky130hd/similarity_asic_transfer_blocal/base/5_*.def ./results/sky130hd/similarity_asic_transfer_blocal/base/5_*.v
rm -f  ./reports/sky130hd/similarity_asic_transfer_blocal/base/5_*
rm -f  ./logs/sky130hd/similarity_asic_transfer_blocal/base/5_*
rm -rf ./results/sky130hd/similarity_asic_transfer_blocal/base/6_*.gds ./results/sky130hd/similarity_asic_transfer_blocal/base/6_*.oas ./results/sky130hd/similarity_asic_transfer_blocal/base/6_*.odb ./results/sky130hd/similarity_asic_transfer_blocal/base/6_*.v ./results/sky130hd/similarity_asic_transfer_blocal/base/6_*.def ./results/sky130hd/similarity_asic_transfer_blocal/base/6_*.sdc ./results/sky130hd/similarity_asic_transfer_blocal/base/6_*.spef
rm -rf ./reports/sky130hd/similarity_asic_transfer_blocal/base/6_*.rpt
rm -f  ./logs/sky130hd/similarity_asic_transfer_blocal/base/6_*
rm -f ./reports/sky130hd/similarity_asic_transfer_blocal/base/design-dir.txt
rm -f ./reports/sky130hd/similarity_asic_transfer_blocal/base/metadata*.*
rm -f ./results/sky130hd/similarity_asic_transfer_blocal/base/similarity_asic_transfer_blocal.lib ./results/sky130hd/similarity_asic_transfer_blocal/base/similarity_asic_transfer_blocal.lef
rm -rf ./objects/sky130hd/similarity_asic_transfer_blocal/base
mkdir -p ./results/sky130hd/similarity_asic_transfer_blocal/base/
echo 20.0 > ./results/sky130hd/similarity_asic_transfer_blocal/base/clock_period.txt
/OpenROAD-flow-scripts/flow/scripts/synth.sh /OpenROAD-flow-scripts/flow/scripts/synth_canonicalize.tcl ./logs/sky130hd/similarity_asic_transfer_blocal/base/1_1_yosys_canonicalize.log
Using ABC speed script.
Extracting clock period from SDC file: ./results/sky130hd/similarity_asic_transfer_blocal/base/clock_period.txt
Setting clock period to 20.0
1. Executing Liberty frontend: /OpenROAD-flow-scripts/flow/platforms/sky130hd/lib/sky130_fd_sc_hd__tt_025C_1v80.lib
2. Executing Liberty frontend: /OpenROAD-flow-scripts/flow/platforms/sky130hd/lib/sky130_fd_sc_hd__tt_025C_1v80.lib
3. Executing Verilog-2005 frontend: /work/rtl/kernellum_local_mac_array.sv
4. Executing Verilog-2005 frontend: /work/rtl/kernellum_blocal_mac_array.sv
5. Executing Verilog-2005 frontend: /work/rtl/similarity_asic_transfer_blocal.sv
6. Executing Verilog-2005 frontend: /OpenROAD-flow-scripts/flow/platforms/sky130hd/cells_clkgate_hd.v
7. Executing HIERARCHY pass (managing design hierarchy).
8. Executing AST frontend in derive mode using pre-parsed AST for module `\similarity_asic_transfer_blocal'.
8.1. Analyzing design hierarchy..
8.2. Executing AST frontend in derive mode using pre-parsed AST for module `\kernellum_blocal_mac_array'.
8.3. Analyzing design hierarchy..
8.4. Executing AST frontend in derive mode using pre-parsed AST for module `\kernellum_delay_line'.
Warning: Replacing memory \g_delay.valid_pipe with list of registers. See /work/rtl/kernellum_local_mac_array.sv:28
Warning: Replacing memory \g_delay.data_pipe with list of registers. See /work/rtl/kernellum_local_mac_array.sv:27
8.5. Executing AST frontend in derive mode using pre-parsed AST for module `\kernellum_delay_line'.
8.6. Executing AST frontend in derive mode using pre-parsed AST for module `\kernellum_delay_line'.
8.7. Executing AST frontend in derive mode using pre-parsed AST for module `\kernellum_delay_line'.
8.8. Executing AST frontend in derive mode using pre-parsed AST for module `\kernellum_delay_line'.
8.9. Analyzing design hierarchy..
8.10. Analyzing design hierarchy..
8.11. Analyzing design hierarchy..
9. Executing OPT_CLEAN pass (remove unused cells and wires).
Warning: Ignoring module $paramod$08146823295b8a3bf53cc0b8d3a0a25a26201b9a\kernellum_delay_line because it contains processes (run 'proc' command first).
Warning: Ignoring module similarity_asic_transfer_blocal because it contains processes (run 'proc' command first).
Warning: Ignoring module $paramod$30aa0fccf485d12a0759e2061940c374a2cf4e95\kernellum_blocal_mac_array because it contains processes (run 'proc' command first).
Warning: Ignoring module $paramod$aeb5f64991a0f57a1ea3e1bde0515bab78a0eebf\kernellum_delay_line because it contains processes (run 'proc' command first).
Warning: Ignoring module $paramod$21df655d0ed86de5f5cd0f7f45e43de1a91f28b6\kernellum_delay_line because it contains processes (run 'proc' command first).
Warning: Ignoring module $paramod$da5c6e3f64faa1f672788225f4c55878ff9e971e\kernellum_delay_line because it contains processes (run 'proc' command first).
10. Executing RTLIL backend.
Warnings: 8 unique messages, 14 total
End of script. Logfile hash: a45bda6fc9, time: 0.35s, user: 0.29s, system: 0.04s, MEM: 56.41 MB peak
Yosys 0.68+post (git sha1 UNKNOWN, Release, GNU /usr/local/bin/wrapped-cc/g++ 11.4.0)
Time spent: 51% 1x hierarchy (0 sec), 34% 4x read_liberty (0 sec), ...
Elapsed time: 0:00.36[h:]min:sec. CPU time: user 0.31 sys 0.05 (99%). Peak memory: 60748KB.
Log                       Ext     Elapsed/s Peak Memory/MB sha1sum result [0:20)
1_1_yosys_canonicalize    .rtlil          0             59 7d52ab1d28a8d1875066
/OpenROAD-flow-scripts/flow/scripts/synth.sh /OpenROAD-flow-scripts/flow/scripts/synth.tcl ./logs/sky130hd/similarity_asic_transfer_blocal/base/1_2_yosys.log
Using ABC speed script.
Extracting clock period from SDC file: ./results/sky130hd/similarity_asic_transfer_blocal/base/clock_period.txt
Setting clock period to 20.0
1. Executing RTLIL frontend.
2. Executing HIERARCHY pass (managing design hierarchy).
2.1. Analyzing design hierarchy..
2.2. Analyzing design hierarchy..
3. Executing SYNTH pass.
3.1. Executing HIERARCHY pass (managing design hierarchy).
3.1.1. Analyzing design hierarchy..
3.1.2. Analyzing design hierarchy..
3.2. Executing PROC pass (convert processes to netlists).
3.2.1. Executing PROC_CLEAN pass (remove empty switches from decision trees).
3.2.2. Executing PROC_RMDEAD pass (remove dead branches from decision trees).
3.2.3. Executing PROC_PRUNE pass (remove redundant assignments in processes).
3.2.4. Executing PROC_INIT pass (extract init attributes).
3.2.5. Executing PROC_ARST pass (detect async resets in processes).
3.2.6. Executing PROC_ROM pass (convert switches to ROMs).
3.2.7. Executing PROC_MUX pass (convert decision trees to multiplexers).
3.2.8. Executing PROC_DLATCH pass (convert process syncs to latches).
3.2.9. Executing PROC_DFF pass (convert process syncs to FFs).
3.2.10. Executing PROC_MEMWR pass (convert process memory writes to cells).
3.2.11. Executing PROC_CLEAN pass (remove empty switches from decision trees).
3.2.12. Executing OPT_EXPR pass (perform const folding).
3.3. Executing CHECK pass (checking for obvious problems).
3.4. Executing FLATTEN pass (flatten design).
3.5. Executing OPT_EXPR pass (perform const folding).
3.6. Executing OPT_CLEAN pass (remove unused cells and wires).
3.7. Executing CHECK pass (checking for obvious problems).
3.8. Executing OPT pass (performing simple optimizations).
3.8.1. Executing OPT_EXPR pass (perform const folding).
3.8.2. Executing OPT_MERGE pass (detect identical cells).
3.8.3. Executing OPT_MUXTREE pass (detect dead branches in mux trees).
3.8.4. Executing OPT_REDUCE pass (consolidate $*mux and $reduce_* inputs).
3.8.5. Executing OPT_MERGE pass (detect identical cells).
3.8.6. Executing OPT_DFF pass (perform DFF optimizations).
3.8.7. Executing OPT_CLEAN pass (remove unused cells and wires).
3.8.8. Executing OPT_EXPR pass (perform const folding).
3.8.9. Rerunning OPT passes. (Maybe there is more to do..)
3.8.10. Executing OPT_MUXTREE pass (detect dead branches in mux trees).
3.8.11. Executing OPT_REDUCE pass (consolidate $*mux and $reduce_* inputs).
3.8.12. Executing OPT_MERGE pass (detect identical cells).
3.8.13. Executing OPT_DFF pass (perform DFF optimizations).
3.8.14. Executing OPT_CLEAN pass (remove unused cells and wires).
3.8.15. Executing OPT_EXPR pass (perform const folding).
3.8.16. Rerunning OPT passes. (Maybe there is more to do..)
3.8.17. Executing OPT_MUXTREE pass (detect dead branches in mux trees).
3.8.18. Executing OPT_REDUCE pass (consolidate $*mux and $reduce_* inputs).
3.8.19. Executing OPT_MERGE pass (detect identical cells).
3.8.20. Executing OPT_DFF pass (perform DFF optimizations).
3.8.21. Executing OPT_CLEAN pass (remove unused cells and wires).
3.8.22. Executing OPT_EXPR pass (perform const folding).
3.8.23. Finished fast OPT passes. (There is nothing left to do.)
3.9. Executing FSM pass (extract and optimize FSM).
3.9.1. Executing FSM_DETECT pass (finding FSMs in design).
3.9.2. Executing FSM_EXTRACT pass (extracting FSM from design).
3.9.3. Executing FSM_OPT pass (simple optimizations of FSMs).
3.9.4. Executing OPT_CLEAN pass (remove unused cells and wires).
3.9.5. Executing FSM_OPT pass (simple optimizations of FSMs).
3.9.6. Executing FSM_RECODE pass (re-assigning FSM state encoding).
3.9.7. Executing FSM_INFO pass (dumping all available information on FSM cells).
3.9.8. Executing FSM_MAP pass (mapping FSMs to basic logic).
3.10. Executing OPT pass (performing simple optimizations).
3.10.1. Executing OPT_EXPR pass (perform const folding).
3.10.2. Executing OPT_MERGE pass (detect identical cells).
3.10.3. Executing OPT_MUXTREE pass (detect dead branches in mux trees).
3.10.4. Executing OPT_REDUCE pass (consolidate $*mux and $reduce_* inputs).
3.10.5. Executing OPT_MERGE pass (detect identical cells).
3.10.6. Executing OPT_DFF pass (perform DFF optimizations).
3.10.7. Executing OPT_CLEAN pass (remove unused cells and wires).
3.10.8. Executing OPT_EXPR pass (perform const folding).
3.10.9. Rerunning OPT passes. (Maybe there is more to do..)
3.10.10. Executing OPT_MUXTREE pass (detect dead branches in mux trees).
3.10.11. Executing OPT_REDUCE pass (consolidate $*mux and $reduce_* inputs).
3.10.12. Executing OPT_MERGE pass (detect identical cells).
3.10.13. Executing OPT_DFF pass (perform DFF optimizations).
3.10.14. Executing OPT_CLEAN pass (remove unused cells and wires).
3.10.15. Executing OPT_EXPR pass (perform const folding).
3.10.16. Finished fast OPT passes. (There is nothing left to do.)
3.11. Executing WREDUCE pass (reducing word size of cells).
3.12. Executing PEEPOPT pass (run peephole optimizers).
3.13. Executing OPT_CLEAN pass (remove unused cells and wires).
3.14. Executing ALUMACC pass (create $alu and $macc cells).
3.15. Executing SHARE pass (SAT-based resource sharing).
3.16. Executing OPT pass (performing simple optimizations).
3.16.1. Executing OPT_EXPR pass (perform const folding).
3.16.2. Executing OPT_MERGE pass (detect identical cells).
3.16.3. Executing OPT_MUXTREE pass (detect dead branches in mux trees).
3.16.4. Executing OPT_REDUCE pass (consolidate $*mux and $reduce_* inputs).
3.16.5. Executing OPT_MERGE pass (detect identical cells).
3.16.6. Executing OPT_DFF pass (perform DFF optimizations).
3.16.7. Executing OPT_CLEAN pass (remove unused cells and wires).
3.16.8. Executing OPT_EXPR pass (perform const folding).
3.16.9. Rerunning OPT passes. (Maybe there is more to do..)
3.16.10. Executing OPT_MUXTREE pass (detect dead branches in mux trees).
3.16.11. Executing OPT_REDUCE pass (consolidate $*mux and $reduce_* inputs).
3.16.12. Executing OPT_MERGE pass (detect identical cells).
3.16.13. Executing OPT_DFF pass (perform DFF optimizations).
3.16.14. Executing OPT_CLEAN pass (remove unused cells and wires).
3.16.15. Executing OPT_EXPR pass (perform const folding).
3.16.16. Finished fast OPT passes. (There is nothing left to do.)
3.17. Executing MEMORY pass.
3.17.1. Executing OPT_MEM pass (optimize memories).
3.17.2. Executing OPT_MEM_PRIORITY pass (removing unnecessary memory write priority relations).
3.17.3. Executing OPT_MEM_FEEDBACK pass (finding memory read-to-write feedback paths).
3.17.4. Executing MEMORY_BMUX2ROM pass (converting muxes to ROMs).
3.17.5. Executing MEMORY_DFF pass (merging $dff cells to $memrd).
3.17.6. Executing OPT_CLEAN pass (remove unused cells and wires).
3.17.7. Executing MEMORY_SHARE pass (consolidating $memrd/$memwr cells).
3.17.8. Executing OPT_MEM_WIDEN pass (optimize memories where all ports are wide).
3.17.9. Executing OPT_CLEAN pass (remove unused cells and wires).
3.17.10. Executing MEMORY_COLLECT pass (generating $mem cells).
3.18. Executing OPT_CLEAN pass (remove unused cells and wires).
4. Executing SYNTH pass.
4.1. Executing OPT pass (performing simple optimizations).
4.1.1. Executing OPT_EXPR pass (perform const folding).
4.1.2. Executing OPT_MERGE pass (detect identical cells).
4.1.3. Executing OPT_DFF pass (perform DFF optimizations).
4.1.4. Executing OPT_CLEAN pass (remove unused cells and wires).
4.1.5. Finished fast OPT passes.
4.2. Executing MEMORY_MAP pass (converting memories to logic and flip-flops).
4.3. Executing OPT pass (performing simple optimizations).
4.3.1. Executing OPT_EXPR pass (perform const folding).
4.3.2. Executing OPT_MERGE pass (detect identical cells).
4.3.3. Executing OPT_MUXTREE pass (detect dead branches in mux trees).
4.3.4. Executing OPT_REDUCE pass (consolidate $*mux and $reduce_* inputs).
4.3.5. Executing OPT_MERGE pass (detect identical cells).
4.3.6. Executing OPT_SHARE pass.
4.3.7. Executing OPT_DFF pass (perform DFF optimizations).
4.3.8. Executing OPT_CLEAN pass (remove unused cells and wires).
4.3.9. Executing OPT_EXPR pass (perform const folding).
4.3.10. Rerunning OPT passes. (Maybe there is more to do..)
4.3.11. Executing OPT_MUXTREE pass (detect dead branches in mux trees).
4.3.12. Executing OPT_REDUCE pass (consolidate $*mux and $reduce_* inputs).
4.3.13. Executing OPT_MERGE pass (detect identical cells).
4.3.14. Executing OPT_SHARE pass.
4.3.15. Executing OPT_DFF pass (perform DFF optimizations).
4.3.16. Executing OPT_CLEAN pass (remove unused cells and wires).
4.3.17. Executing OPT_EXPR pass (perform const folding).
4.3.18. Rerunning OPT passes. (Maybe there is more to do..)
4.3.19. Executing OPT_MUXTREE pass (detect dead branches in mux trees).
4.3.20. Executing OPT_REDUCE pass (consolidate $*mux and $reduce_* inputs).
4.3.21. Executing OPT_MERGE pass (detect identical cells).
4.3.22. Executing OPT_SHARE pass.
4.3.23. Executing OPT_DFF pass (perform DFF optimizations).
4.3.24. Executing OPT_CLEAN pass (remove unused cells and wires).
4.3.25. Executing OPT_EXPR pass (perform const folding).
4.3.26. Rerunning OPT passes. (Maybe there is more to do..)
4.3.27. Executing OPT_MUXTREE pass (detect dead branches in mux trees).
4.3.28. Executing OPT_REDUCE pass (consolidate $*mux and $reduce_* inputs).
4.3.29. Executing OPT_MERGE pass (detect identical cells).
4.3.30. Executing OPT_SHARE pass.
4.3.31. Executing OPT_DFF pass (perform DFF optimizations).
4.3.32. Executing OPT_CLEAN pass (remove unused cells and wires).
4.3.33. Executing OPT_EXPR pass (perform const folding).
4.3.34. Rerunning OPT passes. (Maybe there is more to do..)
4.3.35. Executing OPT_MUXTREE pass (detect dead branches in mux trees).
4.3.36. Executing OPT_REDUCE pass (consolidate $*mux and $reduce_* inputs).
4.3.37. Executing OPT_MERGE pass (detect identical cells).
4.3.38. Executing OPT_SHARE pass.
4.3.39. Executing OPT_DFF pass (perform DFF optimizations).
4.3.40. Executing OPT_CLEAN pass (remove unused cells and wires).
4.3.41. Executing OPT_EXPR pass (perform const folding).
4.3.42. Rerunning OPT passes. (Maybe there is more to do..)
4.3.43. Executing OPT_MUXTREE pass (detect dead branches in mux trees).
4.3.44. Executing OPT_REDUCE pass (consolidate $*mux and $reduce_* inputs).
4.3.45. Executing OPT_MERGE pass (detect identical cells).
4.3.46. Executing OPT_SHARE pass.
4.3.47. Executing OPT_DFF pass (perform DFF optimizations).
4.3.48. Executing OPT_CLEAN pass (remove unused cells and wires).
4.3.49. Executing OPT_EXPR pass (perform const folding).
4.3.50. Rerunning OPT passes. (Maybe there is more to do..)
4.3.51. Executing OPT_MUXTREE pass (detect dead branches in mux trees).
4.3.52. Executing OPT_REDUCE pass (consolidate $*mux and $reduce_* inputs).
4.3.53. Executing OPT_MERGE pass (detect identical cells).
4.3.54. Executing OPT_SHARE pass.
4.3.55. Executing OPT_DFF pass (perform DFF optimizations).
4.3.56. Executing OPT_CLEAN pass (remove unused cells and wires).
4.3.57. Executing OPT_EXPR pass (perform const folding).
4.3.58. Rerunning OPT passes. (Maybe there is more to do..)
4.3.59. Executing OPT_MUXTREE pass (detect dead branches in mux trees).
4.3.60. Executing OPT_REDUCE pass (consolidate $*mux and $reduce_* inputs).
4.3.61. Executing OPT_MERGE pass (detect identical cells).
4.3.62. Executing OPT_SHARE pass.
4.3.63. Executing OPT_DFF pass (perform DFF optimizations).
4.3.64. Executing OPT_CLEAN pass (remove unused cells and wires).
4.3.65. Executing OPT_EXPR pass (perform const folding).
4.3.66. Rerunning OPT passes. (Maybe there is more to do..)
4.3.67. Executing OPT_MUXTREE pass (detect dead branches in mux trees).
4.3.68. Executing OPT_REDUCE pass (consolidate $*mux and $reduce_* inputs).
4.3.69. Executing OPT_MERGE pass (detect identical cells).
4.3.70. Executing OPT_SHARE pass.
4.3.71. Executing OPT_DFF pass (perform DFF optimizations).
4.3.72. Executing OPT_CLEAN pass (remove unused cells and wires).
4.3.73. Executing OPT_EXPR pass (perform const folding).
4.3.74. Finished fast OPT passes. (There is nothing left to do.)
4.4. Executing TECHMAP pass (map to technology primitives).
4.4.1. Executing Verilog-2005 frontend: /OpenROAD-flow-scripts/tools/install/yosys/bin/../share/yosys/techmap.v
4.4.2. Executing Verilog-2005 frontend: /OpenROAD-flow-scripts/flow/platforms/common/lcu_kogge_stone.v
4.4.3. Continuing TECHMAP pass.
4.5. Executing OPT pass (performing simple optimizations).
4.5.1. Executing OPT_EXPR pass (perform const folding).
4.5.2. Executing OPT_MERGE pass (detect identical cells).
4.5.3. Executing OPT_DFF pass (perform DFF optimizations).
4.5.4. Executing OPT_CLEAN pass (remove unused cells and wires).
4.5.5. Finished fast OPT passes.
4.6. Executing HIERARCHY pass (managing design hierarchy).
4.6.1. Analyzing design hierarchy..
4.6.2. Analyzing design hierarchy..
4.7. Printing statistics.
4.8. Executing CHECK pass (checking for obvious problems).
5. Executing OPT pass (performing simple optimizations).
5.1. Executing OPT_EXPR pass (perform const folding).
5.2. Executing OPT_MERGE pass (detect identical cells).
5.3. Executing OPT_MUXTREE pass (detect dead branches in mux trees).
5.4. Executing OPT_REDUCE pass (consolidate $*mux and $reduce_* inputs).
5.5. Executing OPT_MERGE pass (detect identical cells).
5.6. Executing OPT_DFF pass (perform DFF optimizations).
5.7. Executing OPT_CLEAN pass (remove unused cells and wires).
5.8. Executing OPT_EXPR pass (perform const folding).
5.9. Rerunning OPT passes. (Maybe there is more to do..)
5.10. Executing OPT_MUXTREE pass (detect dead branches in mux trees).
5.11. Executing OPT_REDUCE pass (consolidate $*mux and $reduce_* inputs).
5.12. Executing OPT_MERGE pass (detect identical cells).
5.13. Executing OPT_DFF pass (perform DFF optimizations).
5.14. Executing OPT_CLEAN pass (remove unused cells and wires).
5.15. Executing OPT_EXPR pass (perform const folding).
5.16. Finished fast OPT passes. (There is nothing left to do.)
6. Executing EXTRACT_FA pass (find and extract full/half adders).
7. Executing TECHMAP pass (map to technology primitives).
7.1. Executing Verilog-2005 frontend: /OpenROAD-flow-scripts/flow/platforms/sky130hd/cells_adders_hd.v
7.2. Continuing TECHMAP pass.
8. Executing TECHMAP pass (map to technology primitives).
8.1. Executing Verilog-2005 frontend: /OpenROAD-flow-scripts/tools/install/yosys/bin/../share/yosys/techmap.v
8.2. Continuing TECHMAP pass.
9. Executing OPT pass (performing simple optimizations).
9.1. Executing OPT_EXPR pass (perform const folding).
9.2. Executing OPT_MERGE pass (detect identical cells).
9.3. Executing OPT_DFF pass (perform DFF optimizations).
9.4. Executing OPT_CLEAN pass (remove unused cells and wires).
9.5. Finished fast OPT passes.
10. Executing DFFLEGALIZE pass (convert FFs to types supported by the target).
11. Executing TECHMAP pass (map to technology primitives).
11.1. Executing Verilog-2005 frontend: /OpenROAD-flow-scripts/flow/platforms/sky130hd/cells_latch_hd.v
11.2. Continuing TECHMAP pass.
12. Executing DFFLIBMAP pass (mapping DFF cells to sequential cells from liberty file).
12.1. Executing DFFLEGALIZE pass (convert FFs to types supported by the target).
13. Executing OPT pass (performing simple optimizations).
13.1. Executing OPT_EXPR pass (perform const folding).
13.2. Executing OPT_MERGE pass (detect identical cells).
13.3. Executing OPT_MUXTREE pass (detect dead branches in mux trees).
13.4. Executing OPT_REDUCE pass (consolidate $*mux and $reduce_* inputs).
13.5. Executing OPT_MERGE pass (detect identical cells).
13.6. Executing OPT_DFF pass (perform DFF optimizations).
13.7. Executing OPT_CLEAN pass (remove unused cells and wires).
13.8. Executing OPT_EXPR pass (perform const folding).
13.9. Finished fast OPT passes. (There is nothing left to do.)
14. Executing SETUNDEF pass (replace undef values with defined constants).
abc -script /OpenROAD-flow-scripts/flow/scripts/abc_speed.script -liberty /OpenROAD-flow-scripts/flow/platforms/sky130hd/lib/sky130_fd_sc_hd__tt_025C_1v80.lib -dont_use sky130_fd_sc_hd__probe_p_8 -dont_use sky130_fd_sc_hd__probec_p_8 -dont_use sky130_fd_sc_hd__lpflow_bleeder_1 -dont_use sky130_fd_sc_hd__lpflow_clkbufkapwr_1 -dont_use sky130_fd_sc_hd__lpflow_clkbufkapwr_16 -dont_use sky130_fd_sc_hd__lpflow_clkbufkapwr_2 -dont_use sky130_fd_sc_hd__lpflow_clkbufkapwr_4 -dont_use sky130_fd_sc_hd__lpflow_clkbufkapwr_8 -dont_use sky130_fd_sc_hd__lpflow_clkinvkapwr_1 -dont_use sky130_fd_sc_hd__lpflow_clkinvkapwr_16 -dont_use sky130_fd_sc_hd__lpflow_clkinvkapwr_2 -dont_use sky130_fd_sc_hd__lpflow_clkinvkapwr_4 -dont_use sky130_fd_sc_hd__lpflow_clkinvkapwr_8 -dont_use sky130_fd_sc_hd__lpflow_decapkapwr_12 -dont_use sky130_fd_sc_hd__lpflow_decapkapwr_3 -dont_use sky130_fd_sc_hd__lpflow_decapkapwr_4 -dont_use sky130_fd_sc_hd__lpflow_decapkapwr_6 -dont_use sky130_fd_sc_hd__lpflow_decapkapwr_8 -dont_use sky130_fd_sc_hd__lpflow_inputiso0n_1 -dont_use sky130_fd_sc_hd__lpflow_inputiso0p_1 -dont_use sky130_fd_sc_hd__lpflow_inputiso1n_1 -dont_use sky130_fd_sc_hd__lpflow_inputiso1p_1 -dont_use sky130_fd_sc_hd__lpflow_inputisolatch_1 -dont_use sky130_fd_sc_hd__lpflow_isobufsrc_1 -dont_use sky130_fd_sc_hd__lpflow_isobufsrc_16 -dont_use sky130_fd_sc_hd__lpflow_isobufsrc_2 -dont_use sky130_fd_sc_hd__lpflow_isobufsrc_4 -dont_use sky130_fd_sc_hd__lpflow_isobufsrc_8 -dont_use sky130_fd_sc_hd__lpflow_isobufsrckapwr_16 -dont_use sky130_fd_sc_hd__lpflow_lsbuf_lh_hl_isowell_tap_1 -dont_use sky130_fd_sc_hd__lpflow_lsbuf_lh_hl_isowell_tap_2 -dont_use sky130_fd_sc_hd__lpflow_lsbuf_lh_hl_isowell_tap_4 -dont_use sky130_fd_sc_hd__lpflow_lsbuf_lh_isowell_4 -dont_use sky130_fd_sc_hd__lpflow_lsbuf_lh_isowell_tap_1 -dont_use sky130_fd_sc_hd__lpflow_lsbuf_lh_isowell_tap_2 -dont_use sky130_fd_sc_hd__lpflow_lsbuf_lh_isowell_tap_4 -constr ./objects/sky130hd/similarity_asic_transfer_blocal/base/abc.constr -D 20.0
15. Executing ABC pass (technology mapping using ABC).
15.1. Extracting gate netlist of module `\similarity_asic_transfer_blocal' to `<abc-temp-dir>/input.blif'..
15.1.1. Executed ABC.
15.1.2. Re-integrating ABC results.
Took 15 seconds: abc -script /OpenROAD-flow-scripts/flow/scripts/abc_speed.script -liberty /OpenROAD-flow-scripts/flow/platforms/sky130hd/lib/sky130_fd_sc_hd__tt_025C_1v80.lib -dont_use sky130_fd_sc_hd__probe_p_8 -dont_use sky130_fd_sc_hd__probec_p_8 -dont_use sky130_fd_sc_hd__lpflow_bleeder_1 -dont_use sky130_fd_sc_hd__lpflow_clkbufkapwr_1 -dont_use sky130_fd_sc_hd__lpflow_clkbufkapwr_16 -dont_use sky130_fd_sc_hd__lpflow_clkbufkapwr_2 -dont_use sky130_fd_sc_hd__lpflow_clkbufkapwr_4 -dont_use sky130_fd_sc_hd__lpflow_clkbufkapwr_8 -dont_use sky130_fd_sc_hd__lpflow_clkinvkapwr_1 -dont_use sky130_fd_sc_hd__lpflow_clkinvkapwr_16 -dont_use sky130_fd_sc_hd__lpflow_clkinvkapwr_2 -dont_use sky130_fd_sc_hd__lpflow_clkinvkapwr_4 -dont_use sky130_fd_sc_hd__lpflow_clkinvkapwr_8 -dont_use sky130_fd_sc_hd__lpflow_decapkapwr_12 -dont_use sky130_fd_sc_hd__lpflow_decapkapwr_3 -dont_use sky130_fd_sc_hd__lpflow_decapkapwr_4 -dont_use sky130_fd_sc_hd__lpflow_decapkapwr_6 -dont_use sky130_fd_sc_hd__lpflow_decapkapwr_8 -dont_use sky130_fd_sc_hd__lpflow_inputiso0n_1 -dont_use sky130_fd_sc_hd__lpflow_inputiso0p_1 -dont_use sky130_fd_sc_hd__lpflow_inputiso1n_1 -dont_use sky130_fd_sc_hd__lpflow_inputiso1p_1 -dont_use sky130_fd_sc_hd__lpflow_inputisolatch_1 -dont_use sky130_fd_sc_hd__lpflow_isobufsrc_1 -dont_use sky130_fd_sc_hd__lpflow_isobufsrc_16 -dont_use sky130_fd_sc_hd__lpflow_isobufsrc_2 -dont_use sky130_fd_sc_hd__lpflow_isobufsrc_4 -dont_use sky130_fd_sc_hd__lpflow_isobufsrc_8 -dont_use sky130_fd_sc_hd__lpflow_isobufsrckapwr_16 -dont_use sky130_fd_sc_hd__lpflow_lsbuf_lh_hl_isowell_tap_1 -dont_use sky130_fd_sc_hd__lpflow_lsbuf_lh_hl_isowell_tap_2 -dont_use sky130_fd_sc_hd__lpflow_lsbuf_lh_hl_isowell_tap_4 -dont_use sky130_fd_sc_hd__lpflow_lsbuf_lh_isowell_4 -dont_use sky130_fd_sc_hd__lpflow_lsbuf_lh_isowell_tap_1 -dont_use sky130_fd_sc_hd__lpflow_lsbuf_lh_isowell_tap_2 -dont_use sky130_fd_sc_hd__lpflow_lsbuf_lh_isowell_tap_4 -constr ./objects/sky130hd/similarity_asic_transfer_blocal/base/abc.constr -D 20.0
16. Executing SPLITNETS pass (splitting up multi-bit signals).
17. Executing OPT_CLEAN pass (remove unused cells and wires).
18. Executing HILOMAP pass (mapping to constant drivers).
19. Executing INSBUF pass (insert buffer cells for connected wires).
20. Executing CHECK pass (checking for obvious problems).
21. Printing statistics.
22. Executing CHECK pass (checking for obvious problems).
23. Executing Verilog backend.
23.1. Executing BMUXMAP pass.
23.2. Executing DEMUXMAP pass.
End of script. Logfile hash: ff83b796e0, time: 38.14s, user: 26.12s, system: 0.74s, MEM: 391.65 MB peak
Yosys 0.68+post (git sha1 UNKNOWN, Release, GNU /usr/local/bin/wrapped-cc/g++ 11.4.0)
Time spent: 34% 1x abc (14 sec), 31% 1x extract_fa (12 sec), ...
Elapsed time: 0:38.25[h:]min:sec. CPU time: user 40.01 sys 0.85 (106%). Peak memory: 401052KB.
Log                       Ext     Elapsed/s Peak Memory/MB sha1sum result [0:20)
1_2_yosys                 .v             38            391 0f9129d0b515a150bacf
cp /work/asic/transfer/constraints.sdc results/sky130hd/similarity_asic_transfer_blocal/base/1_2_yosys.sdc
touch -r /work/asic/transfer/constraints.sdc results/sky130hd/similarity_asic_transfer_blocal/base/1_2_yosys.sdc
OpenROAD unknown 
Features included (+) or not (-): -GPU +GUI -Python
This program is licensed under the BSD-3 license. See the LICENSE file for details.
Components of this program may be licensed under more restrictive licenses which must be honored.
[INFO ORD-0030] Using 4 thread(s).
mkdir -p ./objects/sky130hd/similarity_asic_transfer_blocal/base
/OpenROAD-flow-scripts/flow/scripts/flow.sh 1_synth synth_odb
Running synth_odb.tcl, stage 1_synth
read_liberty /OpenROAD-flow-scripts/flow/platforms/sky130hd/lib/sky130_fd_sc_hd__tt_025C_1v80.lib
[INFO ODB-0227] LEF file: /OpenROAD-flow-scripts/flow/platforms/sky130hd/lef/sky130_fd_sc_hd.tlef, created 13 layers, 25 vias
[INFO ODB-0227] LEF file: /OpenROAD-flow-scripts/flow/platforms/sky130hd/lef/sky130_fd_sc_hd_merged.lef, created 441 library cells
link_design similarity_asic_transfer_blocal
read_sdc ./results/sky130hd/similarity_asic_transfer_blocal/base/1_2_yosys.sdc
source /OpenROAD-flow-scripts/flow/platforms/sky130hd/setRC.tcl
eliminate_dead_logic
Removed 41 unused instances and 41 unused nets.
Design area 327246 um^2 100% utilization.
write_db ./results/sky130hd/similarity_asic_transfer_blocal/base/1_synth.odb
write_sdc -no_timestamp ./results/sky130hd/similarity_asic_transfer_blocal/base/1_synth.sdc
Elapsed time: 0:01.05[h:]min:sec. CPU time: user 1.01 sys 0.04 (99%). Peak memory: 209128KB.
Log                       Ext     Elapsed/s Peak Memory/MB sha1sum result [0:20)
1_synth                   .odb            1            204 cc723d383a91373a717b
1_synth                   .sdc                             1517283a0d978805bcd5
/OpenROAD-flow-scripts/flow/scripts/flow.sh 2_1_floorplan floorplan
Running floorplan.tcl, stage 2_1_floorplan
read_liberty /OpenROAD-flow-scripts/flow/platforms/sky130hd/lib/sky130_fd_sc_hd__tt_025C_1v80.lib
read_db ./results/sky130hd/similarity_asic_transfer_blocal/base/1_synth.odb
read_sdc ./results/sky130hd/similarity_asic_transfer_blocal/base/1_synth.sdc
source /OpenROAD-flow-scripts/flow/platforms/sky130hd/setRC.tcl
Master sky130_ef_sc_hd__decap_12 is loaded but not used in the design

==========================================================================
Floorplan check_setup
--------------------------------------------------------------------------
Warning: There is 1 input port missing set_input_delay.
Warning: There are 32 output ports missing set_output_delay.
Warning: There are 34 unconstrained endpoints.
number instances in verilog is 28584
initialize_floorplan -utilization 35 -aspect_ratio 1.0 -core_space 1.0 -site unithd
[INFO IFP-0107] Defining die area using utilization: 35.00% and aspect ratio: 1.
[WARNING IFP-0028] Core area lower left (1.000, 1.000) snapped to (1.380, 2.720).
[INFO IFP-0001] Added 354 rows of 2101 site unithd.
[INFO IFP-0100] Die BBox:  (  0.000  0.000 ) ( 968.950 968.950 ) um
[INFO IFP-0101] Core BBox: (  1.380  2.720 ) ( 967.840 965.600 ) um
[INFO IFP-0102] Core area:                       930585.005 um^2
[INFO IFP-0103] Total instances area:            327246.355 um^2
[INFO IFP-0104] Effective utilization:                0.352
[INFO IFP-0105] Number of instances:                  28584
source /OpenROAD-flow-scripts/flow/platforms/sky130hd/make_tracks.tcl
source /OpenROAD-flow-scripts/flow/platforms/sky130hd/fastroute.tcl
set_dont_use "sky130_fd_sc_hd__probe_p_8 sky130_fd_sc_hd__probec_p_8 sky130_fd_sc_hd__lpflow_bleeder_1 sky130_fd_sc_hd__lpflow_clkbufkapwr_1 sky130_fd_sc_hd__lpflow_clkbufkapwr_16 sky130_fd_sc_hd__lpflow_clkbufkapwr_2 sky130_fd_sc_hd__lpflow_clkbufkapwr_4 sky130_fd_sc_hd__lpflow_clkbufkapwr_8 sky130_fd_sc_hd__lpflow_clkinvkapwr_1 sky130_fd_sc_hd__lpflow_clkinvkapwr_16 sky130_fd_sc_hd__lpflow_clkinvkapwr_2 sky130_fd_sc_hd__lpflow_clkinvkapwr_4 sky130_fd_sc_hd__lpflow_clkinvkapwr_8 sky130_fd_sc_hd__lpflow_decapkapwr_12 sky130_fd_sc_hd__lpflow_decapkapwr_3 sky130_fd_sc_hd__lpflow_decapkapwr_4 sky130_fd_sc_hd__lpflow_decapkapwr_6 sky130_fd_sc_hd__lpflow_decapkapwr_8 sky130_fd_sc_hd__lpflow_inputiso0n_1 sky130_fd_sc_hd__lpflow_inputiso0p_1 sky130_fd_sc_hd__lpflow_inputiso1n_1 sky130_fd_sc_hd__lpflow_inputiso1p_1 sky130_fd_sc_hd__lpflow_inputisolatch_1 sky130_fd_sc_hd__lpflow_isobufsrc_1 sky130_fd_sc_hd__lpflow_isobufsrc_16 sky130_fd_sc_hd__lpflow_isobufsrc_2 sky130_fd_sc_hd__lpflow_isobufsrc_4 sky130_fd_sc_hd__lpflow_isobufsrc_8 sky130_fd_sc_hd__lpflow_isobufsrckapwr_16 sky130_fd_sc_hd__lpflow_lsbuf_lh_hl_isowell_tap_1 sky130_fd_sc_hd__lpflow_lsbuf_lh_hl_isowell_tap_2 sky130_fd_sc_hd__lpflow_lsbuf_lh_hl_isowell_tap_4 sky130_fd_sc_hd__lpflow_lsbuf_lh_isowell_4 sky130_fd_sc_hd__lpflow_lsbuf_lh_isowell_tap_1 sky130_fd_sc_hd__lpflow_lsbuf_lh_isowell_tap_2 sky130_fd_sc_hd__lpflow_lsbuf_lh_isowell_tap_4"
repair_tie_fanout -separation 0 sky130_fd_sc_hd__tt_025C_1v80/sky130_fd_sc_hd__conb_1/LO
repair_tie_fanout -separation 0 sky130_fd_sc_hd__tt_025C_1v80/sky130_fd_sc_hd__conb_1/HI
repair_timing -setup_margin 0 -hold_margin 0 -repair_tns 100 -match_cell_footprint -setup -skip_last_gasp -sequence unbuffer,sizeup,swap,vt_swap -verbose
[WARNING EST-0027] no estimated parasitics. Using wire load models.
[INFO RSZ-0100] Repair move sequence: UnbufferMove SizeUpMove SwapPinsMove 
[INFO RSZ-0098] No setup violations found
[INFO RSZ-0505] Runtime: 0.10s
Default units for flow
 time 1ns
 capacitance 1pF
 resistance 1kohm
 voltage 1v
 current 1mA
 power 1nW
 distance 1um
   Layer   | Unit Resistance | Unit Capacitance 
           |       (kohm/um) |          (pF/um)
------------------------------------------------
       li1 |        7.18e-02 |         1.50e-04
      met1 |        1.21e-03 |         1.72e-04
      met2 |        1.22e-03 |         1.36e-04
      met3 |        1.66e-04 |         2.15e-04
      met4 |        1.68e-04 |         1.48e-04
      met5 |        1.84e-05 |         1.54e-04
------------------------------------------------

   Layer   | Via Resistance 
           |         (kohm) 
----------------------------
      mcon |       9.25e-03 
       via |       4.50e-03 
      via2 |       3.37e-03 
      via3 |       3.77e-04 
      via4 |       5.80e-06 
----------------------------
Report metrics stage 2, floorplan final...

==========================================================================
floorplan final report_design_area
--------------------------------------------------------------------------
Design area 327246 um^2 35% utilization.
write_db ./results/sky130hd/similarity_asic_transfer_blocal/base/2_1_floorplan.odb
write_sdc -no_timestamp ./results/sky130hd/similarity_asic_transfer_blocal/base/2_1_floorplan.sdc
Elapsed time: 0:04.17[h:]min:sec. CPU time: user 4.90 sys 0.11 (120%). Peak memory: 264232KB.
Log                       Ext     Elapsed/s Peak Memory/MB sha1sum result [0:20)
2_1_floorplan             .odb            4            258 e33a71fbbfcc01bd984f
2_1_floorplan             .sdc                             1517283a0d978805bcd5
/OpenROAD-flow-scripts/flow/scripts/flow.sh 2_2_floorplan_macro macro_place
Running macro_place.tcl, stage 2_2_floorplan_macro
read_liberty /OpenROAD-flow-scripts/flow/platforms/sky130hd/lib/sky130_fd_sc_hd__tt_025C_1v80.lib
read_db ./results/sky130hd/similarity_asic_transfer_blocal/base/2_1_floorplan.odb
read_sdc ./results/sky130hd/similarity_asic_transfer_blocal/base/2_1_floorplan.sdc
source /OpenROAD-flow-scripts/flow/platforms/sky130hd/setRC.tcl
No macros found: Skipping macro_placement
Design area 327246 um^2 35% utilization.
write_db ./results/sky130hd/similarity_asic_transfer_blocal/base/2_2_floorplan_macro.odb
Elapsed time: 0:00.52[h:]min:sec. CPU time: user 0.48 sys 0.04 (99%). Peak memory: 157924KB.
Log                       Ext     Elapsed/s Peak Memory/MB sha1sum result [0:20)
2_2_floorplan_macro       .odb            0            154 e33a71fbbfcc01bd984f
/OpenROAD-flow-scripts/flow/scripts/flow.sh 2_3_floorplan_tapcell tapcell
Running tapcell.tcl, stage 2_3_floorplan_tapcell
read_liberty /OpenROAD-flow-scripts/flow/platforms/sky130hd/lib/sky130_fd_sc_hd__tt_025C_1v80.lib
read_db ./results/sky130hd/similarity_asic_transfer_blocal/base/2_2_floorplan_macro.odb
read_sdc ./results/sky130hd/similarity_asic_transfer_blocal/base/2_1_floorplan.sdc
source /OpenROAD-flow-scripts/flow/platforms/sky130hd/setRC.tcl
[INFO TAP-0005] Inserted 12460 tapcells.
Design area 342836 um^2 37% utilization.
write_db ./results/sky130hd/similarity_asic_transfer_blocal/base/2_3_floorplan_tapcell.odb
Elapsed time: 0:00.50[h:]min:sec. CPU time: user 0.45 sys 0.04 (99%). Peak memory: 160812KB.
Log                       Ext     Elapsed/s Peak Memory/MB sha1sum result [0:20)
2_3_floorplan_tapcell     .odb            0            157 53e14c80f517fa6b5ce9
/OpenROAD-flow-scripts/flow/scripts/flow.sh 2_4_floorplan_pdn pdn
Running pdn.tcl, stage 2_4_floorplan_pdn
read_liberty /OpenROAD-flow-scripts/flow/platforms/sky130hd/lib/sky130_fd_sc_hd__tt_025C_1v80.lib
read_db ./results/sky130hd/similarity_asic_transfer_blocal/base/2_3_floorplan_tapcell.odb
read_sdc ./results/sky130hd/similarity_asic_transfer_blocal/base/2_1_floorplan.sdc
source /OpenROAD-flow-scripts/flow/platforms/sky130hd/setRC.tcl
[WARNING PDN-1051] No instances found for grid (CORE_macro_grid_1).
[WARNING PDN-1051] No instances found for grid (CORE_macro_grid_2).
[INFO PDN-0001] Inserting grid: grid
[INFO PDN-0500] Runtime: 0.37s
Design area 342836 um^2 37% utilization.
write_db ./results/sky130hd/similarity_asic_transfer_blocal/base/2_4_floorplan_pdn.odb
Elapsed time: 0:01.49[h:]min:sec. CPU time: user 1.44 sys 0.05 (99%). Peak memory: 208916KB.
Log                       Ext     Elapsed/s Peak Memory/MB sha1sum result [0:20)
2_4_floorplan_pdn         .odb            1            204 470a43d1f214802af4d0
cp ./results/sky130hd/similarity_asic_transfer_blocal/base/2_4_floorplan_pdn.odb ./results/sky130hd/similarity_asic_transfer_blocal/base/2_floorplan.odb
cp ./results/sky130hd/similarity_asic_transfer_blocal/base/2_1_floorplan.sdc ./results/sky130hd/similarity_asic_transfer_blocal/base/2_floorplan.sdc
/OpenROAD-flow-scripts/flow/scripts/flow.sh 3_1_place_gp_skip_io global_place_skip_io
Running global_place_skip_io.tcl, stage 3_1_place_gp_skip_io
read_liberty /OpenROAD-flow-scripts/flow/platforms/sky130hd/lib/sky130_fd_sc_hd__tt_025C_1v80.lib
read_db ./results/sky130hd/similarity_asic_transfer_blocal/base/2_floorplan.odb
read_sdc ./results/sky130hd/similarity_asic_transfer_blocal/base/2_floorplan.sdc
source /OpenROAD-flow-scripts/flow/platforms/sky130hd/setRC.tcl
global_placement -skip_io -density 0.5 -pad_left 0 -pad_right 0 -random_seed 277
[INFO GPL-0190] Using 2 of 4 threads for placement: one per core, SMT siblings idle.
[INFO GPL-0001] ---- Initialize GPL Main Data Structures
[INFO GPL-0002] DBU: 1000
[INFO GPL-0003] SiteSize: (  0.460  2.720 ) um
[INFO GPL-0004] CoreBBox: (  1.380  2.720 ) ( 967.840 965.600 ) um
[INFO GPL-0016] Core area:                  930585.005 um^2
[INFO GPL-0036] Movable instances area:     327246.355 um^2
[INFO GPL-0037] Total instances area:       342836.307 um^2
[INFO GPL-0035] Pin density area adjust:     11340.404 um^2
[INFO GPL-0032] ---- Initialize Region: Top-level
[INFO GPL-0006] Number of instances:             41044
[INFO GPL-0007] Movable instances:               28584
[INFO GPL-0008] Fixed instances:                 12460
[INFO GPL-0009] Dummy instances:                     0
[INFO GPL-0010] Number of nets:                  38556
[INFO GPL-0011] Number of pins:                 108160
[INFO GPL-0012] Die BBox:       (  0.000  0.000 ) ( 968.950 968.950 ) um
[INFO GPL-0013] Placement BBox: (  1.380  2.720 ) ( 967.840 965.600 ) um
[INFO GPL-0014] Region name: top-level.
[INFO GPL-0015] Region area:                930585.005 um^2
[INFO GPL-0017] Fixed instances area:        15589.952 um^2
[INFO GPL-0018] Movable instances area:     338586.760 um^2
[INFO GPL-0019] Utilization:                    37.004 %
[INFO GPL-0020] Standard cells area:        338586.760 um^2
[INFO GPL-0021] Large instances area:            0.000 um^2
[INFO GPL-0005] ---- Execute Conjugate Gradient Initial Placement.
[INFO GPL-0051] Source of initial instance position counters:
	Odb location = 0	Core center = 28584	Region center = 0
[INFO GPL-0033] ---- Initialize Nesterov Region: Top-level
[INFO GPL-0023] Placement target density:       0.5000
[INFO GPL-0024] Movable insts average area:     11.845 um^2
[INFO GPL-0025] Ideal bin area:                 23.691 um^2
[INFO GPL-0026] Ideal bin count:                 39280
[INFO GPL-0027] Total bin area:             930585.005 um^2
[INFO GPL-0028] Bin count (X, Y):         128 ,    128
[INFO GPL-0029] Bin size (W * H):       7.550 *  7.522 um
[INFO GPL-0030] Number of bins:                  16384
[INFO GPL-0084] ---- Execute Nesterov Global Placement.
[INFO GPL-0031] HPWL: Half-Perimeter Wirelength
Iteration | Overflow |     HPWL (um) |  HPWL(%) |   Penalty | Group
---------------------------------------------------------------
        0 |   0.9994 |  9.944242e+04 |   +0.00% |  7.26e-16 |      
       10 |   0.9991 |  8.387116e+04 |  -15.66% |  1.18e-15 |      
       20 |   0.9991 |  8.326028e+04 |   -0.73% |  1.93e-15 |      
       30 |   0.9990 |  8.314615e+04 |   -0.14% |  3.14e-15 |      
       40 |   0.9989 |  8.305466e+04 |   -0.11% |  5.11e-15 |      
       50 |   0.9988 |  8.300840e+04 |   -0.06% |  8.33e-15 |      
       60 |   0.9988 |  8.300633e+04 |   -0.00% |  1.36e-14 |      
       70 |   0.9988 |  8.309848e+04 |   +0.11% |  2.21e-14 |      
       80 |   0.9987 |  8.346743e+04 |   +0.44% |  3.60e-14 |      
       90 |   0.9986 |  8.444009e+04 |   +1.17% |  5.86e-14 |      
      100 |   0.9986 |  8.675396e+04 |   +2.74% |  9.55e-14 |      
      110 |   0.9983 |  9.124240e+04 |   +5.17% |  1.55e-13 |      
      120 |   0.9979 |  9.823351e+04 |   +7.66% |  2.53e-13 |      
      130 |   0.9962 |  1.086547e+05 |  +10.61% |  4.12e-13 |      
      140 |   0.9940 |  1.276745e+05 |  +17.50% |  6.69e-13 |      
      150 |   0.9886 |  1.611411e+05 |  +26.21% |  1.09e-12 |      
      160 |   0.9795 |  2.038469e+05 |  +26.50% |  1.76e-12 |      
      170 |   0.9683 |  2.455891e+05 |  +20.48% |  2.86e-12 |      
      180 |   0.9552 |  2.842761e+05 |  +15.75% |  4.63e-12 |      
      190 |   0.9384 |  3.262019e+05 |  +14.75% |  7.51e-12 |      
      200 |   0.9136 |  3.764979e+05 |  +15.42% |  1.22e-11 |      
      210 |   0.8810 |  4.337649e+05 |  +15.21% |  1.97e-11 |      
      220 |   0.8437 |  4.931982e+05 |  +13.70% |  3.19e-11 |      
      230 |   0.8065 |  5.504876e+05 |  +11.62% |  5.16e-11 |      
      240 |   0.7723 |  6.073170e+05 |  +10.32% |  8.35e-11 |      
      250 |   0.7362 |  6.680972e+05 |  +10.01% |  1.35e-10 |      
      260 |   0.6961 |  7.305791e+05 |   +9.35% |  2.19e-10 |      
      270 |   0.6555 |  7.825372e+05 |   +7.11% |  3.54e-10 |      
      280 |   0.6167 |  8.210857e+05 |   +4.93% |  5.74e-10 |      
      290 |   0.5793 |  8.567130e+05 |   +4.34% |  9.32e-10 |      
      300 |   0.5385 |  8.773486e+05 |   +2.41% |  1.51e-09 |      
      310 |   0.5016 |  8.832514e+05 |   +0.67% |  2.46e-09 |      
      320 |   0.4653 |  8.852887e+05 |   +0.23% |  4.01e-09 |      
      330 |   0.4291 |  8.864689e+05 |   +0.13% |  6.54e-09 |      
      340 |   0.3880 |  8.930006e+05 |   +0.74% |  1.06e-08 |      
      350 |   0.3440 |  8.955252e+05 |   +0.28% |  1.73e-08 |      
      360 |   0.3094 |  8.950190e+05 |   -0.06% |  2.55e-08 |      
      370 |   0.2721 |  8.967780e+05 |   +0.20% |  3.76e-08 |      
      380 |   0.2363 |  8.989396e+05 |   +0.24% |  5.54e-08 |      
      390 |   0.2046 |  9.019584e+05 |   +0.34% |  8.15e-08 |      
      400 |   0.1774 |  9.055589e+05 |   +0.40% |  1.20e-07 |      
      410 |   0.1537 |  9.090010e+05 |   +0.38% |  1.77e-07 |      
      420 |   0.1326 |  9.119796e+05 |   +0.33% |  2.60e-07 |      
      430 |   0.1135 |  9.142429e+05 |   +0.25% |  3.84e-07 |      
      438 |   0.0995 |  9.158038e+05 |          |  5.43e-07 |      
---------------------------------------------------------------
[INFO GPL-1001] Global placement finished at iteration 438
[INFO GPL-1002] Placed Cell Area            338586.7596
[INFO GPL-1003] Available Free Area         914995.0528
[INFO GPL-1004] Minimum Feasible Density        0.3800 (cell_area / free_area)
[INFO GPL-1006]   Suggested Target Densities:
[INFO GPL-1007]     - For 90% usage of free space: 0.4112
[INFO GPL-1008]     - For 80% usage of free space: 0.4626
[INFO GPL-1009]     - For 50% usage of free space: 0.7401
[INFO GPL-1014] Final placement area: 338586.76 (+0.00%)
[INFO GPL-1018] Final HPWL (um): 917024.13
Took 5 seconds: global_placement -skip_io -density 0.5 -pad_left 0 -pad_right 0 -random_seed 277
Design area 342836 um^2 37% utilization.
write_db ./results/sky130hd/similarity_asic_transfer_blocal/base/3_1_place_gp_skip_io.odb
Elapsed time: 0:04.84[h:]min:sec. CPU time: user 7.63 sys 0.09 (159%). Peak memory: 235560KB.
Log                       Ext     Elapsed/s Peak Memory/MB sha1sum result [0:20)
3_1_place_gp_skip_io      .odb            4            230 348b61a54e71a4cc30d2
/OpenROAD-flow-scripts/flow/scripts/flow.sh 3_2_place_iop io_placement
Running io_placement.tcl, stage 3_2_place_iop
read_liberty /OpenROAD-flow-scripts/flow/platforms/sky130hd/lib/sky130_fd_sc_hd__tt_025C_1v80.lib
read_db ./results/sky130hd/similarity_asic_transfer_blocal/base/3_1_place_gp_skip_io.odb
read_sdc ./results/sky130hd/similarity_asic_transfer_blocal/base/2_floorplan.sdc
source /OpenROAD-flow-scripts/flow/platforms/sky130hd/setRC.tcl
place_pins -hor_layers met3 -ver_layers met2
Found 0 macro blocks.
Using 2 tracks default min distance between IO pins.
[INFO PPL-0001] Number of available slots 3520
[INFO PPL-0002] Number of I/O             34
[INFO PPL-0003] Number of I/O w/sink      34
[INFO PPL-0004] Number of I/O w/o sink    0
[INFO PPL-0005] Slots per section         200
[INFO PPL-0008] Successfully assigned pins to sections.
[INFO PPL-0012] I/O nets HPWL: 14377.58 um.
Design area 342836 um^2 37% utilization.
write_db ./results/sky130hd/similarity_asic_transfer_blocal/base/3_2_place_iop.odb
Elapsed time: 0:00.56[h:]min:sec. CPU time: user 0.50 sys 0.05 (99%). Peak memory: 173028KB.
Log                       Ext     Elapsed/s Peak Memory/MB sha1sum result [0:20)
3_2_place_iop             .odb            0            168 e9247246a6f0825d1b65
/OpenROAD-flow-scripts/flow/scripts/flow.sh 3_3_place_gp global_place
Running global_place.tcl, stage 3_3_place_gp
read_liberty /OpenROAD-flow-scripts/flow/platforms/sky130hd/lib/sky130_fd_sc_hd__tt_025C_1v80.lib
read_db ./results/sky130hd/similarity_asic_transfer_blocal/base/3_2_place_iop.odb
read_sdc ./results/sky130hd/similarity_asic_transfer_blocal/base/2_floorplan.sdc
source /OpenROAD-flow-scripts/flow/platforms/sky130hd/setRC.tcl
[INFO RSZ-0026] Removed 646 buffers.
Perform port buffering...
[INFO RSZ-0027] Inserted 1 sky130_fd_sc_hd__clkdlybuf4s50_1 input buffers.
[INFO RSZ-0028] Inserted 32 sky130_fd_sc_hd__clkdlybuf4s50_1 output buffers.
global_placement -density 0.5 -pad_left 0 -pad_right 0 -routability_driven -random_seed 277 -timing_driven -force_center_initial_place -min_phi_coef 0.95 -max_phi_coef 1.05
[INFO GPL-0190] Using 2 of 4 threads for placement: one per core, SMT siblings idle.
[INFO GPL-0001] ---- Initialize GPL Main Data Structures
[INFO GPL-0002] DBU: 1000
[INFO GPL-0003] SiteSize: (  0.460  2.720 ) um
[INFO GPL-0004] CoreBBox: (  1.380  2.720 ) ( 967.840 965.600 ) um
[INFO GPL-0016] Core area:                  930585.005 um^2
[INFO GPL-0036] Movable instances area:     325149.344 um^2
[INFO GPL-0037] Total instances area:       340739.296 um^2
[INFO GPL-0035] Pin density area adjust:     11725.694 um^2
[INFO GPL-0032] ---- Initialize Region: Top-level
[INFO GPL-0006] Number of instances:             40431
[INFO GPL-0007] Movable instances:               27971
[INFO GPL-0008] Fixed instances:                 12460
[INFO GPL-0009] Dummy instances:                     0
[INFO GPL-0010] Number of nets:                  37943
[INFO GPL-0011] Number of pins:                 106968
[INFO GPL-0012] Die BBox:       (  0.000  0.000 ) ( 968.950 968.950 ) um
[INFO GPL-0013] Placement BBox: (  1.380  2.720 ) ( 967.840 965.600 ) um
[INFO GPL-0014] Region name: top-level.
[INFO GPL-0015] Region area:                930585.005 um^2
[INFO GPL-0017] Fixed instances area:        15589.952 um^2
[INFO GPL-0018] Movable instances area:     336875.038 um^2
[INFO GPL-0019] Utilization:                    36.817 %
[INFO GPL-0020] Standard cells area:        336875.038 um^2
[INFO GPL-0021] Large instances area:            0.000 um^2
[INFO GPL-0005] ---- Execute Conjugate Gradient Initial Placement.
[INFO GPL-0051] Source of initial instance position counters:
	Odb location = 0	Core center = 27971	Region center = 0
[InitialPlace]  Iter: 1 conjugate gradient residual: 0.00126852 HPWL: 1067048572
[InitialPlace]  Iter: 2 conjugate gradient residual: 0.00048293 HPWL: 367766814
[InitialPlace]  Iter: 3 conjugate gradient residual: 0.00043987 HPWL: 374787717
[InitialPlace]  Iter: 4 conjugate gradient residual: 0.00048259 HPWL: 378619420
[InitialPlace]  Iter: 5 conjugate gradient residual: 0.00036802 HPWL: 379898055
[InitialPlace]  Iter: 6 conjugate gradient residual: 0.00069486 HPWL: 380919579
[InitialPlace]  Iter: 7 conjugate gradient residual: 0.00041116 HPWL: 381096251
[InitialPlace]  Iter: 8 conjugate gradient residual: 0.00071618 HPWL: 381645132
[InitialPlace]  Iter: 9 conjugate gradient residual: 0.00036048 HPWL: 381484628
[InitialPlace]  Iter: 10 conjugate gradient residual: 0.00035429 HPWL: 381864096
[InitialPlace]  Iter: 11 conjugate gradient residual: 0.00019739 HPWL: 381816494
[InitialPlace]  Iter: 12 conjugate gradient residual: 0.00144435 HPWL: 382154864
[InitialPlace]  Iter: 13 conjugate gradient residual: 0.00034984 HPWL: 383814613
[InitialPlace]  Iter: 14 conjugate gradient residual: 0.00085280 HPWL: 383775546
[InitialPlace]  Iter: 15 conjugate gradient residual: 0.00035970 HPWL: 383418158
[InitialPlace]  Iter: 16 conjugate gradient residual: 0.00096072 HPWL: 383379835
[InitialPlace]  Iter: 17 conjugate gradient residual: 0.00034396 HPWL: 383009922
[InitialPlace]  Iter: 18 conjugate gradient residual: 0.00109543 HPWL: 382929700
[InitialPlace]  Iter: 19 conjugate gradient residual: 0.00066104 HPWL: 383436151
[InitialPlace]  Iter: 20 conjugate gradient residual: 0.00039372 HPWL: 383550316
[INFO GPL-0033] ---- Initialize Nesterov Region: Top-level
[INFO GPL-0023] Placement target density:       0.5000
[INFO GPL-0024] Movable insts average area:     12.044 um^2
[INFO GPL-0025] Ideal bin area:                 24.087 um^2
[INFO GPL-0026] Ideal bin count:                 38633
[INFO GPL-0027] Total bin area:             930585.005 um^2
[INFO GPL-0028] Bin count (X, Y):         128 ,    128
[INFO GPL-0029] Bin size (W * H):       7.550 *  7.522 um
[INFO GPL-0030] Number of bins:                  16384
[INFO GPL-0084] ---- Execute Nesterov Global Placement.
[INFO GPL-0031] HPWL: Half-Perimeter Wirelength
Iteration | Overflow |     HPWL (um) |  HPWL(%) |   Penalty | Group
---------------------------------------------------------------
        0 |   0.9974 |  9.951395e+04 |   +0.00% |  9.43e-17 |      
       10 |   0.9927 |  1.239534e+05 |  +24.56% |  1.53e-16 |      
       20 |   0.9924 |  1.285565e+05 |   +3.71% |  2.49e-16 |      
       30 |   0.9922 |  1.293104e+05 |   +0.59% |  4.06e-16 |      
       40 |   0.9920 |  1.306931e+05 |   +1.07% |  6.62e-16 |      
       50 |   0.9919 |  1.314189e+05 |   +0.56% |  1.08e-15 |      
       60 |   0.9917 |  1.319582e+05 |   +0.41% |  1.76e-15 |      
       70 |   0.9917 |  1.325039e+05 |   +0.41% |  2.86e-15 |      
       80 |   0.9917 |  1.327834e+05 |   +0.21% |  4.66e-15 |      
       90 |   0.9917 |  1.328512e+05 |   +0.05% |  7.59e-15 |      
      100 |   0.9916 |  1.329060e+05 |   +0.04% |  1.24e-14 |      
      110 |   0.9915 |  1.332307e+05 |   +0.24% |  2.01e-14 |      
      120 |   0.9915 |  1.340691e+05 |   +0.63% |  3.28e-14 |      
      130 |   0.9913 |  1.357488e+05 |   +1.25% |  5.34e-14 |      
      140 |   0.9908 |  1.388020e+05 |   +2.25% |  8.69e-14 |      
      150 |   0.9900 |  1.439367e+05 |   +3.70% |  1.42e-13 |      
      160 |   0.9884 |  1.514665e+05 |   +5.23% |  2.30e-13 |      
      170 |   0.9861 |  1.612798e+05 |   +6.48% |  3.75e-13 |      
      180 |   0.9823 |  1.727740e+05 |   +7.13% |  6.10e-13 |      
      190 |   0.9769 |  1.857384e+05 |   +7.50% |  9.92e-13 |      
      200 |   0.9687 |  2.015072e+05 |   +8.49% |  1.61e-12 |      
      210 |   0.9572 |  2.231679e+05 |  +10.75% |  2.62e-12 |      
      220 |   0.9411 |  2.521990e+05 |  +13.01% |  4.26e-12 |      
      230 |   0.9184 |  2.878982e+05 |  +14.16% |  6.91e-12 |      
      240 |   0.8927 |  3.281532e+05 |  +13.98% |  1.12e-11 |      
      250 |   0.8630 |  3.705809e+05 |  +12.93% |  1.82e-11 |      
      260 |   0.8317 |  4.139464e+05 |  +11.70% |  2.95e-11 |      
      270 |   0.7990 |  4.600141e+05 |  +11.13% |  4.77e-11 |      
      280 |   0.7649 |  5.107899e+05 |  +11.04% |  7.73e-11 |      
      290 |   0.7255 |  5.718773e+05 |  +11.96% |  1.25e-10 |      
      300 |   0.6867 |  6.224817e+05 |   +8.85% |  2.03e-10 |      
      310 |   0.6472 |  6.647304e+05 |   +6.79% |  3.29e-10 |      
[INFO GPL-0100] Timing-driven iteration 1/2, virtual: false.
[INFO GPL-0101]    Iter: 314, overflow: 0.634, keep resizer changes at: 1, HPWL: 674217063
Iteration |   Area    | Resized | Buffers | Nets repaired | Remaining
---------------------------------------------------------------------
        0 |     +0.0% |       0 |       0 |             0 |     37943
    final |     +0.3% |     165 |     114 |            97 |         0
---------------------------------------------------------------------
[INFO RSZ-0034] Found 98 slew violations.
[INFO RSZ-0035] Found 23 fanout violations.
[INFO RSZ-0036] Found 1 capacitance violations.
[INFO RSZ-0039] Resized 165 instances.
[INFO RSZ-0038] Inserted 114 buffers in 97 nets.
   Iter   |    Area   | Removed | Inserted |   Pins
          |           | Buffers | Buffers  | Remaining
-------------------------------------------------------
        0 |     +0.0% |       0 |        0 |     37941
     3700 |     +0.0% |       0 |        0 |     34241
     7400 |     +0.0% |       0 |        0 |     30541
    11100 |     +0.0% |       0 |        0 |     26841
    14800 |     +0.0% |       0 |        0 |     23141
    18500 |     +0.0% |       0 |        1 |     19441
    22200 |     +0.0% |       0 |       22 |     15741
    25900 |     +0.1% |       1 |       46 |     12041
    29600 |     +0.1% |       1 |       64 |      8341
    33300 |     +0.2% |      67 |      159 |      4641
    37000 |     +0.3% |      70 |      196 |       941
    final |     +0.3% |     114 |      247 |         0
-------------------------------------------------------
[INFO GPL-0106] Timing-driven: worst slack 1.27286075e-08
[INFO GPL-0107] Timing-driven: repair_design delta area: 1877.681 um^2 (+0.56%)
[INFO GPL-0108] Timing-driven: repair_design, gpl delta gcells: 247 (+0.88%)
[INFO GPL-0109] Timing-driven: repair_design, gcells created: 361, deleted: 114
[INFO GPL-0110] Timing-driven: new target density: 0.5020521
Iteration | Overflow |     HPWL (um) |  HPWL(%) |   Penalty | Group
---------------------------------------------------------------
      320 |   0.6130 |  6.986211e+05 |   +5.10% |  5.33e-10 |      
[INFO GPL-0038] Routability snapshot saved at iter = 327
      326 |   0.5985 |  7.029201e+05 |          |           |      
      330 |   0.5913 |  7.052442e+05 |   +0.95% |  8.67e-10 |      
      340 |   0.5605 |  7.180774e+05 |   +1.82% |  1.41e-09 |      
      350 |   0.5168 |  7.299824e+05 |   +1.66% |  2.30e-09 |      
      360 |   0.4804 |  7.428224e+05 |   +1.76% |  3.73e-09 |      
      370 |   0.4480 |  7.509796e+05 |   +1.10% |  6.08e-09 |      
      380 |   0.4042 |  7.532145e+05 |   +0.30% |  9.89e-09 |      
      390 |   0.3638 |  7.535350e+05 |   +0.04% |  1.61e-08 |      
      400 |   0.3181 |  7.573619e+05 |   +0.51% |  2.50e-08 |      
[INFO GPL-0040] Routability iteration: 1
[WARNING GRT-0281] Net clk has a large fanout of 2493 terminals.
[INFO GPL-0088] Tiles the placer can act on: 9718 of 19600 (49.58%)
[INFO GPL-0041] Total routing overflow: 15.5740
[INFO GPL-0042] Number of overflowed tiles: 92 (0.95%)
[INFO GPL-0043] Average top 0.5% routing congestion: 1.2860
[INFO GPL-0044] Average top 1.0% routing congestion: 1.1587
[INFO GPL-0045] Average top 2.0% routing congestion: 1.0442
[INFO GPL-0046] Average top 5.0% routing congestion: 0.8966
[INFO GPL-0047] Routability iteration weighted routing congestion: 1.2223
[INFO GPL-0048] Routing congestion (1.2223) lower than previous minimum (1e+30). Updating minimum.
[INFO GPL-0086] Inflated area:                4386.321 um^2 (+1.29%)
[INFO GPL-0052] Placement target density:       0.5021
[INFO GPL-0076] Removing fillers, count: Before: 9599, After: 9250 (-3.64%)
[INFO GPL-0077] Filler area (um^2)     : Before: 120622.505, After: 116232.725 (-3.64%)
[INFO GPL-0078] Removed fillers count: 349, area removed: 4385.429 um^2. Remaining area to be compensated by modifying density: 0.892 um^2
[INFO GPL-0058] White space area:           914995.053 um^2 (+0.00%)
[INFO GPL-0059] Movable instances area:     459375.215 um^2 (+0.00%)
[INFO GPL-0060] Total filler area:          116232.725 um^2 (-3.64%)
[INFO GPL-0061] Total non-inflated area:    459371.765 um^2 (-0.00%)
[INFO GPL-0062] Total inflated area:        463758.086 um^2 (-0.00%)
[INFO GPL-0063] New Target Density:             0.5021
[INFO GPL-0087] Routability end iteration: increase inflation and revert back to snapshot.
Iteration | Overflow |     HPWL (um) |  HPWL(%) |   Penalty | Group
---------------------------------------------------------------
      410 |   0.5972 |  7.046473e+05 |   +0.00% |  8.10e-10 |      
      420 |   0.5690 |  7.182188e+05 |   +1.93% |  1.19e-09 |      
      430 |   0.5371 |  7.270671e+05 |   +1.23% |  1.75e-09 |      
      440 |   0.5092 |  7.366460e+05 |   +1.32% |  2.58e-09 |      
      450 |   0.4840 |  7.438151e+05 |   +0.97% |  3.80e-09 |      
      460 |   0.4539 |  7.465085e+05 |   +0.36% |  5.60e-09 |      
      470 |   0.4226 |  7.466595e+05 |   +0.02% |  8.24e-09 |      
      480 |   0.3877 |  7.495553e+05 |   +0.39% |  1.21e-08 |      
      490 |   0.3547 |  7.537132e+05 |   +0.55% |  1.79e-08 |      
      500 |   0.3152 |  7.550631e+05 |   +0.18% |  2.63e-08 |      
[INFO GPL-0040] Routability iteration: 2
[INFO GPL-0088] Tiles the placer can act on: 9799 of 19600 (49.99%)
[INFO GPL-0041] Total routing overflow: 3.2646
[INFO GPL-0042] Number of overflowed tiles: 36 (0.37%)
[INFO GPL-0043] Average top 0.5% routing congestion: 1.0601
[INFO GPL-0044] Average top 1.0% routing congestion: 0.9842
[INFO GPL-0045] Average top 2.0% routing congestion: 0.9032
[INFO GPL-0046] Average top 5.0% routing congestion: 0.7974
[INFO GPL-0047] Routability iteration weighted routing congestion: 1.0221
[INFO GPL-0048] Routing congestion (1.0221) lower than previous minimum (1.222). Updating minimum.
[INFO GPL-0086] Inflated area:                1162.563 um^2 (+0.34%)
[INFO GPL-0052] Placement target density:       0.5021
[INFO GPL-0076] Removing fillers, count: Before: 9250, After: 9158 (-0.99%)
[INFO GPL-0077] Filler area (um^2)     : Before: 116232.725, After: 115076.681 (-0.99%)
[INFO GPL-0078] Removed fillers count: 92, area removed: 1156.044 um^2. Remaining area to be compensated by modifying density: 6.519 um^2
[INFO GPL-0058] White space area:           914995.053 um^2 (+0.00%)
[INFO GPL-0059] Movable instances area:     459375.215 um^2 (+0.00%)
[INFO GPL-0060] Total filler area:          115076.681 um^2 (-0.99%)
[INFO GPL-0061] Total non-inflated area:    459378.284 um^2 (+0.00%)
[INFO GPL-0062] Total inflated area:        460540.847 um^2 (+0.00%)
[INFO GPL-0063] New Target Density:             0.5021
[INFO GPL-0087] Routability end iteration: increase inflation and revert back to snapshot.
Iteration | Overflow |     HPWL (um) |  HPWL(%) |   Penalty | Group
---------------------------------------------------------------
      510 |   0.5930 |  7.082108e+05 |   +0.00% |  8.75e-10 |      
      520 |   0.5629 |  7.217209e+05 |   +1.91% |  1.29e-09 |      
      530 |   0.5304 |  7.308598e+05 |   +1.27% |  1.89e-09 |      
      540 |   0.5037 |  7.400207e+05 |   +1.25% |  2.79e-09 |      
      550 |   0.4798 |  7.467035e+05 |   +0.90% |  4.11e-09 |      
      560 |   0.4453 |  7.481796e+05 |   +0.20% |  6.05e-09 |      
      570 |   0.4170 |  7.483846e+05 |   +0.03% |  8.91e-09 |      
      580 |   0.3809 |  7.515920e+05 |   +0.43% |  1.31e-08 |      
      590 |   0.3475 |  7.562072e+05 |   +0.61% |  1.93e-08 |      
      600 |   0.3081 |  7.565629e+05 |   +0.05% |  2.85e-08 |      
[INFO GPL-0040] Routability iteration: 3
[INFO GPL-0088] Tiles the placer can act on: 9843 of 19600 (50.22%)
[INFO GPL-0041] Total routing overflow: 2.0306
[INFO GPL-0042] Number of overflowed tiles: 24 (0.24%)
[INFO GPL-0043] Average top 0.5% routing congestion: 1.0204
[INFO GPL-0044] Average top 1.0% routing congestion: 0.9544
[INFO GPL-0045] Average top 2.0% routing congestion: 0.8810
[INFO GPL-0046] Average top 5.0% routing congestion: 0.7822
[INFO GPL-0047] Routability iteration weighted routing congestion: 0.9874
[INFO GPL-0050] Weighted routing congestion is lower than target routing congestion(1.0100), end routability optimization.
[INFO GPL-0090] Routability finished. Target routing congestion achieved succesfully.
Iteration | Overflow |     HPWL (um) |  HPWL(%) |   Penalty | Group
---------------------------------------------------------------
      610 |   0.2722 |  7.569958e+05 |   +0.06% |  4.19e-08 |      
      620 |   0.2365 |  7.590558e+05 |   +0.27% |  6.17e-08 |      
      630 |   0.2064 |  7.601132e+05 |   +0.14% |  9.09e-08 |      
[INFO GPL-0100] Timing-driven iteration 2/2, virtual: false.
[INFO GPL-0101]    Iter: 635, overflow: 0.195, keep resizer changes at: 1, HPWL: 761323621
Iteration |   Area    | Resized | Buffers | Nets repaired | Remaining
---------------------------------------------------------------------
        0 |     +0.0% |       0 |       0 |             0 |     38190
    final |     +0.0% |       6 |       1 |             7 |         0
---------------------------------------------------------------------
[INFO RSZ-0034] Found 6 slew violations.
[INFO RSZ-0036] Found 1 capacitance violations.
[INFO RSZ-0039] Resized 6 instances.
[INFO RSZ-0038] Inserted 1 buffers in 7 nets.
   Iter   |    Area   | Removed | Inserted |   Pins
          |           | Buffers | Buffers  | Remaining
-------------------------------------------------------
        0 |     +0.0% |       0 |        0 |     37941
     3700 |     +0.0% |       0 |        0 |     34241
     7400 |     +0.0% |       0 |        1 |     30541
    11100 |     +0.0% |       0 |        1 |     26841
    14800 |     +0.0% |       0 |        3 |     23141
    18500 |     +0.0% |       2 |        9 |     19441
    22200 |     +0.0% |      23 |       34 |     15741
    25900 |     +0.1% |      47 |      113 |     12041
    29600 |     +0.2% |      65 |      141 |      8341
    33300 |     +0.2% |     160 |      246 |      4641
    37000 |     +0.2% |     197 |      285 |       941
    final |     +0.3% |     248 |      392 |         0
-------------------------------------------------------
[INFO GPL-0106] Timing-driven: worst slack 1.291531e-08
[INFO GPL-0107] Timing-driven: repair_design delta area: 1117.606 um^2 (+0.32%)
[INFO GPL-0108] Timing-driven: repair_design, gpl delta gcells: 145 (+0.51%)
[INFO GPL-0109] Timing-driven: repair_design, gcells created: 393, deleted: 248
[INFO GPL-0110] Timing-driven: new target density: 0.5032769
Iteration | Overflow |     HPWL (um) |  HPWL(%) |   Penalty | Group
---------------------------------------------------------------
      640 |   0.1782 |  7.688810e+05 |   +1.15% |  1.34e-07 |      
      650 |   0.1529 |  7.698558e+05 |   +0.13% |  1.97e-07 |      
      660 |   0.1329 |  7.726679e+05 |   +0.37% |  2.90e-07 |      
      670 |   0.1152 |  7.743362e+05 |   +0.22% |  4.28e-07 |      
      678 |   0.0999 |  7.751288e+05 |          |  6.06e-07 |      
---------------------------------------------------------------
[INFO GPL-1001] Global placement finished at iteration 678
[INFO GPL-1017] Routability mode iteration count: 274
[INFO GPL-1005] Routability final weighted congestion: 0.7992
[INFO GPL-1002] Placed Cell Area            345419.2089
[INFO GPL-1003] Available Free Area         914995.0528
[INFO GPL-1004] Minimum Feasible Density        0.3700 (cell_area / free_area)
[INFO GPL-1006]   Suggested Target Densities:
[INFO GPL-1007]     - For 90% usage of free space: 0.4195
[INFO GPL-1008]     - For 80% usage of free space: 0.4719
[INFO GPL-1009]     - For 50% usage of free space: 0.7550
[INFO GPL-1011] Original area (um^2): 336875.04
[INFO GPL-1012] Total routability artificial inflation: 5548.88 (+1.65%)
[INFO GPL-1013] Total timing-driven delta area: 2995.29 (+0.89%)
[INFO GPL-1014] Final placement area: 345419.21 (+2.54%)
[INFO GPL-1018] Final HPWL (um): 776852.85
Took 22 seconds: global_placement -density 0.5 -pad_left 0 -pad_right 0 -routability_driven -random_seed 277 -timing_driven -force_center_initial_place -min_phi_coef 0.95 -max_phi_coef 1.05
estimate_parasitics -placement
Report metrics stage 3, global place...

==========================================================================
global place report_design_area
--------------------------------------------------------------------------
Design area 343860 um^2 37% utilization.
write_db ./results/sky130hd/similarity_asic_transfer_blocal/base/3_3_place_gp.odb
Elapsed time: 0:27.78[h:]min:sec. CPU time: user 41.13 sys 0.85 (151%). Peak memory: 582812KB.
Log                       Ext     Elapsed/s Peak Memory/MB sha1sum result [0:20)
3_3_place_gp              .odb           27            569 f9e27b442554b5cda50e
/OpenROAD-flow-scripts/flow/scripts/flow.sh 3_4_place_resized resize
Running resize.tcl, stage 3_4_place_resized
read_liberty /OpenROAD-flow-scripts/flow/platforms/sky130hd/lib/sky130_fd_sc_hd__tt_025C_1v80.lib
read_db ./results/sky130hd/similarity_asic_transfer_blocal/base/3_3_place_gp.odb
read_sdc ./results/sky130hd/similarity_asic_transfer_blocal/base/2_floorplan.sdc
source /OpenROAD-flow-scripts/flow/platforms/sky130hd/setRC.tcl
estimate_parasitics -placement
Perform buffer insertion and gate resizing...
repair_design -verbose -cap_margin 30 -slew_margin 25 -match_cell_footprint
Iteration |   Area    | Resized | Buffers | Nets repaired | Remaining
---------------------------------------------------------------------
        0 |     +0.0% |       0 |       0 |             0 |     38335
     1000 |     +0.0% |       0 |       0 |             0 |     37335
     2000 |     +0.0% |       0 |       0 |             0 |     36335
     3000 |     +0.0% |       0 |       0 |             0 |     35335
     4000 |     +0.0% |       0 |       0 |             0 |     34335
     5000 |     +0.0% |       0 |       0 |             0 |     33335
     6000 |     +0.0% |       0 |       0 |             0 |     32335
     7000 |     +0.0% |       0 |       0 |             0 |     31335
     8000 |     +0.0% |       0 |       0 |             0 |     30335
     9000 |     +0.0% |       0 |       0 |             0 |     29335
    10000 |     +0.0% |       0 |       0 |             0 |     28335
    11000 |     +0.0% |       0 |       0 |             0 |     27335
    12000 |     +0.0% |       0 |       0 |             0 |     26335
    13000 |     +0.0% |       0 |       0 |             0 |     25335
    14000 |     +0.0% |       0 |       0 |             0 |     24335
    15000 |     +0.0% |       0 |       0 |             0 |     23335
    16000 |     +0.0% |       0 |       0 |             0 |     22335
    17000 |     +0.0% |       0 |       0 |             0 |     21335
    18000 |     +0.0% |       0 |       0 |             0 |     20335
    19000 |     +0.0% |       5 |       5 |             5 |     19335
    20000 |     +0.0% |       5 |       5 |             5 |     18335
    21000 |     +0.0% |       5 |       5 |             5 |     17335
    22000 |     +0.0% |       5 |      11 |            10 |     16335
    23000 |     +0.0% |       5 |      11 |            10 |     15335
    24000 |     +0.0% |       5 |      11 |            10 |     14335
    25000 |     +0.0% |       5 |      11 |            10 |     13335
    26000 |     +0.1% |       8 |      16 |            15 |     12335
    27000 |     +0.1% |       8 |      17 |            16 |     11335
    28000 |     +0.1% |       9 |      17 |            16 |     10335
    29000 |     +0.1% |       9 |      20 |            19 |      9335
    30000 |     +0.1% |      12 |      22 |            21 |      8335
    31000 |     +0.1% |      12 |      22 |            21 |      7335
    32000 |     +0.1% |      13 |      22 |            21 |      6335
    33000 |     +0.1% |      14 |      25 |            24 |      5335
    34000 |     +0.1% |      14 |      25 |            24 |      4335
    35000 |     +0.1% |      14 |      26 |            25 |      3335
    36000 |     +0.1% |      14 |      29 |            28 |      2335
    37000 |     +0.1% |      14 |      29 |            28 |      1335
    38000 |     +0.1% |      14 |      29 |            28 |       335
    final |     +0.1% |      14 |      30 |            29 |         0
---------------------------------------------------------------------
[INFO RSZ-0034] Found 15 slew violations.
[INFO RSZ-0036] Found 29 capacitance violations.
[INFO RSZ-0039] Resized 14 instances.
[INFO RSZ-0038] Inserted 30 buffers in 29 nets.
[INFO RSZ-0504] Runtime: 2.49s
Floating nets: 
Report metrics stage 3, resizer...

==========================================================================
resizer report_design_area
--------------------------------------------------------------------------
Design area 344306 um^2 37% utilization.
Instance count before 40823, after 40853
Pin count before 107718, after 107778
write_db ./results/sky130hd/similarity_asic_transfer_blocal/base/3_4_place_resized.odb
Elapsed time: 0:10.47[h:]min:sec. CPU time: user 13.82 sys 0.31 (135%). Peak memory: 286304KB.
Log                       Ext     Elapsed/s Peak Memory/MB sha1sum result [0:20)
3_4_place_resized         .odb           10            279 f1c71b115d5ab104cf67
/OpenROAD-flow-scripts/flow/scripts/flow.sh 3_5_place_dp detail_place
Running detail_place.tcl, stage 3_5_place_dp
read_liberty /OpenROAD-flow-scripts/flow/platforms/sky130hd/lib/sky130_fd_sc_hd__tt_025C_1v80.lib
read_db ./results/sky130hd/similarity_asic_transfer_blocal/base/3_4_place_resized.odb
read_sdc ./results/sky130hd/similarity_asic_transfer_blocal/base/2_floorplan.sdc
source /OpenROAD-flow-scripts/flow/platforms/sky130hd/setRC.tcl
detailed_placement
[INFO DPL-0006] Core area: 930585.00 um^2
[INFO DPL-0007] Movable instances area: 328716.52 um^2
[INFO DPL-0008] Fixed instances area within core: 15589.95 um^2
[INFO DPL-0009] Utilization: 37.0%
[INFO DPL-0005] Diamond search max displacement: +/- 500 sites horizontally, +/- 100 rows vertically.
[INFO DPL-1102] Legalizing using negotiation legalizer.
[INFO DPL-1103] Negotiation base search window: +/-20 sites horizontally, +/-5 rows vertically 
	Automatic search window extension enabled.
	Search window extendable up to the max displacement cap of +/-500 sites, +/-100 rows near walls.
[INFO DPL-1104] NegotiationLegalizer DRC penalty: 5.
[INFO DPL-0392] Negotiation cell height distribution (1 unique row-count(s)):
[INFO DPL-0393]   height 1 row(s): 40853 cells
          |      Total |  Illegal |  Illegal
Iteration | Violations |    Cells |    Sites
---------------------------------------------
        0 |       5254 |      1424 |      3815
        1 |         16 |         8 |         8
        2 |          0 |         0 |         0
Negotiation phase 1 converged at iteration 2.
[INFO DPL-0500] Runtime: 0.40s
Placement Analysis
---------------------------------
total displacement      77616.2 u
average displacement        1.9 u
max displacement           13.9 u
original HPWL          777676.7 u
legalized HPWL         827750.0 u
delta HPWL                    6 %

improve_placement -max_displacement "5 1"
Detailed placement improvement.
[INFO DPL-0401] Setting random seed to 1.
[INFO DPL-0402] Setting maximum displacement 5 1 to 13600 2720 units.
[INFO DPL-0320] Collected 12494 fixed cells.
[INFO DPL-0318] Collected 28393 single height cells.
[INFO DPL-0321] Collected 0 wide cells.
[INFO DPL-0322] Image (1380, 2720) - (967840, 965600)
[INFO DPL-0310] Assigned 28393 cells into segments.  Movement in X-direction is 0.000000, movement in Y-direction is 0.000000.
[INFO DPL-0313] Found 0 cells in wrong regions.
[INFO DPL-0315] Found 0 row alignment problems.
[INFO DPL-0314] Found 0 site alignment problems.
[INFO DPL-0311] Found 0 overlaps between adjacent cells.
[INFO DPL-0312] Found 0 edge spacing violations and 0 padding violations.
[INFO DPL-0303] Running algorithm for independent set matching.
[INFO DPL-0300] Set matching objective is wirelength.
[INFO DPL-0301] Pass   1 of matching; objective is 8.272207e+08.
[INFO DPL-0302] End of matching; objective is 8.267768e+08, improvement is 0.05 percent.
[INFO DPL-0303] Running algorithm for global swaps.
[INFO DPL-0306] Pass   1 of global swaps; hpwl is 8.166693e+08.
[INFO DPL-0306] Pass   2 of global swaps; hpwl is 8.151521e+08.
[INFO DPL-0307] End of global swaps; objective is 8.151521e+08, improvement is 1.41 percent.
[INFO DPL-0303] Running algorithm for vertical swaps.
[INFO DPL-0308] Pass   1 of vertical swaps; hpwl is 8.123964e+08.
[INFO DPL-0309] End of vertical swaps; objective is 8.123964e+08, improvement is 0.34 percent.
[INFO DPL-0303] Running algorithm for reordering.
[INFO DPL-0304] Pass   1 of reordering; objective is 8.120006e+08.
[INFO DPL-0305] End of reordering; objective is 8.120006e+08, improvement is 0.05 percent.
[INFO DPL-0303] Running algorithm for random improvement.
[INFO DPL-0324] Random improver is using random generator.
[INFO DPL-0325] Random improver is using hpwl objective.
[INFO DPL-0326] Random improver cost string is (a).
[INFO DPL-0332] End of pass, Generator random called 567860 times.
[INFO DPL-0335] Generator random, Cumulative attempts 567860, swaps 79316, moves 168096 since last reset.
[INFO DPL-0333] End of pass, Objective hpwl, Initial cost 8.102078e+08, Scratch cost 8.031487e+08, Incremental cost 8.031487e+08, Mismatch? N
[INFO DPL-0338] End of pass, Total cost is 8.031487e+08.
[INFO DPL-0327] Pass   1 of random improver; improvement in cost is 0.87 percent.
[INFO DPL-0328] End of random improver; improvement is 0.871276 percent.
[INFO DPL-0380] Cell flipping.
[INFO DPL-0382] Changed 0 cell orientations for row compatibility.
[INFO DPL-0383] Performed 9203 cell flips.
[INFO DPL-0384] End of flipping; objective is 7.846718e+08, improvement is 2.52 percent.
[INFO DPL-0313] Found 0 cells in wrong regions.
[INFO DPL-0315] Found 0 row alignment problems.
[INFO DPL-0314] Found 0 site alignment problems.
[INFO DPL-0311] Found 0 overlaps between adjacent cells.
[INFO DPL-0312] Found 0 edge spacing violations and 0 padding violations.
Detailed Improvement Results
------------------------------------------
Original HPWL           827750.0 u (  416342.0,   411408.0)
Final HPWL              784830.7 u (  388015.1,   396815.6)
Delta HPWL                  -5.2 % (      -6.8,       -3.5)

optimize_mirroring
[INFO DPL-0020] Mirrored 1253 instances
[INFO DPL-0021] HPWL before          784830.7 u
[INFO DPL-0022] HPWL after           784299.0 u
[INFO DPL-0023] HPWL delta               -0.1 %
[INFO FLW-0012] Placement violations .
estimate_parasitics -placement
Report metrics stage 3, detailed place...

==========================================================================
detailed place report_design_area
--------------------------------------------------------------------------
Design area 344306 um^2 37% utilization.
write_db ./results/sky130hd/similarity_asic_transfer_blocal/base/3_5_place_dp.odb
write_sdc -no_timestamp ./results/sky130hd/similarity_asic_transfer_blocal/base/3_place.sdc
Elapsed time: 0:12.96[h:]min:sec. CPU time: user 16.07 sys 0.31 (126%). Peak memory: 364640KB.
Log                       Ext     Elapsed/s Peak Memory/MB sha1sum result [0:20)
3_5_place_dp              .odb           12            356 a9d7f40452318f6d8b28
cp ./results/sky130hd/similarity_asic_transfer_blocal/base/3_5_place_dp.odb ./results/sky130hd/similarity_asic_transfer_blocal/base/3_place.odb
/OpenROAD-flow-scripts/flow/scripts/flow.sh 4_1_cts cts
Running cts.tcl, stage 4_1_cts
read_liberty /OpenROAD-flow-scripts/flow/platforms/sky130hd/lib/sky130_fd_sc_hd__tt_025C_1v80.lib
read_db ./results/sky130hd/similarity_asic_transfer_blocal/base/3_place.odb
read_sdc ./results/sky130hd/similarity_asic_transfer_blocal/base/3_place.sdc
source /OpenROAD-flow-scripts/flow/platforms/sky130hd/setRC.tcl
clock_tree_synthesis -sink_clustering_enable -repair_clock_nets
[INFO CTS-0050] Root buffer is sky130_fd_sc_hd__clkbuf_16.
[INFO CTS-0051] Sink buffer is sky130_fd_sc_hd__clkbuf_16.
[INFO CTS-0052] The following clock buffers will be used for CTS:
                    sky130_fd_sc_hd__clkbuf_16
[INFO CTS-0049] Characterization buffer is sky130_fd_sc_hd__clkbuf_16.
[INFO CTS-0007] Net "clk" found for clock "clk".
[INFO CTS-0010]  Clock net "clk" has 2492 sinks.
[INFO CTS-0008] TritonCTS found 1 clock nets.
[INFO CTS-0097] Characterization used 1 buffer(s) types.
[INFO CTS-0201] 0 blockages from hard placement blockages and placed macros will be used.
[INFO CTS-0027] Generating H-Tree topology for net clk.
[INFO CTS-0028]  Total number of sinks: 2492.
[INFO CTS-0090]  Sinks will be clustered based on buffer max cap.
[INFO CTS-0030]  Number of static layers: 0.
[INFO CTS-0020]  Wire segment unit: 13600  dbu (13 um).
[INFO CTS-0206] Best clustering solution was found from max clustering size of 13 and max clustering diameter of 203.
[INFO CTS-0019]  Total number of sinks after clustering: 305.
[INFO CTS-0024]  Normalized sink region: [(1.49951, 1.1239), (61.6789, 68.9363)].
[INFO CTS-0025]     Width:  60.1794.
[INFO CTS-0026]     Height: 67.8124.
 Level 1
    Direction: Vertical
    Sinks per sub-region: 153
    Sub-region size: 60.1794 X 33.9062
[INFO CTS-0034]     Segment length (rounded): 16.
 Level 2
    Direction: Horizontal
    Sinks per sub-region: 77
    Sub-region size: 30.0897 X 33.9062
[INFO CTS-0034]     Segment length (rounded): 16.
 Level 3
    Direction: Vertical
    Sinks per sub-region: 39
    Sub-region size: 30.0897 X 16.9531
[INFO CTS-0034]     Segment length (rounded): 8.
 Level 4
    Direction: Horizontal
    Sinks per sub-region: 20
    Sub-region size: 15.0449 X 16.9531
[INFO CTS-0034]     Segment length (rounded): 8.
 Level 5
    Direction: Vertical
    Sinks per sub-region: 10
    Sub-region size: 15.0449 X 8.4765
[INFO CTS-0034]     Segment length (rounded): 4.
[INFO CTS-0038]  Stop criterion found. Sink region hpwl is smaller than max wirelength (1911.535 um) and max number of sinks is 15.
[INFO CTS-0035]  Number of sinks covered: 305.
[INFO CTS-0018]     Created 342 clock buffers.
[INFO CTS-0012]     Minimum number of buffers in the clock path: 4.
[INFO CTS-0013]     Maximum number of buffers in the clock path: 4.
[INFO CTS-0015]     Created 342 clock nets.
[INFO CTS-0016]     Fanout distribution for the current clock = 2:1, 4:9, 5:24, 6:34, 7:51, 8:55, 9:67, 10:44, 11:32, 12:18, 13:1, 14:1..
[INFO CTS-0017]     Max level of the clock tree: 5.
[INFO CTS-0098] Clock net "clk"
[INFO CTS-0099]  Sinks 2773
[INFO CTS-0100]  Leaf buffers 305
[INFO CTS-0101]  Average sink wire length 1442.77 um
[INFO CTS-0102]  Path depth 3 - 4
[INFO CTS-0207]  Dummy loads inserted 281
[INFO CTS-0500] Runtime: 2.31s
estimate_parasitics -placement
detailed_placement
[INFO DPL-0006] Core area: 930585.00 um^2
[INFO DPL-0007] Movable instances area: 340879.43 um^2
[INFO DPL-0008] Fixed instances area within core: 15589.95 um^2
[INFO DPL-0009] Utilization: 38.3%
[INFO DPL-0005] Diamond search max displacement: +/- 500 sites horizontally, +/- 100 rows vertically.
[INFO DPL-1102] Legalizing using negotiation legalizer.
[INFO DPL-1103] Negotiation base search window: +/-20 sites horizontally, +/-5 rows vertically 
	Automatic search window extension enabled.
	Search window extendable up to the max displacement cap of +/-500 sites, +/-100 rows near walls.
[INFO DPL-1104] NegotiationLegalizer DRC penalty: 5.
[INFO DPL-0392] Negotiation cell height distribution (1 unique row-count(s)):
[INFO DPL-0393]   height 1 row(s): 41476 cells
          |      Total |  Illegal |  Illegal
Iteration | Violations |    Cells |    Sites
---------------------------------------------
        0 |       1081 |       191 |       890
        1 |         50 |         8 |        42
        2 |          0 |         0 |         0
Negotiation phase 1 converged at iteration 2.
[INFO DPL-0500] Runtime: 0.30s
Placement Analysis
---------------------------------
total displacement      38527.7 u
average displacement        0.9 u
max displacement           15.2 u
original HPWL          817193.6 u
legalized HPWL         840126.7 u
delta HPWL                    3 %

estimate_parasitics -placement
Report metrics stage 4, cts final...

==========================================================================
cts final report_design_area
--------------------------------------------------------------------------
Design area 356469 um^2 38% utilization.
write_db ./results/sky130hd/similarity_asic_transfer_blocal/base/4_1_cts.odb
write_sdc -no_timestamp ./results/sky130hd/similarity_asic_transfer_blocal/base/4_cts.sdc
Elapsed time: 0:12.75[h:]min:sec. CPU time: user 18.80 sys 0.53 (151%). Peak memory: 369668KB.
Log                       Ext     Elapsed/s Peak Memory/MB sha1sum result [0:20)
4_1_cts                   .odb           12            361 99f9c6d6d55684c5a68c
cp ./results/sky130hd/similarity_asic_transfer_blocal/base/4_1_cts.odb ./results/sky130hd/similarity_asic_transfer_blocal/base/4_cts.odb
/OpenROAD-flow-scripts/flow/scripts/flow.sh 5_1_grt global_route
Running global_route.tcl, stage 5_1_grt
read_liberty /OpenROAD-flow-scripts/flow/platforms/sky130hd/lib/sky130_fd_sc_hd__tt_025C_1v80.lib
read_db ./results/sky130hd/similarity_asic_transfer_blocal/base/4_cts.odb
read_sdc ./results/sky130hd/similarity_asic_transfer_blocal/base/4_cts.sdc
source /OpenROAD-flow-scripts/flow/platforms/sky130hd/setRC.tcl
pin_access
[INFO DRT-0149] Reading tech and libs.
[WARNING DRT-0349] LEF58_ENCLOSURE with no CUTCLASS is not supported. Skipping for layer mcon
[WARNING DRT-0349] LEF58_ENCLOSURE with no CUTCLASS is not supported. Skipping for layer mcon
[WARNING DRT-0349] LEF58_ENCLOSURE with no CUTCLASS is not supported. Skipping for layer via
[WARNING DRT-0349] LEF58_ENCLOSURE with no CUTCLASS is not supported. Skipping for layer via
[WARNING DRT-0349] LEF58_ENCLOSURE with no CUTCLASS is not supported. Skipping for layer via2
[WARNING DRT-0349] LEF58_ENCLOSURE with no CUTCLASS is not supported. Skipping for layer via2
[WARNING DRT-0349] LEF58_ENCLOSURE with no CUTCLASS is not supported. Skipping for layer via3
[WARNING DRT-0349] LEF58_ENCLOSURE with no CUTCLASS is not supported. Skipping for layer via3
[WARNING DRT-0349] LEF58_ENCLOSURE with no CUTCLASS is not supported. Skipping for layer via4
[WARNING DRT-0349] LEF58_ENCLOSURE with no CUTCLASS is not supported. Skipping for layer via4

Units:                1000
Number of layers:     13
Number of macros:     441
Number of vias:       29
Number of viarulegen: 25

[INFO DRT-0150] Reading design.

Design:                   similarity_asic_transfer_blocal
Die area:                 ( 0 0 ) ( 968950 968950 )
Number of track patterns: 12
Number of DEF vias:       0
Number of components:     41476
Number of terminals:      36
Number of snets:          2
Number of nets:           38707

[INFO DRT-0167] List of default vias:
  Layer via
    default via: M1M2_PR
  Layer via2
    default via: M2M3_PR
  Layer via3
    default via: M3M4_PR
  Layer via4
    default via: M4M5_PR
[INFO DRT-0162] Library cell analysis.
[INFO DRT-0163] Instance analysis.
[INFO DRT-0164] Number of unique instances = 218.
[INFO DRT-0168] Init region query.
[INFO DRT-0024]   Complete FR_MASTERSLICE.
[INFO DRT-0024]   Complete Fr_VIA.
[INFO DRT-0024]   Complete li1.
[INFO DRT-0024]   Complete mcon.
[INFO DRT-0024]   Complete met1.
[INFO DRT-0024]   Complete via.
[INFO DRT-0024]   Complete met2.
[INFO DRT-0024]   Complete via2.
[INFO DRT-0024]   Complete met3.
[INFO DRT-0024]   Complete via3.
[INFO DRT-0024]   Complete met4.
[INFO DRT-0024]   Complete via4.
[INFO DRT-0024]   Complete met5.
[INFO DRT-0033] FR_MASTERSLICE shape region query size = 0.
[INFO DRT-0033] FR_VIA shape region query size = 0.
[INFO DRT-0033] li1 shape region query size = 1122702.
[INFO DRT-0033] mcon shape region query size = 644290.
[INFO DRT-0033] met1 shape region query size = 241499.
[INFO DRT-0033] via shape region query size = 63015.
[INFO DRT-0033] met2 shape region query size = 37817.
[INFO DRT-0033] via2 shape region query size = 50412.
[INFO DRT-0033] met3 shape region query size = 37835.
[INFO DRT-0033] via3 shape region query size = 50412.
[INFO DRT-0033] met4 shape region query size = 15159.
[INFO DRT-0033] via4 shape region query size = 2485.
[INFO DRT-0033] met5 shape region query size = 2625.
[INFO DRT-0165] Start pin access.
[INFO DRT-0076]   Complete 1000 pins.
[INFO DRT-0078]   Complete 1784 pins.
[INFO DRT-0079]   Complete 100 unique inst patterns.
[INFO DRT-0079]   Complete 200 unique inst patterns.
[INFO DRT-0081]   Complete 218 unique inst patterns.
[INFO DRT-0082]   Complete 10000 groups.
[INFO DRT-0082]   Complete 20000 groups.
[INFO DRT-0084]   Complete 20590 groups.
#scanned instances     = 41476
#unique  instances     = 218
#stdCellGenAp          = 7697
#stdCellValidPlanarAp  = 90
#stdCellValidViaAp     = 5344
#stdCellPinNoAp        = 10
#stdCellPinCnt         = 108743
#instTermValidViaApCnt = 0
#macroGenAp            = 0
#macroValidPlanarAp    = 0
#macroValidViaAp       = 0
#macroNoAp             = 0
[INFO DRT-0166] Complete pin access.
[INFO DRT-0267] cpu time = 00:10:36, elapsed time = 00:02:41, memory = 363.55 (MB), peak = 376.25 (MB)
Took 162 seconds: pin_access
set_global_routing_random -seed 277
global_route -congestion_report_file ./reports/sky130hd/similarity_asic_transfer_blocal/base/congestion.rpt -congestion_iterations 30 -congestion_report_iter_step 5 -verbose
[INFO GRT-0020] Min routing layer: met1
[INFO GRT-0021] Max routing layer: met5
[INFO GRT-0022] Global adjustment: 0%
[INFO GRT-0023] Grid origin: (0, 0)
[INFO GRT-0088] Layer li1     Track-Pitch = 0.4600  line-2-Via Pitch: 0.3400
[INFO GRT-0088] Layer met1    Track-Pitch = 0.3400  line-2-Via Pitch: 0.3400
[INFO GRT-0088] Layer met2    Track-Pitch = 0.4600  line-2-Via Pitch: 0.3500
[INFO GRT-0088] Layer met3    Track-Pitch = 0.6800  line-2-Via Pitch: 0.6150
[INFO GRT-0088] Layer met4    Track-Pitch = 0.9200  line-2-Via Pitch: 1.0400
[INFO GRT-0088] Layer met5    Track-Pitch = 3.4000  line-2-Via Pitch: 3.1100
[INFO GRT-0003] Macros: 0
[INFO GRT-0004] Blockages: 68018
[INFO GRT-0019] Found 343 clock nets.
[INFO GRT-0001] Minimum degree: 2
[INFO GRT-0002] Maximum degree: 51

[INFO GRT-0053] Routing resources analysis:
          Routing      Original      Derated      Resource
Layer     Direction    Resources     Resources    Reduction (%)
---------------------------------------------------------------
li1        Vertical            0             0          0.00%
met1       Horizontal     296646        229202          22.74%
met2       Vertical       251590        193071          23.26%
met3       Horizontal     188275        147836          21.48%
met4       Vertical       124127         89933          27.55%
met5       Horizontal      27661         19877          28.14%
---------------------------------------------------------------

[INFO GRT-0197] Via related to pin nodes: 178063
[INFO GRT-0198] Via related Steiner nodes: 2792
[INFO GRT-0199] Via filling finished.
[INFO GRT-0111] Final number of vias: 224601
[INFO GRT-0112] Final usage 3D: 814035

[INFO GRT-0096] Final congestion report:
Layer         Resource        Demand        Usage (%)    Max H / Max V / Total Congestion
---------------------------------------------------------------------------------------
li1                  0             0            0.00%             0 /  0 /  0
met1            229202         66863           29.17%             0 /  0 /  0
met2            193071         63351           32.81%             0 /  0 /  0
met3            147836          5523            3.74%             0 /  0 /  0
met4             89933          4495            5.00%             0 /  0 /  0
met5             19877             0            0.00%             0 /  0 /  0
---------------------------------------------------------------------------------------
Total           679919        140232           20.62%             0 /  0 /  0

[INFO GRT-0018] Total wirelength: 1467692 um
[INFO GRT-0014] Routed nets: 38607
[INFO GRT-0303] Global routing runtime = 00:00:01
estimate_parasitics -global_routing
Perform buffer insertion and gate resizing...
repair_design -verbose -cap_margin 30 -slew_margin 25
Iteration |   Area    | Resized | Buffers | Nets repaired | Remaining
---------------------------------------------------------------------
        0 |     +0.0% |       0 |       0 |             0 |     38988
     1000 |     +0.0% |       0 |       0 |             0 |     37988
     2000 |     +0.0% |       0 |       0 |             0 |     36988
     3000 |     +0.0% |       0 |       0 |             0 |     35988
     4000 |     +0.0% |       0 |       0 |             0 |     34988
     5000 |     +0.0% |       0 |       0 |             0 |     33988
     6000 |     +0.0% |       0 |       1 |             1 |     32988
     7000 |     +0.0% |       0 |       1 |             1 |     31988
     8000 |     +0.0% |       0 |       1 |             1 |     30988
     9000 |     +0.0% |       0 |       1 |             1 |     29988
    10000 |     +0.0% |       0 |       1 |             1 |     28988
    11000 |     +0.0% |       0 |       1 |             1 |     27988
    12000 |     +0.0% |       1 |       1 |             1 |     26988
    13000 |     +0.0% |       1 |       1 |             1 |     25988
    14000 |     +0.0% |       1 |       1 |             1 |     24988
    15000 |     +0.0% |       1 |       1 |             1 |     23988
[WARNING RSZ-0104] Net _36025_ only has one pin. Check if it is intended to be dangling.
[WARNING RSZ-0104] Net _35514_ only has one pin. Check if it is intended to be dangling.
[WARNING RSZ-0104] Net _35208_ only has one pin. Check if it is intended to be dangling.
[WARNING RSZ-0104] Net _34532_ only has one pin. Check if it is intended to be dangling.
[WARNING RSZ-0104] Net _33367_ only has one pin. Check if it is intended to be dangling.
[WARNING RSZ-0104] Net _33212_ only has one pin. Check if it is intended to be dangling.
    16000 |     +0.0% |       2 |       2 |             2 |     22988
    17000 |     +0.0% |       2 |       2 |             2 |     21988
    18000 |     +0.0% |       2 |       2 |             2 |     20988
[WARNING RSZ-0104] Net _36013_ only has one pin. Check if it is intended to be dangling.
[WARNING RSZ-0104] Net _36006_ only has one pin. Check if it is intended to be dangling.
[WARNING RSZ-0104] Net _35983_ only has one pin. Check if it is intended to be dangling.
[WARNING RSZ-0104] Net _35923_ only has one pin. Check if it is intended to be dangling.
[WARNING RSZ-0104] Net _35918_ only has one pin. Check if it is intended to be dangling.
[WARNING RSZ-0104] Net _35838_ only has one pin. Check if it is intended to be dangling.
[WARNING RSZ-0104] Net _35819_ only has one pin. Check if it is intended to be dangling.
[WARNING RSZ-0104] Net _35766_ only has one pin. Check if it is intended to be dangling.
[WARNING RSZ-0104] Net _35738_ only has one pin. Check if it is intended to be dangling.
[WARNING RSZ-0104] Net _35704_ only has one pin. Check if it is intended to be dangling.
[WARNING RSZ-0104] Net _35700_ only has one pin. Check if it is intended to be dangling.
[WARNING RSZ-0104] Net _35661_ only has one pin. Check if it is intended to be dangling.
[WARNING RSZ-0104] Net _35596_ only has one pin. Check if it is intended to be dangling.
[WARNING RSZ-0104] Net _35572_ only has one pin. Check if it is intended to be dangling.
[WARNING RSZ-0104] Net _35424_ only has one pin. Check if it is intended to be dangling.
[WARNING RSZ-0104] Net _35399_ only has one pin. Check if it is intended to be dangling.
[WARNING RSZ-0104] Net _35335_ only has one pin. Check if it is intended to be dangling.
[WARNING RSZ-0104] Net _35098_ only has one pin. Check if it is intended to be dangling.
[WARNING RSZ-0104] Net _35075_ only has one pin. Check if it is intended to be dangling.
[WARNING RSZ-0104] Net _34996_ only has one pin. Check if it is intended to be dangling.
[WARNING RSZ-0104] Net _34863_ only has one pin. Check if it is intended to be dangling.
[WARNING RSZ-0104] Net _34847_ only has one pin. Check if it is intended to be dangling.
[WARNING RSZ-0104] Net _34846_ only has one pin. Check if it is intended to be dangling.
[WARNING RSZ-0104] Net _34773_ only has one pin. Check if it is intended to be dangling.
[WARNING RSZ-0104] Net _34688_ only has one pin. Check if it is intended to be dangling.
[WARNING RSZ-0104] Net _34683_ only has one pin. Check if it is intended to be dangling.
[WARNING RSZ-0104] Net _34645_ only has one pin. Check if it is intended to be dangling.
[WARNING RSZ-0104] Net _34411_ only has one pin. Check if it is intended to be dangling.
[WARNING RSZ-0104] Net _34283_ only has one pin. Check if it is intended to be dangling.
[WARNING RSZ-0104] Net _34252_ only has one pin. Check if it is intended to be dangling.
[WARNING RSZ-0104] Net _34242_ only has one pin. Check if it is intended to be dangling.
[WARNING RSZ-0104] Net _34146_ only has one pin. Check if it is intended to be dangling.
[WARNING RSZ-0104] Net _34067_ only has one pin. Check if it is intended to be dangling.
[WARNING RSZ-0104] Net _34043_ only has one pin. Check if it is intended to be dangling.
[WARNING RSZ-0104] Net _33980_ only has one pin. Check if it is intended to be dangling.
[WARNING RSZ-0104] Net _33921_ only has one pin. Check if it is intended to be dangling.
[WARNING RSZ-0104] Net _33847_ only has one pin. Check if it is intended to be dangling.
[WARNING RSZ-0104] Net _33710_ only has one pin. Check if it is intended to be dangling.
[WARNING RSZ-0104] Net _33709_ only has one pin. Check if it is intended to be dangling.
[WARNING RSZ-0104] Net _33705_ only has one pin. Check if it is intended to be dangling.
[WARNING RSZ-0104] Net _33548_ only has one pin. Check if it is intended to be dangling.
[WARNING RSZ-0104] Net _33236_ only has one pin. Check if it is intended to be dangling.
[WARNING RSZ-0104] Net _33180_ only has one pin. Check if it is intended to be dangling.
[WARNING RSZ-0104] Net _33088_ only has one pin. Check if it is intended to be dangling.
    19000 |     +0.0% |       3 |       2 |             2 |     19988
    20000 |     +0.0% |       3 |       2 |             2 |     18988
    21000 |     +0.0% |       3 |       2 |             2 |     17988
    22000 |     +0.0% |       3 |       2 |             2 |     16988
[WARNING RSZ-0104] Net _35479_ only has one pin. Check if it is intended to be dangling.
[WARNING RSZ-0104] Net _34641_ only has one pin. Check if it is intended to be dangling.
[WARNING RSZ-0104] Net _34506_ only has one pin. Check if it is intended to be dangling.
[WARNING RSZ-0104] Net _34401_ only has one pin. Check if it is intended to be dangling.
    23000 |     +0.0% |       3 |       2 |             2 |     15988
    24000 |     +0.0% |       3 |       2 |             2 |     14988
    25000 |     +0.0% |       3 |       2 |             2 |     13988
[WARNING RSZ-0104] Net _36029_ only has one pin. Check if it is intended to be dangling.
[WARNING RSZ-0104] Net _36028_ only has one pin. Check if it is intended to be dangling.
[WARNING RSZ-0104] Net _36027_ only has one pin. Check if it is intended to be dangling.
[WARNING RSZ-0104] Net _36026_ only has one pin. Check if it is intended to be dangling.
[WARNING RSZ-0104] Net _36024_ only has one pin. Check if it is intended to be dangling.
[WARNING RSZ-0104] Net _36002_ only has one pin. Check if it is intended to be dangling.
[WARNING RSZ-0104] Net _36001_ only has one pin. Check if it is intended to be dangling.
[WARNING RSZ-0104] Net _35963_ only has one pin. Check if it is intended to be dangling.
[WARNING RSZ-0104] Net _35954_ only has one pin. Check if it is intended to be dangling.
[WARNING RSZ-0104] Net _35887_ only has one pin. Check if it is intended to be dangling.
[WARNING RSZ-0104] Net _35879_ only has one pin. Check if it is intended to be dangling.
[WARNING RSZ-0104] Net _35876_ only has one pin. Check if it is intended to be dangling.
[WARNING RSZ-0104] Net _35810_ only has one pin. Check if it is intended to be dangling.
[WARNING RSZ-0104] Net _35784_ only has one pin. Check if it is intended to be dangling.
[WARNING RSZ-0104] Net _35783_ only has one pin. Check if it is intended to be dangling.
[WARNING RSZ-0104] Net _35769_ only has one pin. Check if it is intended to be dangling.
[WARNING RSZ-0104] Net _35644_ only has one pin. Check if it is intended to be dangling.
[WARNING RSZ-0104] Net _35642_ only has one pin. Check if it is intended to be dangling.
[WARNING RSZ-0104] Net _35638_ only has one pin. Check if it is intended to be dangling.
[WARNING RSZ-0104] Net _35579_ only has one pin. Check if it is intended to be dangling.
[WARNING RSZ-0104] Net _35398_ only has one pin. Check if it is intended to be dangling.
[WARNING RSZ-0104] Net _35282_ only has one pin. Check if it is intended to be dangling.
[WARNING RSZ-0104] Net _35186_ only has one pin. Check if it is intended to be dangling.
[WARNING RSZ-0104] Net _35180_ only has one pin. Check if it is intended to be dangling.
[WARNING RSZ-0104] Net _35073_ only has one pin. Check if it is intended to be dangling.
[WARNING RSZ-0104] Net _34925_ only has one pin. Check if it is intended to be dangling.
[WARNING RSZ-0104] Net _34860_ only has one pin. Check if it is intended to be dangling.
[WARNING RSZ-0104] Net _34834_ only has one pin. Check if it is intended to be dangling.
[WARNING RSZ-0104] Net _34833_ only has one pin. Check if it is intended to be dangling.
[WARNING RSZ-0104] Net _34747_ only has one pin. Check if it is intended to be dangling.
[WARNING RSZ-0104] Net _34390_ only has one pin. Check if it is intended to be dangling.
[WARNING RSZ-0104] Net _34364_ only has one pin. Check if it is intended to be dangling.
[WARNING RSZ-0104] Net _34352_ only has one pin. Check if it is intended to be dangling.
[WARNING RSZ-0104] Net _34220_ only has one pin. Check if it is intended to be dangling.
[WARNING RSZ-0104] Net _34215_ only has one pin. Check if it is intended to be dangling.
[WARNING RSZ-0104] Net _34050_ only has one pin. Check if it is intended to be dangling.
[WARNING RSZ-0104] Net _33918_ only has one pin. Check if it is intended to be dangling.
[WARNING RSZ-0104] Net _33857_ only has one pin. Check if it is intended to be dangling.
[WARNING RSZ-0104] Net _33816_ only has one pin. Check if it is intended to be dangling.
[WARNING RSZ-0104] Net _33631_ only has one pin. Check if it is intended to be dangling.
[WARNING RSZ-0104] Net _33545_ only has one pin. Check if it is intended to be dangling.
[WARNING RSZ-0104] Net _33459_ only has one pin. Check if it is intended to be dangling.
[WARNING RSZ-0104] Net _33368_ only has one pin. Check if it is intended to be dangling.
[WARNING RSZ-0104] Net _33323_ only has one pin. Check if it is intended to be dangling.
[WARNING RSZ-0104] Net _33248_ only has one pin. Check if it is intended to be dangling.
[WARNING RSZ-0104] Net _33208_ only has one pin. Check if it is intended to be dangling.
    26000 |     +0.0% |       4 |       2 |             2 |     12988
    27000 |     +0.0% |       5 |       4 |             4 |     11988
    28000 |     +0.0% |       6 |       6 |             6 |     10988
    29000 |     +0.0% |       6 |       6 |             6 |      9988
    30000 |     +0.0% |       6 |       8 |             8 |      8988
    31000 |     +0.0% |       6 |      10 |            10 |      7988
    32000 |     +0.1% |       7 |      14 |            14 |      6988
    33000 |     +0.1% |       7 |      15 |            15 |      5988
    34000 |     +0.1% |       7 |      19 |            19 |      4988
    35000 |     +0.2% |      11 |      33 |            33 |      3988
    36000 |     +0.3% |      13 |      46 |            46 |      2988
    37000 |     +0.3% |      13 |      46 |            46 |      1988
    38000 |     +0.3% |      13 |      46 |            46 |       988
    final |     +0.3% |      13 |      46 |            46 |         0
---------------------------------------------------------------------
[INFO RSZ-0034] Found 15 slew violations.
[INFO RSZ-0036] Found 46 capacitance violations.
[INFO RSZ-0039] Resized 13 instances.
[INFO RSZ-0038] Inserted 46 buffers in 46 nets.
[INFO RSZ-0504] Runtime: 3.83s
global_route -start_incremental
detailed_placement
[INFO DPL-0006] Core area: 930585.00 um^2
[INFO DPL-0007] Movable instances area: 341796.56 um^2
[INFO DPL-0008] Fixed instances area within core: 15589.95 um^2
[INFO DPL-0009] Utilization: 38.4%
[INFO DPL-0005] Diamond search max displacement: +/- 500 sites horizontally, +/- 100 rows vertically.
[INFO DPL-1102] Legalizing using negotiation legalizer.
[INFO DPL-1103] Negotiation base search window: +/-20 sites horizontally, +/-5 rows vertically 
	Automatic search window extension enabled.
	Search window extendable up to the max displacement cap of +/-500 sites, +/-100 rows near walls.
[INFO DPL-1104] NegotiationLegalizer DRC penalty: 5.
[INFO DPL-0392] Negotiation cell height distribution (1 unique row-count(s)):
[INFO DPL-0393]   height 1 row(s): 41522 cells
          |      Total |  Illegal |  Illegal
Iteration | Violations |    Cells |    Sites
---------------------------------------------
        0 |        128 |        16 |       112
        1 |          0 |         0 |         0
Negotiation phase 1 converged at iteration 1.
[INFO DPL-0500] Runtime: 0.24s
Placement Analysis
---------------------------------
total displacement        287.9 u
average displacement        0.0 u
max displacement           11.4 u
original HPWL          841598.2 u
legalized HPWL         841983.2 u
delta HPWL                    0 %

global_route -end_incremental -congestion_report_file ./reports/sky130hd/similarity_asic_transfer_blocal/base/congestion_post_repair_design.rpt
Repair setup and hold violations...
estimate_parasitics -global_routing
repair_timing -setup_margin 0 -hold_margin 0 -repair_tns 100 -verbose
[INFO RSZ-0100] Repair move sequence: UnbufferMove SizeUpMove SwapPinsMove BufferMove CloneMove SplitLoadMove 
[INFO RSZ-0098] No setup violations found
[INFO RSZ-0505] Runtime: 1.04s
[INFO RSZ-0033] No hold violations found.
[INFO RSZ-0506] Runtime: 0.28s
global_route -start_incremental
detailed_placement
[INFO DPL-0006] Core area: 930585.00 um^2
[INFO DPL-0007] Movable instances area: 341796.56 um^2
[INFO DPL-0008] Fixed instances area within core: 15589.95 um^2
[INFO DPL-0009] Utilization: 38.4%
[INFO DPL-0005] Diamond search max displacement: +/- 500 sites horizontally, +/- 100 rows vertically.
[INFO DPL-1102] Legalizing using negotiation legalizer.
[INFO DPL-1103] Negotiation base search window: +/-20 sites horizontally, +/-5 rows vertically 
	Automatic search window extension enabled.
	Search window extendable up to the max displacement cap of +/-500 sites, +/-100 rows near walls.
[INFO DPL-1104] NegotiationLegalizer DRC penalty: 5.
[INFO DPL-0392] Negotiation cell height distribution (1 unique row-count(s)):
[INFO DPL-0393]   height 1 row(s): 41522 cells
[INFO DPL-0500] Runtime: 0.19s
Placement Analysis
---------------------------------
total displacement          0.0 u
average displacement        0.0 u
max displacement            0.0 u
original HPWL          841983.2 u
legalized HPWL         841983.2 u
delta HPWL                    0 %

check_placement -verbose
global_route -end_incremental -congestion_report_file ./reports/sky130hd/similarity_asic_transfer_blocal/base/congestion_post_repair_timing.rpt
estimate_parasitics -global_routing
global_route -start_incremental
global_route -end_incremental -congestion_report_file ./reports/sky130hd/similarity_asic_transfer_blocal/base/congestion_post_recover_power.rpt
Repair antennas...
[INFO GRT-0012] Found 165 antenna violations.
[INFO GRT-0302] Inserted 159 jumpers for 133 nets.
[INFO GRT-0012] Found 63 antenna violations.
[WARNING GRT-0243] Unable to repair antennas on net with diodes.
[INFO DPL-0006] Core area: 930585.00 um^2
[INFO DPL-0007] Movable instances area: 340539.10 um^2
[INFO DPL-0008] Fixed instances area within core: 17543.08 um^2
[INFO DPL-0009] Utilization: 38.5%
[INFO DPL-0005] Diamond search max displacement: +/- 500 sites horizontally, +/- 100 rows vertically.
[INFO DPL-1102] Legalizing using negotiation legalizer.
[INFO DPL-1103] Negotiation base search window: +/-20 sites horizontally, +/-5 rows vertically 
	Automatic search window extension enabled.
	Search window extendable up to the max displacement cap of +/-500 sites, +/-100 rows near walls.
[INFO DPL-1104] NegotiationLegalizer DRC penalty: 5.
[INFO DPL-0392] Negotiation cell height distribution (1 unique row-count(s)):
[INFO DPL-0393]   height 1 row(s): 41800 cells
          |      Total |  Illegal |  Illegal
Iteration | Violations |    Cells |    Sites
---------------------------------------------
        0 |        229 |        37 |       192
        1 |         16 |         2 |        14
        2 |         32 |         2 |        30
        3 |          0 |         0 |         0
Negotiation phase 1 converged at iteration 3.
[INFO DPL-0500] Runtime: 0.28s
[INFO GRT-0015] Inserted 278 diodes.
[INFO GRT-0012] Found 31 antenna violations.
[INFO GRT-0302] Inserted 24 jumpers for 23 nets.
[INFO GRT-0012] Found 8 antenna violations.
[INFO DPL-0006] Core area: 930585.00 um^2
[INFO DPL-0007] Movable instances area: 342332.07 um^2
[INFO DPL-0008] Fixed instances area within core: 15817.67 um^2
[INFO DPL-0009] Utilization: 38.5%
[INFO DPL-0005] Diamond search max displacement: +/- 500 sites horizontally, +/- 100 rows vertically.
[INFO DPL-1102] Legalizing using negotiation legalizer.
[INFO DPL-1103] Negotiation base search window: +/-20 sites horizontally, +/-5 rows vertically 
	Automatic search window extension enabled.
	Search window extendable up to the max displacement cap of +/-500 sites, +/-100 rows near walls.
[INFO DPL-1104] NegotiationLegalizer DRC penalty: 5.
[INFO DPL-0392] Negotiation cell height distribution (1 unique row-count(s)):
[INFO DPL-0393]   height 1 row(s): 41827 cells
          |      Total |  Illegal |  Illegal
Iteration | Violations |    Cells |    Sites
---------------------------------------------
        0 |         16 |         6 |        10
        1 |          0 |         0 |         0
Negotiation phase 1 converged at iteration 1.
[INFO DPL-0500] Runtime: 0.22s
[INFO GRT-0015] Inserted 27 diodes.
[INFO GRT-0012] Found 7 antenna violations.
[INFO GRT-0302] Inserted 0 jumpers for 0 nets.
[INFO GRT-0012] Found 7 antenna violations.
[INFO DPL-0006] Core area: 930585.00 um^2
[INFO DPL-0007] Movable instances area: 342419.66 um^2
[INFO DPL-0008] Fixed instances area within core: 15782.64 um^2
[INFO DPL-0009] Utilization: 38.5%
[INFO DPL-0005] Diamond search max displacement: +/- 500 sites horizontally, +/- 100 rows vertically.
[INFO DPL-1102] Legalizing using negotiation legalizer.
[INFO DPL-1103] Negotiation base search window: +/-20 sites horizontally, +/-5 rows vertically 
	Automatic search window extension enabled.
	Search window extendable up to the max displacement cap of +/-500 sites, +/-100 rows near walls.
[INFO DPL-1104] NegotiationLegalizer DRC penalty: 5.
[INFO DPL-0392] Negotiation cell height distribution (1 unique row-count(s)):
[INFO DPL-0393]   height 1 row(s): 41848 cells
          |      Total |  Illegal |  Illegal
Iteration | Violations |    Cells |    Sites
---------------------------------------------
        0 |         16 |         6 |        10
        1 |          0 |         0 |         0
Negotiation phase 1 converged at iteration 1.
[INFO DPL-0500] Runtime: 0.22s
[INFO GRT-0015] Inserted 21 diodes.
[INFO GRT-0012] Found 1 antenna violations.
[INFO GRT-0302] Inserted 0 jumpers for 0 nets.
[INFO GRT-0012] Found 1 antenna violations.
[INFO DPL-0006] Core area: 930585.00 um^2
[INFO DPL-0007] Movable instances area: 342592.32 um^2
[INFO DPL-0008] Fixed instances area within core: 15612.47 um^2
[INFO DPL-0009] Utilization: 38.5%
[INFO DPL-0005] Diamond search max displacement: +/- 500 sites horizontally, +/- 100 rows vertically.
[INFO DPL-1102] Legalizing using negotiation legalizer.
[INFO DPL-1103] Negotiation base search window: +/-20 sites horizontally, +/-5 rows vertically 
	Automatic search window extension enabled.
	Search window extendable up to the max displacement cap of +/-500 sites, +/-100 rows near walls.
[INFO DPL-1104] NegotiationLegalizer DRC penalty: 5.
[INFO DPL-0392] Negotiation cell height distribution (1 unique row-count(s)):
[INFO DPL-0393]   height 1 row(s): 41849 cells
          |      Total |  Illegal |  Illegal
Iteration | Violations |    Cells |    Sites
---------------------------------------------
        0 |          0 |         0 |         0
Negotiation phase 1 converged at iteration 0.
[INFO DPL-0500] Runtime: 0.21s
[INFO GRT-0015] Inserted 1 diodes.
[INFO GRT-0012] Found 0 antenna violations.
[INFO ANT-0002] Found 0 net violations.
[INFO ANT-0001] Found 0 pin violations.
Estimate parasitics...
estimate_parasitics -global_routing
Report metrics stage 5, global route...

==========================================================================
global route report_design_area
--------------------------------------------------------------------------
Design area 358205 um^2 38% utilization.
[INFO FLW-0007] clock clk period 20.000000
[INFO FLW-0008] Clock clk period 6.788
[INFO FLW-0009] Clock clk slack 12.855
write_sdc -no_timestamp ./results/sky130hd/similarity_asic_transfer_blocal/base/updated_clks.sdc
[INFO FLW-0011] Path endpoint path count 3232
write_db ./results/sky130hd/similarity_asic_transfer_blocal/base/5_1_grt.odb
write_sdc -no_timestamp ./results/sky130hd/similarity_asic_transfer_blocal/base/5_1_grt.sdc
Elapsed time: 3:41.15[h:]min:sec. CPU time: user 812.51 sys 0.84 (367%). Peak memory: 981516KB.
Log                       Ext     Elapsed/s Peak Memory/MB sha1sum result [0:20)
5_1_grt                   .odb          221            958 f4cac6386cabf4e1a943
5_1_grt                   .sdc                             64ff760e9112f1865db9
/OpenROAD-flow-scripts/flow/scripts/flow.sh 5_2_route detail_route
Running detail_route.tcl, stage 5_2_route
read_liberty /OpenROAD-flow-scripts/flow/platforms/sky130hd/lib/sky130_fd_sc_hd__tt_025C_1v80.lib
read_db ./results/sky130hd/similarity_asic_transfer_blocal/base/5_1_grt.odb
read_sdc ./results/sky130hd/similarity_asic_transfer_blocal/base/5_1_grt.sdc
source /OpenROAD-flow-scripts/flow/platforms/sky130hd/setRC.tcl
detailed_route -output_drc ./reports/sky130hd/similarity_asic_transfer_blocal/base/5_route_drc.rpt -output_maze ./results/sky130hd/similarity_asic_transfer_blocal/base/maze.log -droute_end_iter 64 -verbose 1 -drc_report_iter_step 5
[INFO DRT-0149] Reading tech and libs.
[WARNING DRT-0349] LEF58_ENCLOSURE with no CUTCLASS is not supported. Skipping for layer mcon
[WARNING DRT-0349] LEF58_ENCLOSURE with no CUTCLASS is not supported. Skipping for layer mcon
[WARNING DRT-0349] LEF58_ENCLOSURE with no CUTCLASS is not supported. Skipping for layer via
[WARNING DRT-0349] LEF58_ENCLOSURE with no CUTCLASS is not supported. Skipping for layer via
[WARNING DRT-0349] LEF58_ENCLOSURE with no CUTCLASS is not supported. Skipping for layer via2
[WARNING DRT-0349] LEF58_ENCLOSURE with no CUTCLASS is not supported. Skipping for layer via2
[WARNING DRT-0349] LEF58_ENCLOSURE with no CUTCLASS is not supported. Skipping for layer via3
[WARNING DRT-0349] LEF58_ENCLOSURE with no CUTCLASS is not supported. Skipping for layer via3
[WARNING DRT-0349] LEF58_ENCLOSURE with no CUTCLASS is not supported. Skipping for layer via4
[WARNING DRT-0349] LEF58_ENCLOSURE with no CUTCLASS is not supported. Skipping for layer via4

Units:                1000
Number of layers:     13
Number of macros:     441
Number of vias:       29
Number of viarulegen: 25

[INFO DRT-0150] Reading design.

Design:                   similarity_asic_transfer_blocal
Die area:                 ( 0 0 ) ( 968950 968950 )
Number of track patterns: 12
Number of DEF vias:       0
Number of components:     41849
Number of terminals:      36
Number of snets:          2
Number of nets:           38753

[INFO DRT-0167] List of default vias:
  Layer via
    default via: M1M2_PR
  Layer via2
    default via: M2M3_PR
  Layer via3
    default via: M3M4_PR
  Layer via4
    default via: M4M5_PR
[INFO DRT-0162] Library cell analysis.
[INFO DRT-0163] Instance analysis.
[INFO DRT-0164] Number of unique instances = 225.
[INFO DRT-0168] Init region query.
[INFO DRT-0024]   Complete FR_MASTERSLICE.
[INFO DRT-0024]   Complete Fr_VIA.
[INFO DRT-0024]   Complete li1.
[INFO DRT-0024]   Complete mcon.
[INFO DRT-0024]   Complete met1.
[INFO DRT-0024]   Complete via.
[INFO DRT-0024]   Complete met2.
[INFO DRT-0024]   Complete via2.
[INFO DRT-0024]   Complete met3.
[INFO DRT-0024]   Complete via3.
[INFO DRT-0024]   Complete met4.
[INFO DRT-0024]   Complete via4.
[INFO DRT-0024]   Complete met5.
[INFO DRT-0033] FR_MASTERSLICE shape region query size = 0.
[INFO DRT-0033] FR_VIA shape region query size = 0.
[INFO DRT-0033] li1 shape region query size = 1125793.
[INFO DRT-0033] mcon shape region query size = 647074.
[INFO DRT-0033] met1 shape region query size = 242260.
[INFO DRT-0033] via shape region query size = 63015.
[INFO DRT-0033] met2 shape region query size = 37817.
[INFO DRT-0033] via2 shape region query size = 50412.
[INFO DRT-0033] met3 shape region query size = 37835.
[INFO DRT-0033] via3 shape region query size = 50412.
[INFO DRT-0033] met4 shape region query size = 15159.
[INFO DRT-0033] via4 shape region query size = 2485.
[INFO DRT-0033] met5 shape region query size = 2625.
[INFO DRT-0165] Start pin access.
[INFO DRT-0076]   Complete 1000 pins.
[INFO DRT-0078]   Complete 1826 pins.
[INFO DRT-0079]   Complete 100 unique inst patterns.
[INFO DRT-0079]   Complete 200 unique inst patterns.
[INFO DRT-0081]   Complete 225 unique inst patterns.
[INFO DRT-0082]   Complete 10000 groups.
[INFO DRT-0082]   Complete 20000 groups.
[INFO DRT-0084]   Complete 20745 groups.
#scanned instances     = 41849
#unique  instances     = 225
#stdCellGenAp          = 7826
#stdCellValidPlanarAp  = 90
#stdCellValidViaAp     = 5443
#stdCellPinNoAp        = 10
#stdCellPinCnt         = 108835
#instTermValidViaApCnt = 0
#macroGenAp            = 0
#macroValidPlanarAp    = 0
#macroValidViaAp       = 0
#macroNoAp             = 0
[INFO DRT-0166] Complete pin access.
[INFO DRT-0267] cpu time = 00:10:38, elapsed time = 00:02:42, memory = 571.33 (MB), peak = 586.26 (MB)
[INFO DRT-0156] guideIn read 100000 guides.
[INFO DRT-0156] guideIn read 200000 guides.

[INFO DRT-0157] Number of guides:     241032

[INFO DRT-0169] Post process guides.
[INFO DRT-0176] GCELLGRID X 0 DO 140 STEP 6900 ;
[INFO DRT-0177] GCELLGRID Y 0 DO 140 STEP 6900 ;
[INFO DRT-0026]   Complete 100000 origin guides.
[INFO DRT-0026]   Complete 200000 origin guides.
[INFO DRT-0028]   Complete FR_MASTERSLICE.
[INFO DRT-0028]   Complete Fr_VIA.
[INFO DRT-0028]   Complete li1.
[INFO DRT-0028]   Complete mcon.
[INFO DRT-0028]   Complete met1.
[INFO DRT-0028]   Complete via.
[INFO DRT-0028]   Complete met2.
[INFO DRT-0028]   Complete via2.
[INFO DRT-0028]   Complete met3.
[INFO DRT-0028]   Complete via3.
[INFO DRT-0028]   Complete met4.
[INFO DRT-0028]   Complete via4.
[INFO DRT-0028]   Complete met5.
[INFO DRT-0178] Init guide query.
[INFO DRT-0035]   Complete FR_MASTERSLICE (guide).
[INFO DRT-0035]   Complete Fr_VIA (guide).
[INFO DRT-0035]   Complete li1 (guide).
[INFO DRT-0035]   Complete mcon (guide).
[INFO DRT-0035]   Complete met1 (guide).
[INFO DRT-0035]   Complete via (guide).
[INFO DRT-0035]   Complete met2 (guide).
[INFO DRT-0035]   Complete via2 (guide).
[INFO DRT-0035]   Complete met3 (guide).
[INFO DRT-0035]   Complete via3 (guide).
[INFO DRT-0035]   Complete met4 (guide).
[INFO DRT-0035]   Complete via4 (guide).
[INFO DRT-0035]   Complete met5 (guide).
[INFO DRT-0036] FR_MASTERSLICE guide region query size = 0.
[INFO DRT-0036] FR_VIA guide region query size = 0.
[INFO DRT-0036] li1 guide region query size = 80357.
[INFO DRT-0036] mcon guide region query size = 0.
[INFO DRT-0036] met1 guide region query size = 73086.
[INFO DRT-0036] via guide region query size = 0.
[INFO DRT-0036] met2 guide region query size = 33278.
[INFO DRT-0036] via2 guide region query size = 0.
[INFO DRT-0036] met3 guide region query size = 1128.
[INFO DRT-0036] via3 guide region query size = 0.
[INFO DRT-0036] met4 guide region query size = 515.
[INFO DRT-0036] via4 guide region query size = 0.
[INFO DRT-0036] met5 guide region query size = 24.
[INFO DRT-0179] Init gr pin query.
[INFO DRT-0267] cpu time = 00:00:00, elapsed time = 00:00:00, memory = 645.61 (MB), peak = 645.46 (MB)
[INFO DRT-0245] skipped writing guide updates to database.
[INFO DRT-0181] Start track assignment.
[INFO DRT-0184] Done with 114150 vertical wires in 3 frboxes and 74238 horizontal wires in 3 frboxes.
[INFO DRT-0186] Done with 10521 vertical wires in 3 frboxes and 19600 horizontal wires in 3 frboxes.
[INFO DRT-0182] Complete track assignment.
[INFO DRT-0267] cpu time = 00:00:12, elapsed time = 00:00:05, memory = 934.83 (MB), peak = 962.64 (MB)
[INFO DRT-0187] Start routing data preparation.
[INFO DRT-0267] cpu time = 00:00:00, elapsed time = 00:00:00, memory = 934.89 (MB), peak = 962.64 (MB)
[INFO DRT-0194] Start detail routing.
[INFO DRT-0195] Start 0th optimization iteration.
    Completing 10% with 0 violations.
    elapsed time = 00:00:14, memory = 1302.20 (MB).
    Completing 20% with 0 violations.
    elapsed time = 00:00:26, memory = 1635.81 (MB).
    Completing 30% with 2578 violations.
    elapsed time = 00:00:43, memory = 1738.66 (MB).
    Completing 40% with 2578 violations.
    elapsed time = 00:00:52, memory = 1703.11 (MB).
    Completing 50% with 2578 violations.
    elapsed time = 00:01:12, memory = 1865.36 (MB).
    Completing 60% with 5280 violations.
    elapsed time = 00:01:23, memory = 1901.37 (MB).
    Completing 70% with 5280 violations.
    elapsed time = 00:01:45, memory = 1899.44 (MB).
    Completing 80% with 8103 violations.
    elapsed time = 00:02:03, memory = 1987.44 (MB).
    Completing 90% with 8103 violations.
    elapsed time = 00:02:16, memory = 1961.44 (MB).
    Completing 100% with 10647 violations.
    elapsed time = 00:02:38, memory = 1943.46 (MB).
[INFO DRT-0199]   Number of violations = 12403.
Viol/Layer         li1   mcon   met1    via   met2   met3   met4
Cut Spacing          0     18      0      0      0      0      0
Metal Spacing        0      0   1960      0    444     19      2
Min Hole             0      0     48      0      0      0      0
Recheck             15      0   1219      0    488     11     23
Short                0      4   7405      2    744      1      0
[INFO DRT-0267] cpu time = 00:10:17, elapsed time = 00:02:39, memory = 1909.52 (MB), peak = 2047.17 (MB)
Total wire length = 960396 um.
Total wire length on LAYER li1 = 0 um.
Total wire length on LAYER met1 = 461072 um.
Total wire length on LAYER met2 = 436666 um.
Total wire length on LAYER met3 = 37227 um.
Total wire length on LAYER met4 = 25130 um.
Total wire length on LAYER met5 = 299 um.
Total number of vias = 208551.
Up-via summary (total 208551):

-------------------------
 FR_MASTERSLICE         0
            li1     96807
           met1    109172
           met2      1731
           met3       799
           met4        42
-------------------------
               208551


[INFO DRT-0195] Start 1st optimization iteration.
    Completing 10% with 12403 violations.
    elapsed time = 00:00:04, memory = 1967.52 (MB).
    Completing 20% with 12403 violations.
    elapsed time = 00:00:24, memory = 1963.52 (MB).
    Completing 30% with 10885 violations.
    elapsed time = 00:00:39, memory = 1997.53 (MB).
    Completing 40% with 10885 violations.
    elapsed time = 00:00:46, memory = 1997.53 (MB).
    Completing 50% with 10885 violations.
    elapsed time = 00:01:08, memory = 1993.53 (MB).
    Completing 60% with 9402 violations.
    elapsed time = 00:01:21, memory = 2023.54 (MB).
    Completing 70% with 9402 violations.
    elapsed time = 00:01:36, memory = 2023.54 (MB).
    Completing 80% with 7608 violations.
    elapsed time = 00:01:55, memory = 2049.55 (MB).
    Completing 90% with 7608 violations.
    elapsed time = 00:02:07, memory = 2013.55 (MB).
    Completing 100% with 5870 violations.
    elapsed time = 00:02:28, memory = 1931.55 (MB).
[INFO DRT-0199]   Number of violations = 5870.
Viol/Layer        mcon   met1   met2   met3   met4
Cut Spacing         20      0      0      0      0
Metal Spacing        0    843    165      3      1
Short                0   4617    221      0      0
[INFO DRT-0267] cpu time = 00:09:35, elapsed time = 00:02:29, memory = 1959.55 (MB), peak = 2091.22 (MB)
Total wire length = 951765 um.
Total wire length on LAYER li1 = 0 um.
Total wire length on LAYER met1 = 456823 um.
Total wire length on LAYER met2 = 432422 um.
Total wire length on LAYER met3 = 37260 um.
Total wire length on LAYER met4 = 24930 um.
Total wire length on LAYER met5 = 328 um.
Total number of vias = 206050.
Up-via summary (total 206050):

-------------------------
 FR_MASTERSLICE         0
            li1     96761
           met1    106745
           met2      1758
           met3       744
           met4        42
-------------------------
               206050


[INFO DRT-0195] Start 2nd optimization iteration.
    Completing 10% with 5870 violations.
    elapsed time = 00:00:07, memory = 2005.55 (MB).
    Completing 20% with 5870 violations.
    elapsed time = 00:00:23, memory = 2029.55 (MB).
    Completing 30% with 5796 violations.
    elapsed time = 00:00:34, memory = 1973.55 (MB).
    Completing 40% with 5796 violations.
    elapsed time = 00:00:45, memory = 2031.55 (MB).
    Completing 50% with 5796 violations.
    elapsed time = 00:01:05, memory = 2007.55 (MB).
    Completing 60% with 5522 violations.
    elapsed time = 00:01:20, memory = 2035.56 (MB).
    Completing 70% with 5522 violations.
    elapsed time = 00:01:32, memory = 2007.56 (MB).
    Completing 80% with 5535 violations.
    elapsed time = 00:01:50, memory = 2007.56 (MB).
    Completing 90% with 5535 violations.
    elapsed time = 00:01:59, memory = 2009.56 (MB).
    Completing 100% with 5299 violations.
    elapsed time = 00:02:19, memory = 1949.71 (MB).
[INFO DRT-0199]   Number of violations = 5299.
Viol/Layer        mcon   met1   met2
Cut Spacing         31      0      0
Metal Spacing        0    778    122
Min Hole             0      1      0
Short                0   4168    199
[INFO DRT-0267] cpu time = 00:08:59, elapsed time = 00:02:19, memory = 1963.71 (MB), peak = 2091.22 (MB)
Total wire length = 949819 um.
Total wire length on LAYER li1 = 0 um.
Total wire length on LAYER met1 = 455413 um.
Total wire length on LAYER met2 = 431926 um.
Total wire length on LAYER met3 = 37300 um.
Total wire length on LAYER met4 = 24873 um.
Total wire length on LAYER met5 = 305 um.
Total number of vias = 205572.
Up-via summary (total 205572):

-------------------------
 FR_MASTERSLICE         0
            li1     96717
           met1    106347
           met2      1734
           met3       732
           met4        42
-------------------------
               205572


[INFO DRT-0195] Start 3rd optimization iteration.
    Completing 10% with 5299 violations.
    elapsed time = 00:00:07, memory = 2027.71 (MB).
    Completing 20% with 5299 violations.
    elapsed time = 00:00:17, memory = 2027.71 (MB).
    Completing 30% with 4022 violations.
    elapsed time = 00:00:27, memory = 2031.71 (MB).
    Completing 40% with 4022 violations.
    elapsed time = 00:00:32, memory = 2027.71 (MB).
    Completing 50% with 4022 violations.
    elapsed time = 00:00:47, memory = 1933.71 (MB).
    Completing 60% with 2981 violations.
    elapsed time = 00:00:53, memory = 1997.71 (MB).
    Completing 70% with 2981 violations.
    elapsed time = 00:01:04, memory = 2023.71 (MB).
    Completing 80% with 1491 violations.
    elapsed time = 00:01:17, memory = 2051.71 (MB).
    Completing 90% with 1491 violations.
    elapsed time = 00:01:30, memory = 2015.72 (MB).
    Completing 100% with 423 violations.
    elapsed time = 00:01:41, memory = 1933.72 (MB).
[INFO DRT-0199]   Number of violations = 423.
Viol/Layer        mcon   met1   met2
Cut Spacing          1      0      0
Metal Spacing        0    102     17
Short                0    278     25
[INFO DRT-0267] cpu time = 00:06:12, elapsed time = 00:01:41, memory = 1945.72 (MB), peak = 2091.22 (MB)
Total wire length = 949062 um.
Total wire length on LAYER li1 = 0 um.
Total wire length on LAYER met1 = 440677 um.
Total wire length on LAYER met2 = 432937 um.
Total wire length on LAYER met3 = 50093 um.
Total wire length on LAYER met4 = 25048 um.
Total wire length on LAYER met5 = 305 um.
Total number of vias = 208802.
Up-via summary (total 208802):

-------------------------
 FR_MASTERSLICE         0
            li1     96703
           met1    107816
           met2      3484
           met3       757
           met4        42
-------------------------
               208802


[INFO DRT-0195] Start 4th optimization iteration.
    Completing 10% with 423 violations.
    elapsed time = 00:00:00, memory = 1945.72 (MB).
    Completing 20% with 423 violations.
    elapsed time = 00:00:01, memory = 2041.72 (MB).
    Completing 30% with 315 violations.
    elapsed time = 00:00:03, memory = 1949.78 (MB).
    Completing 40% with 315 violations.
    elapsed time = 00:00:03, memory = 1949.78 (MB).
    Completing 50% with 315 violations.
    elapsed time = 00:00:05, memory = 2029.78 (MB).
    Completing 60% with 262 violations.
    elapsed time = 00:00:07, memory = 2019.78 (MB).
    Completing 70% with 262 violations.
    elapsed time = 00:00:09, memory = 2033.78 (MB).
    Completing 80% with 177 violations.
    elapsed time = 00:00:09, memory = 1953.78 (MB).
    Completing 90% with 177 violations.
    elapsed time = 00:00:11, memory = 2027.78 (MB).
    Completing 100% with 6 violations.
    elapsed time = 00:00:13, memory = 1983.78 (MB).
[INFO DRT-0199]   Number of violations = 6.
Viol/Layer        met1
Metal Spacing        1
Short                5
[INFO DRT-0267] cpu time = 00:00:46, elapsed time = 00:00:14, memory = 1981.78 (MB), peak = 2091.22 (MB)
Total wire length = 949020 um.
Total wire length on LAYER li1 = 0 um.
Total wire length on LAYER met1 = 439932 um.
Total wire length on LAYER met2 = 433026 um.
Total wire length on LAYER met3 = 50723 um.
Total wire length on LAYER met4 = 25032 um.
Total wire length on LAYER met5 = 305 um.
Total number of vias = 208940.
Up-via summary (total 208940):

-------------------------
 FR_MASTERSLICE         0
            li1     96702
           met1    107885
           met2      3558
           met3       753
           met4        42
-------------------------
               208940


[INFO DRT-0195] Start 5th guides tiles iteration.
    Completing 30% with 6 violations.
    elapsed time = 00:00:00, memory = 1981.78 (MB).
    Completing 60% with 6 violations.
    elapsed time = 00:00:00, memory = 1981.78 (MB).
    Completing 100% with 0 violations.
    elapsed time = 00:00:00, memory = 1981.78 (MB).
[INFO DRT-0199]   Number of violations = 0.
[INFO DRT-0267] cpu time = 00:00:00, elapsed time = 00:00:00, memory = 1981.84 (MB), peak = 2091.22 (MB)
Total wire length = 949016 um.
Total wire length on LAYER li1 = 0 um.
Total wire length on LAYER met1 = 439920 um.
Total wire length on LAYER met2 = 433023 um.
Total wire length on LAYER met3 = 50734 um.
Total wire length on LAYER met4 = 25032 um.
Total wire length on LAYER met5 = 305 um.
Total number of vias = 208941.
Up-via summary (total 208941):

-------------------------
 FR_MASTERSLICE         0
            li1     96702
           met1    107884
           met2      3560
           met3       753
           met4        42
-------------------------
               208941


[INFO DRT-0198] Complete detail routing.
Total wire length = 949016 um.
Total wire length on LAYER li1 = 0 um.
Total wire length on LAYER met1 = 439920 um.
Total wire length on LAYER met2 = 433023 um.
Total wire length on LAYER met3 = 50734 um.
Total wire length on LAYER met4 = 25032 um.
Total wire length on LAYER met5 = 305 um.
Total number of vias = 208941.
Up-via summary (total 208941):

-------------------------
 FR_MASTERSLICE         0
            li1     96702
           met1    107884
           met2      3560
           met3       753
           met4        42
-------------------------
               208941


[INFO DRT-0267] cpu time = 00:35:51, elapsed time = 00:09:24, memory = 1981.84 (MB), peak = 2091.22 (MB)

[INFO DRT-0180] Post processing.
[INFO DRT-0501] Runtime: 733.52s
Took 733 seconds: detailed_route -output_drc ./reports/sky130hd/similarity_asic_transfer_blocal/base/5_route_drc.rpt -output_maze ./results/sky130hd/similarity_asic_transfer_blocal/base/maze.log -droute_end_iter 64 -verbose 1 -drc_report_iter_step 5
[INFO GRT-0012] Found 21 antenna violations.
[INFO DPL-0006] Core area: 930585.00 um^2
[INFO DPL-0007] Movable instances area: 0.00 um^2
[INFO DPL-0008] Fixed instances area within core: 358264.85 um^2
[INFO DPL-0009] Utilization: 38.5%
[INFO DPL-0005] Diamond search max displacement: +/- 500 sites horizontally, +/- 100 rows vertically.
[INFO DPL-1102] Legalizing using negotiation legalizer.
[INFO DPL-1103] Negotiation base search window: +/-20 sites horizontally, +/-5 rows vertically 
	Automatic search window extension enabled.
	Search window extendable up to the max displacement cap of +/-500 sites, +/-100 rows near walls.
[INFO DPL-1104] NegotiationLegalizer DRC penalty: 5.
[INFO DPL-0392] Negotiation cell height distribution (1 unique row-count(s)):
[INFO DPL-0393]   height 1 row(s): 41873 cells
[INFO DPL-0500] Runtime: 0.17s
[INFO GRT-0015] Inserted 24 diodes.
[INFO DRT-0024]   Complete FR_MASTERSLICE.
[INFO DRT-0024]   Complete Fr_VIA.
[INFO DRT-0024]   Complete li1.
[INFO DRT-0024]   Complete mcon.
[INFO DRT-0024]   Complete met1.
[INFO DRT-0024]   Complete via.
[INFO DRT-0024]   Complete met2.
[INFO DRT-0024]   Complete via2.
[INFO DRT-0024]   Complete met3.
[INFO DRT-0024]   Complete via3.
[INFO DRT-0024]   Complete met4.
[INFO DRT-0024]   Complete via4.
[INFO DRT-0024]   Complete met5.
[INFO DRT-0165] Start pin access.
[INFO DRT-0076]   Complete 1000 pins.
[INFO DRT-0078]   Complete 1826 pins.
[INFO DRT-0079]   Complete 100 unique inst patterns.
[INFO DRT-0079]   Complete 200 unique inst patterns.
[INFO DRT-0081]   Complete 225 unique inst patterns.
[INFO DRT-0082]   Complete 10000 groups.
[INFO DRT-0082]   Complete 20000 groups.
[INFO DRT-0084]   Complete 20749 groups.
#scanned instances     = 41873
#unique  instances     = 225
#stdCellGenAp          = 7826
#stdCellValidPlanarAp  = 90
#stdCellValidViaAp     = 5443
#stdCellPinNoAp        = 10
#stdCellPinCnt         = 108835
#instTermValidViaApCnt = 0
#macroGenAp            = 0
#macroValidPlanarAp    = 0
#macroValidViaAp       = 0
#macroNoAp             = 0
[INFO DRT-0166] Complete pin access.
[INFO DRT-0267] cpu time = 00:10:41, elapsed time = 00:02:43, memory = 1887.46 (MB), peak = 2091.22 (MB)
[INFO DRT-0156] guideIn read 100000 guides.
[INFO DRT-0156] guideIn read 200000 guides.

[INFO DRT-0157] Number of guides:     240931

[INFO DRT-0169] Post process guides.
[INFO DRT-0176] GCELLGRID X 0 DO 140 STEP 6900 ;
[INFO DRT-0177] GCELLGRID Y 0 DO 140 STEP 6900 ;
[INFO DRT-0026]   Complete 100000 origin guides.
[INFO DRT-0026]   Complete 200000 origin guides.
[INFO DRT-0028]   Complete FR_MASTERSLICE.
[INFO DRT-0028]   Complete Fr_VIA.
[INFO DRT-0028]   Complete li1.
[INFO DRT-0028]   Complete mcon.
[INFO DRT-0028]   Complete met1.
[INFO DRT-0028]   Complete via.
[INFO DRT-0028]   Complete met2.
[INFO DRT-0028]   Complete via2.
[INFO DRT-0028]   Complete met3.
[INFO DRT-0028]   Complete via3.
[INFO DRT-0028]   Complete met4.
[INFO DRT-0028]   Complete via4.
[INFO DRT-0028]   Complete met5.
[INFO DRT-0178] Init guide query.
[INFO DRT-0035]   Complete FR_MASTERSLICE (guide).
[INFO DRT-0035]   Complete Fr_VIA (guide).
[INFO DRT-0035]   Complete li1 (guide).
[INFO DRT-0035]   Complete mcon (guide).
[INFO DRT-0035]   Complete met1 (guide).
[INFO DRT-0035]   Complete via (guide).
[INFO DRT-0035]   Complete met2 (guide).
[INFO DRT-0035]   Complete via2 (guide).
[INFO DRT-0035]   Complete met3 (guide).
[INFO DRT-0035]   Complete via3 (guide).
[INFO DRT-0035]   Complete met4 (guide).
[INFO DRT-0035]   Complete via4 (guide).
[INFO DRT-0035]   Complete met5 (guide).
[INFO DRT-0036] FR_MASTERSLICE guide region query size = 0.
[INFO DRT-0036] FR_VIA guide region query size = 0.
[INFO DRT-0036] li1 guide region query size = 80366.
[INFO DRT-0036] mcon guide region query size = 0.
[INFO DRT-0036] met1 guide region query size = 73078.
[INFO DRT-0036] via guide region query size = 0.
[INFO DRT-0036] met2 guide region query size = 33255.
[INFO DRT-0036] via2 guide region query size = 0.
[INFO DRT-0036] met3 guide region query size = 1100.
[INFO DRT-0036] via3 guide region query size = 0.
[INFO DRT-0036] met4 guide region query size = 505.
[INFO DRT-0036] via4 guide region query size = 0.
[INFO DRT-0036] met5 guide region query size = 22.
[INFO DRT-0179] Init gr pin query.
[INFO DRT-0267] cpu time = 00:00:00, elapsed time = 00:00:00, memory = 1859.50 (MB), peak = 2091.22 (MB)
[INFO DRT-0245] skipped writing guide updates to database.
[INFO DRT-0181] Start track assignment.
[INFO DRT-0184] Done with 114126 vertical wires in 3 frboxes and 74200 horizontal wires in 3 frboxes.
[INFO DRT-0186] Done with 10580 vertical wires in 3 frboxes and 19643 horizontal wires in 3 frboxes.
[INFO DRT-0182] Complete track assignment.
[INFO DRT-0267] cpu time = 00:00:13, elapsed time = 00:00:05, memory = 2041.52 (MB), peak = 2091.22 (MB)
[INFO DRT-0187] Start routing data preparation.
[INFO DRT-0267] cpu time = 00:00:00, elapsed time = 00:00:00, memory = 2041.52 (MB), peak = 2091.22 (MB)
[INFO DRT-0194] Start detail routing.
[INFO DRT-0195] Start 0th optimization iteration.
    Completing 10% with 0 violations.
    elapsed time = 00:00:04, memory = 2037.52 (MB).
    Completing 20% with 0 violations.
    elapsed time = 00:00:08, memory = 1996.99 (MB).
    Completing 30% with 179 violations.
    elapsed time = 00:00:14, memory = 2185.93 (MB).
    Completing 40% with 179 violations.
    elapsed time = 00:00:18, memory = 2155.95 (MB).
    Completing 50% with 179 violations.
    elapsed time = 00:00:24, memory = 2089.27 (MB).
    Completing 60% with 362 violations.
    elapsed time = 00:00:28, memory = 2145.27 (MB).
    Completing 70% with 362 violations.
    elapsed time = 00:00:33, memory = 2133.30 (MB).
    Completing 80% with 525 violations.
    elapsed time = 00:00:39, memory = 2165.30 (MB).
    Completing 90% with 525 violations.
    elapsed time = 00:00:42, memory = 2161.30 (MB).
    Completing 100% with 705 violations.
    elapsed time = 00:00:49, memory = 2081.33 (MB).
[INFO DRT-0199]   Number of violations = 802.
Viol/Layer        met1    via   met2
Metal Spacing       61      0     18
Min Hole             1      0      1
Recheck             68      0     29
Short              500      1    123
[INFO DRT-0267] cpu time = 00:03:08, elapsed time = 00:00:50, memory = 2093.33 (MB), peak = 2221.08 (MB)
Total wire length = 949323 um.
Total wire length on LAYER li1 = 0 um.
Total wire length on LAYER met1 = 441591 um.
Total wire length on LAYER met2 = 433423 um.
Total wire length on LAYER met3 = 49228 um.
Total wire length on LAYER met4 = 24774 um.
Total wire length on LAYER met5 = 305 um.
Total number of vias = 208949.
Up-via summary (total 208949):

-------------------------
 FR_MASTERSLICE         0
            li1     96736
           met1    107936
           met2      3494
           met3       741
           met4        42
-------------------------
               208949


[INFO DRT-0195] Start 1st optimization iteration.
    Completing 10% with 802 violations.
    elapsed time = 00:00:02, memory = 2161.33 (MB).
    Completing 20% with 802 violations.
    elapsed time = 00:00:07, memory = 2213.34 (MB).
    Completing 30% with 695 violations.
    elapsed time = 00:00:12, memory = 2203.34 (MB).
    Completing 40% with 695 violations.
    elapsed time = 00:00:15, memory = 2203.34 (MB).
    Completing 50% with 695 violations.
    elapsed time = 00:00:21, memory = 2203.34 (MB).
    Completing 60% with 567 violations.
    elapsed time = 00:00:27, memory = 2203.36 (MB).
    Completing 70% with 567 violations.
    elapsed time = 00:00:31, memory = 2203.36 (MB).
    Completing 80% with 426 violations.
    elapsed time = 00:00:37, memory = 2203.36 (MB).
    Completing 90% with 426 violations.
    elapsed time = 00:00:40, memory = 2203.36 (MB).
    Completing 100% with 265 violations.
    elapsed time = 00:00:47, memory = 2203.36 (MB).
[INFO DRT-0199]   Number of violations = 265.
Viol/Layer        met1   met2
Metal Spacing       20     11
Short              204     30
[INFO DRT-0267] cpu time = 00:03:00, elapsed time = 00:00:47, memory = 2203.36 (MB), peak = 2221.08 (MB)
Total wire length = 949225 um.
Total wire length on LAYER li1 = 0 um.
Total wire length on LAYER met1 = 441509 um.
Total wire length on LAYER met2 = 433409 um.
Total wire length on LAYER met3 = 49231 um.
Total wire length on LAYER met4 = 24769 um.
Total wire length on LAYER met5 = 305 um.
Total number of vias = 208960.
Up-via summary (total 208960):

-------------------------
 FR_MASTERSLICE         0
            li1     96737
           met1    107948
           met2      3493
           met3       740
           met4        42
-------------------------
               208960


[INFO DRT-0195] Start 2nd optimization iteration.
    Completing 10% with 265 violations.
    elapsed time = 00:00:00, memory = 2203.36 (MB).
    Completing 20% with 265 violations.
    elapsed time = 00:00:02, memory = 2203.36 (MB).
    Completing 30% with 280 violations.
    elapsed time = 00:00:03, memory = 2201.36 (MB).
    Completing 40% with 280 violations.
    elapsed time = 00:00:03, memory = 2201.36 (MB).
    Completing 50% with 280 violations.
    elapsed time = 00:00:05, memory = 2201.36 (MB).
    Completing 60% with 272 violations.
    elapsed time = 00:00:06, memory = 2199.36 (MB).
    Completing 70% with 272 violations.
    elapsed time = 00:00:08, memory = 2199.36 (MB).
    Completing 80% with 257 violations.
    elapsed time = 00:00:09, memory = 2197.36 (MB).
    Completing 90% with 257 violations.
    elapsed time = 00:00:09, memory = 2197.36 (MB).
    Completing 100% with 240 violations.
    elapsed time = 00:00:11, memory = 2191.36 (MB).
[INFO DRT-0199]   Number of violations = 240.
Viol/Layer        met1   met2
Metal Spacing       10     14
Short              187     29
[INFO DRT-0267] cpu time = 00:00:41, elapsed time = 00:00:11, memory = 2189.36 (MB), peak = 2221.08 (MB)
Total wire length = 949135 um.
Total wire length on LAYER li1 = 0 um.
Total wire length on LAYER met1 = 441391 um.
Total wire length on LAYER met2 = 433424 um.
Total wire length on LAYER met3 = 49252 um.
Total wire length on LAYER met4 = 24761 um.
Total wire length on LAYER met5 = 305 um.
Total number of vias = 208943.
Up-via summary (total 208943):

-------------------------
 FR_MASTERSLICE         0
            li1     96738
           met1    107933
           met2      3490
           met3       740
           met4        42
-------------------------
               208943


[INFO DRT-0195] Start 3rd optimization iteration.
    Completing 10% with 240 violations.
    elapsed time = 00:00:00, memory = 2189.36 (MB).
    Completing 20% with 240 violations.
    elapsed time = 00:00:01, memory = 2189.36 (MB).
    Completing 30% with 176 violations.
    elapsed time = 00:00:02, memory = 2189.36 (MB).
    Completing 40% with 176 violations.
    elapsed time = 00:00:02, memory = 2189.36 (MB).
    Completing 50% with 176 violations.
    elapsed time = 00:00:04, memory = 2189.36 (MB).
    Completing 60% with 137 violations.
    elapsed time = 00:00:04, memory = 2183.36 (MB).
    Completing 70% with 137 violations.
    elapsed time = 00:00:05, memory = 2183.36 (MB).
    Completing 80% with 106 violations.
    elapsed time = 00:00:06, memory = 2183.36 (MB).
    Completing 90% with 106 violations.
    elapsed time = 00:00:06, memory = 2183.36 (MB).
    Completing 100% with 2 violations.
    elapsed time = 00:00:09, memory = 2183.36 (MB).
[INFO DRT-0199]   Number of violations = 2.
Viol/Layer        met2
Metal Spacing        2
[INFO DRT-0267] cpu time = 00:00:32, elapsed time = 00:00:09, memory = 2179.36 (MB), peak = 2221.08 (MB)
Total wire length = 949086 um.
Total wire length on LAYER li1 = 0 um.
Total wire length on LAYER met1 = 440284 um.
Total wire length on LAYER met2 = 433401 um.
Total wire length on LAYER met3 = 50287 um.
Total wire length on LAYER met4 = 24821 um.
Total wire length on LAYER met5 = 291 um.
Total number of vias = 209073.
Up-via summary (total 209073):

-------------------------
 FR_MASTERSLICE         0
            li1     96734
           met1    107983
           met2      3574
           met3       742
           met4        40
-------------------------
               209073


[INFO DRT-0195] Start 4th guides tiles iteration.
    Completing 50% with 2 violations.
    elapsed time = 00:00:00, memory = 2179.36 (MB).
    Completing 100% with 0 violations.
    elapsed time = 00:00:00, memory = 2179.36 (MB).
[INFO DRT-0199]   Number of violations = 0.
[INFO DRT-0267] cpu time = 00:00:00, elapsed time = 00:00:00, memory = 2179.36 (MB), peak = 2221.08 (MB)
Total wire length = 949085 um.
Total wire length on LAYER li1 = 0 um.
Total wire length on LAYER met1 = 440284 um.
Total wire length on LAYER met2 = 433401 um.
Total wire length on LAYER met3 = 50287 um.
Total wire length on LAYER met4 = 24821 um.
Total wire length on LAYER met5 = 291 um.
Total number of vias = 209073.
Up-via summary (total 209073):

-------------------------
 FR_MASTERSLICE         0
            li1     96734
           met1    107983
           met2      3574
           met3       742
           met4        40
-------------------------
               209073


[INFO DRT-0198] Complete detail routing.
Total wire length = 949085 um.
Total wire length on LAYER li1 = 0 um.
Total wire length on LAYER met1 = 440284 um.
Total wire length on LAYER met2 = 433401 um.
Total wire length on LAYER met3 = 50287 um.
Total wire length on LAYER met4 = 24821 um.
Total wire length on LAYER met5 = 291 um.
Total number of vias = 209073.
Up-via summary (total 209073):

-------------------------
 FR_MASTERSLICE         0
            li1     96734
           met1    107983
           met2      3574
           met3       742
           met4        40
-------------------------
               209073


[INFO DRT-0267] cpu time = 00:07:23, elapsed time = 00:01:59, memory = 2179.42 (MB), peak = 2221.08 (MB)

[INFO DRT-0180] Post processing.
[INFO DRT-0501] Runtime: 289.71s
[INFO ANT-0002] Found 2 net violations.
[INFO ANT-0001] Found 2 pin violations.
[INFO GRT-0012] Found 2 antenna violations.
[INFO DPL-0006] Core area: 930585.00 um^2
[INFO DPL-0007] Movable instances area: 0.00 um^2
[INFO DPL-0008] Fixed instances area within core: 358277.37 um^2
[INFO DPL-0009] Utilization: 38.5%
[INFO DPL-0005] Diamond search max displacement: +/- 500 sites horizontally, +/- 100 rows vertically.
[INFO DPL-1102] Legalizing using negotiation legalizer.
[INFO DPL-1103] Negotiation base search window: +/-20 sites horizontally, +/-5 rows vertically 
	Automatic search window extension enabled.
	Search window extendable up to the max displacement cap of +/-500 sites, +/-100 rows near walls.
[INFO DPL-1104] NegotiationLegalizer DRC penalty: 5.
[INFO DPL-0392] Negotiation cell height distribution (1 unique row-count(s)):
[INFO DPL-0393]   height 1 row(s): 41878 cells
[INFO DPL-0500] Runtime: 0.19s
[INFO GRT-0015] Inserted 5 diodes.
[INFO DRT-0024]   Complete FR_MASTERSLICE.
[INFO DRT-0024]   Complete Fr_VIA.
[INFO DRT-0024]   Complete li1.
[INFO DRT-0024]   Complete mcon.
[INFO DRT-0024]   Complete met1.
[INFO DRT-0024]   Complete via.
[INFO DRT-0024]   Complete met2.
[INFO DRT-0024]   Complete via2.
[INFO DRT-0024]   Complete met3.
[INFO DRT-0024]   Complete via3.
[INFO DRT-0024]   Complete met4.
[INFO DRT-0024]   Complete via4.
[INFO DRT-0024]   Complete met5.
[INFO DRT-0165] Start pin access.
[INFO DRT-0076]   Complete 1000 pins.
[INFO DRT-0078]   Complete 1826 pins.
[INFO DRT-0079]   Complete 100 unique inst patterns.
[INFO DRT-0079]   Complete 200 unique inst patterns.
[INFO DRT-0081]   Complete 225 unique inst patterns.
[INFO DRT-0082]   Complete 10000 groups.
[INFO DRT-0082]   Complete 20000 groups.
[INFO DRT-0084]   Complete 20749 groups.
#scanned instances     = 41878
#unique  instances     = 225
#stdCellGenAp          = 7826
#stdCellValidPlanarAp  = 90
#stdCellValidViaAp     = 5443
#stdCellPinNoAp        = 10
#stdCellPinCnt         = 108835
#instTermValidViaApCnt = 0
#macroGenAp            = 0
#macroValidPlanarAp    = 0
#macroValidViaAp       = 0
#macroNoAp             = 0
[INFO DRT-0166] Complete pin access.
[INFO DRT-0267] cpu time = 00:10:43, elapsed time = 00:02:43, memory = 2087.42 (MB), peak = 2221.08 (MB)
[INFO DRT-0156] guideIn read 100000 guides.
[INFO DRT-0156] guideIn read 200000 guides.

[INFO DRT-0157] Number of guides:     240919

[INFO DRT-0169] Post process guides.
[INFO DRT-0176] GCELLGRID X 0 DO 140 STEP 6900 ;
[INFO DRT-0177] GCELLGRID Y 0 DO 140 STEP 6900 ;
[INFO DRT-0026]   Complete 100000 origin guides.
[INFO DRT-0026]   Complete 200000 origin guides.
[INFO DRT-0028]   Complete FR_MASTERSLICE.
[INFO DRT-0028]   Complete Fr_VIA.
[INFO DRT-0028]   Complete li1.
[INFO DRT-0028]   Complete mcon.
[INFO DRT-0028]   Complete met1.
[INFO DRT-0028]   Complete via.
[INFO DRT-0028]   Complete met2.
[INFO DRT-0028]   Complete via2.
[INFO DRT-0028]   Complete met3.
[INFO DRT-0028]   Complete via3.
[INFO DRT-0028]   Complete met4.
[INFO DRT-0028]   Complete via4.
[INFO DRT-0028]   Complete met5.
[INFO DRT-0178] Init guide query.
[INFO DRT-0035]   Complete FR_MASTERSLICE (guide).
[INFO DRT-0035]   Complete Fr_VIA (guide).
[INFO DRT-0035]   Complete li1 (guide).
[INFO DRT-0035]   Complete mcon (guide).
[INFO DRT-0035]   Complete met1 (guide).
[INFO DRT-0035]   Complete via (guide).
[INFO DRT-0035]   Complete met2 (guide).
[INFO DRT-0035]   Complete via2 (guide).
[INFO DRT-0035]   Complete met3 (guide).
[INFO DRT-0035]   Complete via3 (guide).
[INFO DRT-0035]   Complete met4 (guide).
[INFO DRT-0035]   Complete via4 (guide).
[INFO DRT-0035]   Complete met5 (guide).
[INFO DRT-0036] FR_MASTERSLICE guide region query size = 0.
[INFO DRT-0036] FR_VIA guide region query size = 0.
[INFO DRT-0036] li1 guide region query size = 80367.
[INFO DRT-0036] mcon guide region query size = 0.
[INFO DRT-0036] met1 guide region query size = 73077.
[INFO DRT-0036] via guide region query size = 0.
[INFO DRT-0036] met2 guide region query size = 33253.
[INFO DRT-0036] via2 guide region query size = 0.
[INFO DRT-0036] met3 guide region query size = 1098.
[INFO DRT-0036] via3 guide region query size = 0.
[INFO DRT-0036] met4 guide region query size = 503.
[INFO DRT-0036] via4 guide region query size = 0.
[INFO DRT-0036] met5 guide region query size = 21.
[INFO DRT-0179] Init gr pin query.
[INFO DRT-0267] cpu time = 00:00:00, elapsed time = 00:00:00, memory = 2087.42 (MB), peak = 2221.08 (MB)
[INFO DRT-0245] skipped writing guide updates to database.
[INFO DRT-0181] Start track assignment.
[INFO DRT-0184] Done with 114123 vertical wires in 3 frboxes and 74196 horizontal wires in 3 frboxes.
[INFO DRT-0186] Done with 10533 vertical wires in 3 frboxes and 19618 horizontal wires in 3 frboxes.
[INFO DRT-0182] Complete track assignment.
[INFO DRT-0267] cpu time = 00:00:13, elapsed time = 00:00:05, memory = 2291.42 (MB), peak = 2321.30 (MB)
[INFO DRT-0187] Start routing data preparation.
[INFO DRT-0267] cpu time = 00:00:00, elapsed time = 00:00:00, memory = 2291.42 (MB), peak = 2321.30 (MB)
[INFO DRT-0194] Start detail routing.
[INFO DRT-0195] Start 0th optimization iteration.
    Completing 10% with 0 violations.
    elapsed time = 00:00:04, memory = 2337.43 (MB).
    Completing 20% with 0 violations.
    elapsed time = 00:00:07, memory = 2337.43 (MB).
    Completing 30% with 21 violations.
    elapsed time = 00:00:13, memory = 2299.43 (MB).
    Completing 40% with 21 violations.
    elapsed time = 00:00:16, memory = 2299.43 (MB).
    Completing 50% with 21 violations.
    elapsed time = 00:00:21, memory = 2301.43 (MB).
    Completing 60% with 39 violations.
    elapsed time = 00:00:25, memory = 2307.43 (MB).
    Completing 70% with 39 violations.
    elapsed time = 00:00:30, memory = 2307.43 (MB).
    Completing 80% with 69 violations.
    elapsed time = 00:00:36, memory = 2321.43 (MB).
    Completing 90% with 69 violations.
    elapsed time = 00:00:38, memory = 2321.43 (MB).
    Completing 100% with 97 violations.
    elapsed time = 00:00:45, memory = 2321.43 (MB).
[INFO DRT-0199]   Number of violations = 103.
Viol/Layer        met1   met2
Metal Spacing        4      0
Recheck              3      3
Short               84      9
[INFO DRT-0267] cpu time = 00:02:50, elapsed time = 00:00:45, memory = 2321.43 (MB), peak = 2337.30 (MB)
Total wire length = 949104 um.
Total wire length on LAYER li1 = 0 um.
Total wire length on LAYER met1 = 440751 um.
Total wire length on LAYER met2 = 433372 um.
Total wire length on LAYER met3 = 49867 um.
Total wire length on LAYER met4 = 24821 um.
Total wire length on LAYER met5 = 291 um.
Total number of vias = 209036.
Up-via summary (total 209036):

-------------------------
 FR_MASTERSLICE         0
            li1     96739
           met1    107956
           met2      3559
           met3       742
           met4        40
-------------------------
               209036


[INFO DRT-0195] Start 1st optimization iteration.
    Completing 10% with 103 violations.
    elapsed time = 00:00:02, memory = 2321.43 (MB).
    Completing 20% with 103 violations.
    elapsed time = 00:00:06, memory = 2321.43 (MB).
    Completing 30% with 86 violations.
    elapsed time = 00:00:12, memory = 2321.43 (MB).
    Completing 40% with 86 violations.
    elapsed time = 00:00:14, memory = 2321.43 (MB).
    Completing 50% with 86 violations.
    elapsed time = 00:00:20, memory = 2321.43 (MB).
    Completing 60% with 84 violations.
    elapsed time = 00:00:25, memory = 2321.43 (MB).
    Completing 70% with 84 violations.
    elapsed time = 00:00:29, memory = 2309.43 (MB).
    Completing 80% with 79 violations.
    elapsed time = 00:00:35, memory = 2295.43 (MB).
    Completing 90% with 79 violations.
    elapsed time = 00:00:38, memory = 2295.43 (MB).
    Completing 100% with 105 violations.
    elapsed time = 00:00:44, memory = 2293.43 (MB).
[INFO DRT-0199]   Number of violations = 105.
Viol/Layer        met1   met2
Metal Spacing       19      1
Short               75     10
[INFO DRT-0267] cpu time = 00:02:49, elapsed time = 00:00:44, memory = 2291.43 (MB), peak = 2337.30 (MB)
Total wire length = 949094 um.
Total wire length on LAYER li1 = 0 um.
Total wire length on LAYER met1 = 440735 um.
Total wire length on LAYER met2 = 433378 um.
Total wire length on LAYER met3 = 49867 um.
Total wire length on LAYER met4 = 24821 um.
Total wire length on LAYER met5 = 291 um.
Total number of vias = 209036.
Up-via summary (total 209036):

-------------------------
 FR_MASTERSLICE         0
            li1     96737
           met1    107958
           met2      3559
           met3       742
           met4        40
-------------------------
               209036


[INFO DRT-0195] Start 2nd optimization iteration.
    Completing 10% with 105 violations.
    elapsed time = 00:00:00, memory = 2291.43 (MB).
    Completing 20% with 105 violations.
    elapsed time = 00:00:00, memory = 2291.43 (MB).
    Completing 30% with 77 violations.
    elapsed time = 00:00:00, memory = 2291.43 (MB).
    Completing 40% with 77 violations.
    elapsed time = 00:00:00, memory = 2291.43 (MB).
    Completing 50% with 77 violations.
    elapsed time = 00:00:00, memory = 2291.43 (MB).
    Completing 60% with 74 violations.
    elapsed time = 00:00:01, memory = 2291.43 (MB).
    Completing 70% with 74 violations.
    elapsed time = 00:00:01, memory = 2291.43 (MB).
    Completing 80% with 64 violations.
    elapsed time = 00:00:01, memory = 2291.43 (MB).
    Completing 90% with 64 violations.
    elapsed time = 00:00:01, memory = 2291.43 (MB).
    Completing 100% with 63 violations.
    elapsed time = 00:00:02, memory = 2289.43 (MB).
[INFO DRT-0199]   Number of violations = 63.
Viol/Layer        met1   met2
Metal Spacing        0      2
Short               59      2
[INFO DRT-0267] cpu time = 00:00:06, elapsed time = 00:00:02, memory = 2289.43 (MB), peak = 2337.30 (MB)
Total wire length = 949085 um.
Total wire length on LAYER li1 = 0 um.
Total wire length on LAYER met1 = 440716 um.
Total wire length on LAYER met2 = 433388 um.
Total wire length on LAYER met3 = 49867 um.
Total wire length on LAYER met4 = 24821 um.
Total wire length on LAYER met5 = 291 um.
Total number of vias = 209035.
Up-via summary (total 209035):

-------------------------
 FR_MASTERSLICE         0
            li1     96738
           met1    107956
           met2      3559
           met3       742
           met4        40
-------------------------
               209035


[INFO DRT-0195] Start 3rd guides tiles iteration.
    Completing 10% with 63 violations.
    elapsed time = 00:00:00, memory = 2289.43 (MB).
    Completing 20% with 63 violations.
    elapsed time = 00:00:00, memory = 2289.43 (MB).
    Completing 30% with 63 violations.
    elapsed time = 00:00:00, memory = 2289.43 (MB).
    Completing 40% with 63 violations.
    elapsed time = 00:00:00, memory = 2287.43 (MB).
    Completing 50% with 3 violations.
    elapsed time = 00:00:00, memory = 2287.43 (MB).
    Completing 60% with 3 violations.
    elapsed time = 00:00:00, memory = 2287.43 (MB).
    Completing 70% with 3 violations.
    elapsed time = 00:00:00, memory = 2287.43 (MB).
    Completing 80% with 3 violations.
    elapsed time = 00:00:00, memory = 2287.43 (MB).
    Completing 90% with 3 violations.
    elapsed time = 00:00:00, memory = 2287.43 (MB).
    Completing 100% with 0 violations.
    elapsed time = 00:00:00, memory = 2287.43 (MB).
[INFO DRT-0199]   Number of violations = 0.
[INFO DRT-0267] cpu time = 00:00:02, elapsed time = 00:00:01, memory = 2287.43 (MB), peak = 2337.30 (MB)
Total wire length = 949054 um.
Total wire length on LAYER li1 = 0 um.
Total wire length on LAYER met1 = 440094 um.
Total wire length on LAYER met2 = 433401 um.
Total wire length on LAYER met3 = 50444 um.
Total wire length on LAYER met4 = 24821 um.
Total wire length on LAYER met5 = 291 um.
Total number of vias = 209058.
Up-via summary (total 209058):

-------------------------
 FR_MASTERSLICE         0
            li1     96738
           met1    107965
           met2      3573
           met3       742
           met4        40
-------------------------
               209058


[INFO DRT-0198] Complete detail routing.
Total wire length = 949054 um.
Total wire length on LAYER li1 = 0 um.
Total wire length on LAYER met1 = 440094 um.
Total wire length on LAYER met2 = 433401 um.
Total wire length on LAYER met3 = 50444 um.
Total wire length on LAYER met4 = 24821 um.
Total wire length on LAYER met5 = 291 um.
Total number of vias = 209058.
Up-via summary (total 209058):

-------------------------
 FR_MASTERSLICE         0
            li1     96738
           met1    107965
           met2      3573
           met3       742
           met4        40
-------------------------
               209058


[INFO DRT-0267] cpu time = 00:05:49, elapsed time = 00:01:33, memory = 2287.43 (MB), peak = 2337.30 (MB)

[INFO DRT-0180] Post processing.
[INFO DRT-0501] Runtime: 264.84s
[INFO ANT-0002] Found 0 net violations.
[INFO ANT-0001] Found 0 pin violations.
[INFO ANT-0002] Found 0 net violations.
[INFO ANT-0001] Found 0 pin violations.
Design area 358277 um^2 39% utilization.
write_db ./results/sky130hd/similarity_asic_transfer_blocal/base/5_2_route.odb
Elapsed time: 22:15.89[h:]min:sec. CPU time: user 5093.37 sys 1.92 (381%). Peak memory: 2393392KB.
Log                       Ext     Elapsed/s Peak Memory/MB sha1sum result [0:20)
5_2_route                 .odb         1335           2337 651c6ae22159d080fd5c
/OpenROAD-flow-scripts/flow/scripts/flow.sh 5_3_fillcell fillcell
Running fillcell.tcl, stage 5_3_fillcell
read_liberty /OpenROAD-flow-scripts/flow/platforms/sky130hd/lib/sky130_fd_sc_hd__tt_025C_1v80.lib
read_db ./results/sky130hd/similarity_asic_transfer_blocal/base/5_2_route.odb
read_sdc ./results/sky130hd/similarity_asic_transfer_blocal/base/5_1_grt.sdc
source /OpenROAD-flow-scripts/flow/platforms/sky130hd/setRC.tcl
filler_placement "sky130_fd_sc_hd__fill_1 sky130_fd_sc_hd__fill_2 sky130_fd_sc_hd__fill_4 sky130_fd_sc_hd__fill_8"
[INFO DPL-0001] Placed 89205 filler instances.
Design area 358277 um^2 39% utilization.
write_db ./results/sky130hd/similarity_asic_transfer_blocal/base/5_3_fillcell.odb
Elapsed time: 0:01.22[h:]min:sec. CPU time: user 1.15 sys 0.07 (99%). Peak memory: 352080KB.
Log                       Ext     Elapsed/s Peak Memory/MB sha1sum result [0:20)
5_3_fillcell              .odb            1            343 ad59cecc27d39ea982f2
cp ./results/sky130hd/similarity_asic_transfer_blocal/base/5_3_fillcell.odb ./results/sky130hd/similarity_asic_transfer_blocal/base/5_route.odb
cp ./results/sky130hd/similarity_asic_transfer_blocal/base/5_1_grt.sdc ./results/sky130hd/similarity_asic_transfer_blocal/base/5_route.sdc
/OpenROAD-flow-scripts/flow/scripts/flow.sh 6_1_fill density_fill
Running density_fill.tcl, stage 6_1_fill
read_liberty /OpenROAD-flow-scripts/flow/platforms/sky130hd/lib/sky130_fd_sc_hd__tt_025C_1v80.lib
read_db ./results/sky130hd/similarity_asic_transfer_blocal/base/5_route.odb
read_sdc ./results/sky130hd/similarity_asic_transfer_blocal/base/5_route.sdc
source /OpenROAD-flow-scripts/flow/platforms/sky130hd/setRC.tcl
exec cp ./results/sky130hd/similarity_asic_transfer_blocal/base/5_route.odb ./results/sky130hd/similarity_asic_transfer_blocal/base/6_1_fill.odb
Elapsed time: 0:00.73[h:]min:sec. CPU time: user 0.65 sys 0.08 (99%). Peak memory: 261580KB.
Log                       Ext     Elapsed/s Peak Memory/MB sha1sum result [0:20)
6_1_fill                  .odb            0            255 ad59cecc27d39ea982f2

===== emulated final report (167.33s) =====
OPENROAD: /OpenROAD-flow-scripts/tools/OpenROAD
unknown 
/OpenROAD-flow-scripts/flow/scripts/flow.sh 6_report final_report
Running final_report.tcl, stage 6_report
read_liberty /OpenROAD-flow-scripts/flow/platforms/sky130hd/lib/sky130_fd_sc_hd__tt_025C_1v80.lib
read_db ./results/sky130hd/similarity_asic_transfer_blocal/base/6_1_fill.odb
read_sdc ./results/sky130hd/similarity_asic_transfer_blocal/base/6_1_fill.sdc
source /OpenROAD-flow-scripts/flow/platforms/sky130hd/setRC.tcl
write_db ./results/sky130hd/similarity_asic_transfer_blocal/base/6_final.odb
write_sdc -no_timestamp ./results/sky130hd/similarity_asic_transfer_blocal/base/6_final.sdc
Deleted 0 routing obstructions
Warning: master sky130_ef_sc_hd__decap_12 has signal pins but no liberty cell
[INFO RCX-0431] Defined process_corner X with ext_model_index 0
[INFO RCX-0029] Defined extraction corner X
[INFO RCX-0435] Reading extraction model file /OpenROAD-flow-scripts/flow/platforms/sky130hd/rcx_patterns.rules ...
[INFO RCX-0436] RC segment generation similarity_asic_transfer_blocal (max_merge_res 50.0) ...
[INFO RCX-0040] Final 109142 rc segments
[INFO RCX-0439] Coupling Cap extraction similarity_asic_transfer_blocal ...
[INFO RCX-0440] Coupling threshhold is 0.1000 fF, coupling capacitance less than 0.1000 fF will be grounded.
[INFO RCX-0442] 28% of 226082 wires extracted
[INFO RCX-0442] 56% of 226082 wires extracted
[INFO RCX-0442] 80% of 226082 wires extracted
[INFO RCX-0442] 100% of 226082 wires extracted
[INFO RCX-0045] Extract 38753 nets, 147794 rsegs, 147794 caps, 226274 ccs
[INFO RCX-0443] 38753 nets finished
[INFO PSM-0040] All shapes on net VDD are connected.
########## IR report #################
Net              : VDD
Corner           : default
Total power      : 2.54e-02 W
Supply voltage   : 1.80e+00 V
Worstcase voltage: 1.80e+00 V
Average voltage  : 1.80e+00 V
Average IR drop  : 5.62e-06 V
Worstcase IR drop: 2.68e-04 V
Percentage drop  : 0.01 %
######################################
[INFO PSM-0040] All shapes on net VSS are connected.
########## IR report #################
Net              : VSS
Corner           : default
Total power      : 2.54e-02 W
Supply voltage   : 0.00e+00 V
Worstcase voltage: 2.85e-04 V
Average voltage  : 5.54e-06 V
Average IR drop  : 5.54e-06 V
Worstcase IR drop: 2.85e-04 V
Percentage drop  : 0.02 %
######################################
Cell type report:                        Count        Area
  Fill cell                              89205   572307.64
  Tap cell                               12460    15589.95
  Antenna cell                             356      890.85
  Clock buffer                             438     9585.44
  Timing Repair Buffer                     501     4504.32
  Inverter                                 282     1059.77
  Clock inverter                           185     2577.47
  Sequential cell                         2492    49889.10
  Multi-Input combinational cell         25164   274180.46
  Total                                 131083   930585.00
Report metrics stage 6, finish...

==========================================================================
finish report_design_area
--------------------------------------------------------------------------
Design area 358277 um^2 39% utilization.
Elapsed time: 2:45.75[h:]min:sec. CPU time: user 222.30 sys 1.16 (134%). Peak memory: 976948KB.
Log                       Ext     Elapsed/s Peak Memory/MB sha1sum result [0:20)
6_report                                165            954                  N/A

===== native finish (5.95s) =====
OPENROAD: /OpenROAD-flow-scripts/tools/OpenROAD
cp /OpenROAD-flow-scripts/flow/platforms/sky130hd/lef/sky130_fd_sc_hd.tlef ./objects/sky130hd/similarity_asic_transfer_blocal/base/klayout_tech.lef
/usr/bin/python3 /OpenROAD-flow-scripts/flow/util/generate_klayout_tech.py \
	--template /OpenROAD-flow-scripts/flow/platforms/sky130hd/sky130hd.lyt \
	--output ./objects/sky130hd/similarity_asic_transfer_blocal/base/klayout.lyt \
	--lef-files ./objects/sky130hd/similarity_asic_transfer_blocal/base/klayout_tech.lef /OpenROAD-flow-scripts/flow/platforms/sky130hd/lef/sky130_fd_sc_hd_merged.lef   \
	--map-files 
/usr/bin/python3 /OpenROAD-flow-scripts/flow/scripts/run_command.py --log /OpenROAD-flow-scripts/flow/logs/sky130hd/similarity_asic_transfer_blocal/base/6_1_merge.log --tee -- \
        /OpenROAD-flow-scripts/flow/scripts/klayout.sh -zz -rd design_name=similarity_asic_transfer_blocal \
        -rd in_def=./results/sky130hd/similarity_asic_transfer_blocal/base/6_final.def \
        -rd in_files="/OpenROAD-flow-scripts/flow/platforms/sky130hd/gds/sky130_fd_sc_hd.gds  " \
        -rd seal_file="" \
        -rd out_file=./results/sky130hd/similarity_asic_transfer_blocal/base/6_1_merged.gds \
        -rd tech_file=./objects/sky130hd/similarity_asic_transfer_blocal/base/klayout.lyt \
        -rd layer_map= \
        -r /OpenROAD-flow-scripts/flow/util/def2stream.py
KLayout 0.30.12
[INFO] Reporting cells prior to loading DEF ...
	/OpenROAD-flow-scripts/flow/platforms/sky130hd/gds/sky130_fd_sc_hd.gds
[INFO] All LEF cells have matching GDS/OAS cells
[INFO] No orphan cells in the final layout
Elapsed time: 0:04.09[h:]min:sec. CPU time: user 3.78 sys 0.30 (99%). Peak memory: 630184KB.
cp results/sky130hd/similarity_asic_transfer_blocal/base/6_1_merged.gds results/sky130hd/similarity_asic_transfer_blocal/base/6_final.gds
./logs/sky130hd/similarity_asic_transfer_blocal/base
Log                       Ext     Elapsed/s Peak Memory/MB sha1sum result [0:20)
1_1_yosys_canonicalize    .rtlil          0             59 7d52ab1d28a8d1875066
1_2_yosys                 .v             38            391 0f9129d0b515a150bacf
1_2_yosys                 .sdc                             7d34f03a79b07a31dbf7
1_synth                   .odb            1            204 cc723d383a91373a717b
1_synth                   .sdc                             1517283a0d978805bcd5
2_1_floorplan             .odb            4            258 e33a71fbbfcc01bd984f
2_1_floorplan             .sdc                             1517283a0d978805bcd5
2_2_floorplan_macro       .odb            0            154 e33a71fbbfcc01bd984f
2_3_floorplan_tapcell     .odb            0            157 53e14c80f517fa6b5ce9
2_4_floorplan_pdn         .odb            1            204 470a43d1f214802af4d0
3_1_place_gp_skip_io      .odb            4            230 348b61a54e71a4cc30d2
3_2_place_iop             .odb            0            168 e9247246a6f0825d1b65
3_3_place_gp              .odb           27            569 f9e27b442554b5cda50e
3_4_place_resized         .odb           10            279 f1c71b115d5ab104cf67
3_5_place_dp              .odb           12            356 a9d7f40452318f6d8b28
4_1_cts                   .odb           12            361 99f9c6d6d55684c5a68c
5_1_grt                   .odb          221            958 f4cac6386cabf4e1a943
5_1_grt                   .sdc                             64ff760e9112f1865db9
5_2_route                 .odb         1335           2337 651c6ae22159d080fd5c
5_3_fillcell              .odb            1            343 ad59cecc27d39ea982f2
6_1_fill                  .odb            0            255 ad59cecc27d39ea982f2
6_1_fill                  .sdc                             64ff760e9112f1865db9
6_1_merge                                 4            615                  N/A
6_report                                165            954                  N/A
Total                                  1835           2337                     
