
===== native route and fill (1924.36s) =====
OPENROAD: /OpenROAD-flow-scripts/tools/OpenROAD
rm -f ./results/sky130hd/similarity_asic_transfer_blocal/base/1_* ./results/sky130hd/similarity_asic_transfer_blocal/base/mem*.json
rm -rf ./results/sky130hd/similarity_asic_transfer_blocal/base/memories
rm -f ./reports/sky130hd/similarity_asic_transfer_blocal/base/synth_*
rm -f ./logs/sky130hd/similarity_asic_transfer_blocal/base/1_*
rm -f 
rm -f ./results/sky130hd/similarity_asic_transfer_blocal/base/clock_period.txt
rm -f ./results/sky130hd/similarity_asic_transfer_blocal/base/2_*floorplan*.odb ./results/sky130hd/similarity_asic_transfer_blocal/base/2_floorplan.sdc ./results/sky130hd/similarity_asic_transfer_blocal/base/2_*.v ./results/sky130hd/similarity_asic_transfer_blocal/base/2_*.def
rm -f ./reports/sky130hd/similarity_asic_transfer_blocal/base/2_*
rm -f ./logs/sky130hd/similarity_asic_transfer_blocal/base/2_*
rm -f ./results/sky130hd/similarity_asic_transfer_blocal/base/3_*place*.odb
rm -f ./results/sky130hd/similarity_asic_transfer_blocal/base/3_place.sdc
rm -f ./results/sky130hd/similarity_asic_transfer_blocal/base/3_*.def ./results/sky130hd/similarity_asic_transfer_blocal/base/3_*.v
rm -f ./reports/sky130hd/similarity_asic_transfer_blocal/base/3_*
rm -f ./logs/sky130hd/similarity_asic_transfer_blocal/base/3_*
rm -rf ./results/sky130hd/similarity_asic_transfer_blocal/base/4_*cts*.odb ./results/sky130hd/similarity_asic_transfer_blocal/base/4_cts.sdc ./results/sky130hd/similarity_asic_transfer_blocal/base/4_*.v ./results/sky130hd/similarity_asic_transfer_blocal/base/4_*.def
rm -f  ./reports/sky130hd/similarity_asic_transfer_blocal/base/4_*
rm -rf ./logs/sky130hd/similarity_asic_transfer_blocal/base/4_*
rm -rf ./results/sky130hd/similarity_asic_transfer_blocal/base/route.guide ./results/sky130hd/similarity_asic_transfer_blocal/base/output_guide.mod ./results/sky130hd/similarity_asic_transfer_blocal/base/updated_clks.sdc
rm -rf ./results/sky130hd/similarity_asic_transfer_blocal/base/5_*.odb ./results/sky130hd/similarity_asic_transfer_blocal/base/5_route.sdc ./results/sky130hd/similarity_asic_transfer_blocal/base/5_*.def ./results/sky130hd/similarity_asic_transfer_blocal/base/5_*.v
rm -f  ./reports/sky130hd/similarity_asic_transfer_blocal/base/5_*
rm -f  ./logs/sky130hd/similarity_asic_transfer_blocal/base/5_*
rm -rf ./results/sky130hd/similarity_asic_transfer_blocal/base/6_*.gds ./results/sky130hd/similarity_asic_transfer_blocal/base/6_*.oas ./results/sky130hd/similarity_asic_transfer_blocal/base/6_*.odb ./results/sky130hd/similarity_asic_transfer_blocal/base/6_*.v ./results/sky130hd/similarity_asic_transfer_blocal/base/6_*.def ./results/sky130hd/similarity_asic_transfer_blocal/base/6_*.sdc ./results/sky130hd/similarity_asic_transfer_blocal/base/6_*.spef
rm -rf ./reports/sky130hd/similarity_asic_transfer_blocal/base/6_*.rpt
rm -f  ./logs/sky130hd/similarity_asic_transfer_blocal/base/6_*
rm -f ./reports/sky130hd/similarity_asic_transfer_blocal/base/design-dir.txt
rm -f ./reports/sky130hd/similarity_asic_transfer_blocal/base/metadata*.*
rm -f ./results/sky130hd/similarity_asic_transfer_blocal/base/similarity_asic_transfer_blocal.lib ./results/sky130hd/similarity_asic_transfer_blocal/base/similarity_asic_transfer_blocal.lef
rm -rf ./objects/sky130hd/similarity_asic_transfer_blocal/base
mkdir -p ./results/sky130hd/similarity_asic_transfer_blocal/base/
echo 20.0 > ./results/sky130hd/similarity_asic_transfer_blocal/base/clock_period.txt
/OpenROAD-flow-scripts/flow/scripts/synth.sh /OpenROAD-flow-scripts/flow/scripts/synth_canonicalize.tcl ./logs/sky130hd/similarity_asic_transfer_blocal/base/1_1_yosys_canonicalize.log
Using ABC speed script.
Extracting clock period from SDC file: ./results/sky130hd/similarity_asic_transfer_blocal/base/clock_period.txt
Setting clock period to 20.0
1. Executing Liberty frontend: /OpenROAD-flow-scripts/flow/platforms/sky130hd/lib/sky130_fd_sc_hd__tt_025C_1v80.lib
2. Executing Liberty frontend: /OpenROAD-flow-scripts/flow/platforms/sky130hd/lib/sky130_fd_sc_hd__tt_025C_1v80.lib
3. Executing Verilog-2005 frontend: /work/rtl/kernellum_local_mac_array.sv
4. Executing Verilog-2005 frontend: /work/rtl/kernellum_blocal_mac_array.sv
5. Executing Verilog-2005 frontend: /work/rtl/similarity_asic_transfer_blocal.sv
6. Executing Verilog-2005 frontend: /OpenROAD-flow-scripts/flow/platforms/sky130hd/cells_clkgate_hd.v
7. Executing HIERARCHY pass (managing design hierarchy).
8. Executing AST frontend in derive mode using pre-parsed AST for module `\similarity_asic_transfer_blocal'.
8.1. Analyzing design hierarchy..
8.2. Executing AST frontend in derive mode using pre-parsed AST for module `\kernellum_blocal_mac_array'.
8.3. Analyzing design hierarchy..
8.4. Executing AST frontend in derive mode using pre-parsed AST for module `\kernellum_delay_line'.
Warning: Replacing memory \g_delay.valid_pipe with list of registers. See /work/rtl/kernellum_local_mac_array.sv:28
Warning: Replacing memory \g_delay.data_pipe with list of registers. See /work/rtl/kernellum_local_mac_array.sv:27
8.5. Executing AST frontend in derive mode using pre-parsed AST for module `\kernellum_delay_line'.
8.6. Executing AST frontend in derive mode using pre-parsed AST for module `\kernellum_delay_line'.
8.7. Executing AST frontend in derive mode using pre-parsed AST for module `\kernellum_delay_line'.
8.8. Analyzing design hierarchy..
8.9. Analyzing design hierarchy..
8.10. Analyzing design hierarchy..
9. Executing OPT_CLEAN pass (remove unused cells and wires).
Warning: Ignoring module similarity_asic_transfer_blocal because it contains processes (run 'proc' command first).
Warning: Ignoring module $paramod$6d0906c1083542c92557afcb36dd680c6c63e7c0\kernellum_blocal_mac_array because it contains processes (run 'proc' command first).
Warning: Ignoring module $paramod$21df655d0ed86de5f5cd0f7f45e43de1a91f28b6\kernellum_delay_line because it contains processes (run 'proc' command first).
Warning: Ignoring module $paramod$da5c6e3f64faa1f672788225f4c55878ff9e971e\kernellum_delay_line because it contains processes (run 'proc' command first).
Warning: Ignoring module $paramod$08146823295b8a3bf53cc0b8d3a0a25a26201b9a\kernellum_delay_line because it contains processes (run 'proc' command first).
10. Executing RTLIL backend.
Warnings: 7 unique messages, 11 total
End of script. Logfile hash: 6b255015a1, time: 0.34s, user: 0.29s, system: 0.04s, MEM: 56.61 MB peak
Yosys 0.68+post (git sha1 UNKNOWN, Release, GNU /usr/local/bin/wrapped-cc/g++ 11.4.0)
Time spent: 48% 1x hierarchy (0 sec), 36% 4x read_liberty (0 sec), ...
Elapsed time: 0:00.36[h:]min:sec. CPU time: user 0.30 sys 0.05 (99%). Peak memory: 60524KB.
Log                       Ext     Elapsed/s Peak Memory/MB sha1sum result [0:20)
1_1_yosys_canonicalize    .rtlil          0             59 76c84843cc5361b20131
/OpenROAD-flow-scripts/flow/scripts/synth.sh /OpenROAD-flow-scripts/flow/scripts/synth.tcl ./logs/sky130hd/similarity_asic_transfer_blocal/base/1_2_yosys.log
Using ABC speed script.
Extracting clock period from SDC file: ./results/sky130hd/similarity_asic_transfer_blocal/base/clock_period.txt
Setting clock period to 20.0
1. Executing RTLIL frontend.
2. Executing HIERARCHY pass (managing design hierarchy).
2.1. Analyzing design hierarchy..
2.2. Analyzing design hierarchy..
3. Executing SYNTH pass.
3.1. Executing HIERARCHY pass (managing design hierarchy).
3.1.1. Analyzing design hierarchy..
3.1.2. Analyzing design hierarchy..
3.2. Executing PROC pass (convert processes to netlists).
3.2.1. Executing PROC_CLEAN pass (remove empty switches from decision trees).
3.2.2. Executing PROC_RMDEAD pass (remove dead branches from decision trees).
3.2.3. Executing PROC_PRUNE pass (remove redundant assignments in processes).
3.2.4. Executing PROC_INIT pass (extract init attributes).
3.2.5. Executing PROC_ARST pass (detect async resets in processes).
3.2.6. Executing PROC_ROM pass (convert switches to ROMs).
3.2.7. Executing PROC_MUX pass (convert decision trees to multiplexers).
3.2.8. Executing PROC_DLATCH pass (convert process syncs to latches).
3.2.9. Executing PROC_DFF pass (convert process syncs to FFs).
3.2.10. Executing PROC_MEMWR pass (convert process memory writes to cells).
3.2.11. Executing PROC_CLEAN pass (remove empty switches from decision trees).
3.2.12. Executing OPT_EXPR pass (perform const folding).
3.3. Executing CHECK pass (checking for obvious problems).
3.4. Executing FLATTEN pass (flatten design).
3.5. Executing OPT_EXPR pass (perform const folding).
3.6. Executing OPT_CLEAN pass (remove unused cells and wires).
3.7. Executing CHECK pass (checking for obvious problems).
3.8. Executing OPT pass (performing simple optimizations).
3.8.1. Executing OPT_EXPR pass (perform const folding).
3.8.2. Executing OPT_MERGE pass (detect identical cells).
3.8.3. Executing OPT_MUXTREE pass (detect dead branches in mux trees).
3.8.4. Executing OPT_REDUCE pass (consolidate $*mux and $reduce_* inputs).
3.8.5. Executing OPT_MERGE pass (detect identical cells).
3.8.6. Executing OPT_DFF pass (perform DFF optimizations).
3.8.7. Executing OPT_CLEAN pass (remove unused cells and wires).
3.8.8. Executing OPT_EXPR pass (perform const folding).
3.8.9. Rerunning OPT passes. (Maybe there is more to do..)
3.8.10. Executing OPT_MUXTREE pass (detect dead branches in mux trees).
3.8.11. Executing OPT_REDUCE pass (consolidate $*mux and $reduce_* inputs).
3.8.12. Executing OPT_MERGE pass (detect identical cells).
3.8.13. Executing OPT_DFF pass (perform DFF optimizations).
3.8.14. Executing OPT_CLEAN pass (remove unused cells and wires).
3.8.15. Executing OPT_EXPR pass (perform const folding).
3.8.16. Rerunning OPT passes. (Maybe there is more to do..)
3.8.17. Executing OPT_MUXTREE pass (detect dead branches in mux trees).
3.8.18. Executing OPT_REDUCE pass (consolidate $*mux and $reduce_* inputs).
3.8.19. Executing OPT_MERGE pass (detect identical cells).
3.8.20. Executing OPT_DFF pass (perform DFF optimizations).
3.8.21. Executing OPT_CLEAN pass (remove unused cells and wires).
3.8.22. Executing OPT_EXPR pass (perform const folding).
3.8.23. Finished fast OPT passes. (There is nothing left to do.)
3.9. Executing FSM pass (extract and optimize FSM).
3.9.1. Executing FSM_DETECT pass (finding FSMs in design).
3.9.2. Executing FSM_EXTRACT pass (extracting FSM from design).
3.9.3. Executing FSM_OPT pass (simple optimizations of FSMs).
3.9.4. Executing OPT_CLEAN pass (remove unused cells and wires).
3.9.5. Executing FSM_OPT pass (simple optimizations of FSMs).
3.9.6. Executing FSM_RECODE pass (re-assigning FSM state encoding).
3.9.7. Executing FSM_INFO pass (dumping all available information on FSM cells).
3.9.8. Executing FSM_MAP pass (mapping FSMs to basic logic).
3.10. Executing OPT pass (performing simple optimizations).
3.10.1. Executing OPT_EXPR pass (perform const folding).
3.10.2. Executing OPT_MERGE pass (detect identical cells).
3.10.3. Executing OPT_MUXTREE pass (detect dead branches in mux trees).
3.10.4. Executing OPT_REDUCE pass (consolidate $*mux and $reduce_* inputs).
3.10.5. Executing OPT_MERGE pass (detect identical cells).
3.10.6. Executing OPT_DFF pass (perform DFF optimizations).
3.10.7. Executing OPT_CLEAN pass (remove unused cells and wires).
3.10.8. Executing OPT_EXPR pass (perform const folding).
3.10.9. Rerunning OPT passes. (Maybe there is more to do..)
3.10.10. Executing OPT_MUXTREE pass (detect dead branches in mux trees).
3.10.11. Executing OPT_REDUCE pass (consolidate $*mux and $reduce_* inputs).
3.10.12. Executing OPT_MERGE pass (detect identical cells).
3.10.13. Executing OPT_DFF pass (perform DFF optimizations).
3.10.14. Executing OPT_CLEAN pass (remove unused cells and wires).
3.10.15. Executing OPT_EXPR pass (perform const folding).
3.10.16. Finished fast OPT passes. (There is nothing left to do.)
3.11. Executing WREDUCE pass (reducing word size of cells).
3.12. Executing PEEPOPT pass (run peephole optimizers).
3.13. Executing OPT_CLEAN pass (remove unused cells and wires).
3.14. Executing ALUMACC pass (create $alu and $macc cells).
3.15. Executing SHARE pass (SAT-based resource sharing).
3.16. Executing OPT pass (performing simple optimizations).
3.16.1. Executing OPT_EXPR pass (perform const folding).
3.16.2. Executing OPT_MERGE pass (detect identical cells).
3.16.3. Executing OPT_MUXTREE pass (detect dead branches in mux trees).
3.16.4. Executing OPT_REDUCE pass (consolidate $*mux and $reduce_* inputs).
3.16.5. Executing OPT_MERGE pass (detect identical cells).
3.16.6. Executing OPT_DFF pass (perform DFF optimizations).
3.16.7. Executing OPT_CLEAN pass (remove unused cells and wires).
3.16.8. Executing OPT_EXPR pass (perform const folding).
3.16.9. Rerunning OPT passes. (Maybe there is more to do..)
3.16.10. Executing OPT_MUXTREE pass (detect dead branches in mux trees).
3.16.11. Executing OPT_REDUCE pass (consolidate $*mux and $reduce_* inputs).
3.16.12. Executing OPT_MERGE pass (detect identical cells).
3.16.13. Executing OPT_DFF pass (perform DFF optimizations).
3.16.14. Executing OPT_CLEAN pass (remove unused cells and wires).
3.16.15. Executing OPT_EXPR pass (perform const folding).
3.16.16. Finished fast OPT passes. (There is nothing left to do.)
3.17. Executing MEMORY pass.
3.17.1. Executing OPT_MEM pass (optimize memories).
3.17.2. Executing OPT_MEM_PRIORITY pass (removing unnecessary memory write priority relations).
3.17.3. Executing OPT_MEM_FEEDBACK pass (finding memory read-to-write feedback paths).
3.17.4. Executing MEMORY_BMUX2ROM pass (converting muxes to ROMs).
3.17.5. Executing MEMORY_DFF pass (merging $dff cells to $memrd).
3.17.6. Executing OPT_CLEAN pass (remove unused cells and wires).
3.17.7. Executing MEMORY_SHARE pass (consolidating $memrd/$memwr cells).
3.17.8. Executing OPT_MEM_WIDEN pass (optimize memories where all ports are wide).
3.17.9. Executing OPT_CLEAN pass (remove unused cells and wires).
3.17.10. Executing MEMORY_COLLECT pass (generating $mem cells).
3.18. Executing OPT_CLEAN pass (remove unused cells and wires).
4. Executing SYNTH pass.
4.1. Executing OPT pass (performing simple optimizations).
4.1.1. Executing OPT_EXPR pass (perform const folding).
4.1.2. Executing OPT_MERGE pass (detect identical cells).
4.1.3. Executing OPT_DFF pass (perform DFF optimizations).
4.1.4. Executing OPT_CLEAN pass (remove unused cells and wires).
4.1.5. Finished fast OPT passes.
4.2. Executing MEMORY_MAP pass (converting memories to logic and flip-flops).
4.3. Executing OPT pass (performing simple optimizations).
4.3.1. Executing OPT_EXPR pass (perform const folding).
4.3.2. Executing OPT_MERGE pass (detect identical cells).
4.3.3. Executing OPT_MUXTREE pass (detect dead branches in mux trees).
4.3.4. Executing OPT_REDUCE pass (consolidate $*mux and $reduce_* inputs).
4.3.5. Executing OPT_MERGE pass (detect identical cells).
4.3.6. Executing OPT_SHARE pass.
4.3.7. Executing OPT_DFF pass (perform DFF optimizations).
4.3.8. Executing OPT_CLEAN pass (remove unused cells and wires).
4.3.9. Executing OPT_EXPR pass (perform const folding).
4.3.10. Rerunning OPT passes. (Maybe there is more to do..)
4.3.11. Executing OPT_MUXTREE pass (detect dead branches in mux trees).
4.3.12. Executing OPT_REDUCE pass (consolidate $*mux and $reduce_* inputs).
4.3.13. Executing OPT_MERGE pass (detect identical cells).
4.3.14. Executing OPT_SHARE pass.
4.3.15. Executing OPT_DFF pass (perform DFF optimizations).
4.3.16. Executing OPT_CLEAN pass (remove unused cells and wires).
4.3.17. Executing OPT_EXPR pass (perform const folding).
4.3.18. Rerunning OPT passes. (Maybe there is more to do..)
4.3.19. Executing OPT_MUXTREE pass (detect dead branches in mux trees).
4.3.20. Executing OPT_REDUCE pass (consolidate $*mux and $reduce_* inputs).
4.3.21. Executing OPT_MERGE pass (detect identical cells).
4.3.22. Executing OPT_SHARE pass.
4.3.23. Executing OPT_DFF pass (perform DFF optimizations).
4.3.24. Executing OPT_CLEAN pass (remove unused cells and wires).
4.3.25. Executing OPT_EXPR pass (perform const folding).
4.3.26. Rerunning OPT passes. (Maybe there is more to do..)
4.3.27. Executing OPT_MUXTREE pass (detect dead branches in mux trees).
4.3.28. Executing OPT_REDUCE pass (consolidate $*mux and $reduce_* inputs).
4.3.29. Executing OPT_MERGE pass (detect identical cells).
4.3.30. Executing OPT_SHARE pass.
4.3.31. Executing OPT_DFF pass (perform DFF optimizations).
4.3.32. Executing OPT_CLEAN pass (remove unused cells and wires).
4.3.33. Executing OPT_EXPR pass (perform const folding).
4.3.34. Rerunning OPT passes. (Maybe there is more to do..)
4.3.35. Executing OPT_MUXTREE pass (detect dead branches in mux trees).
4.3.36. Executing OPT_REDUCE pass (consolidate $*mux and $reduce_* inputs).
4.3.37. Executing OPT_MERGE pass (detect identical cells).
4.3.38. Executing OPT_SHARE pass.
4.3.39. Executing OPT_DFF pass (perform DFF optimizations).
4.3.40. Executing OPT_CLEAN pass (remove unused cells and wires).
4.3.41. Executing OPT_EXPR pass (perform const folding).
4.3.42. Rerunning OPT passes. (Maybe there is more to do..)
4.3.43. Executing OPT_MUXTREE pass (detect dead branches in mux trees).
4.3.44. Executing OPT_REDUCE pass (consolidate $*mux and $reduce_* inputs).
4.3.45. Executing OPT_MERGE pass (detect identical cells).
4.3.46. Executing OPT_SHARE pass.
4.3.47. Executing OPT_DFF pass (perform DFF optimizations).
4.3.48. Executing OPT_CLEAN pass (remove unused cells and wires).
4.3.49. Executing OPT_EXPR pass (perform const folding).
4.3.50. Rerunning OPT passes. (Maybe there is more to do..)
4.3.51. Executing OPT_MUXTREE pass (detect dead branches in mux trees).
4.3.52. Executing OPT_REDUCE pass (consolidate $*mux and $reduce_* inputs).
4.3.53. Executing OPT_MERGE pass (detect identical cells).
4.3.54. Executing OPT_SHARE pass.
4.3.55. Executing OPT_DFF pass (perform DFF optimizations).
4.3.56. Executing OPT_CLEAN pass (remove unused cells and wires).
4.3.57. Executing OPT_EXPR pass (perform const folding).
4.3.58. Rerunning OPT passes. (Maybe there is more to do..)
4.3.59. Executing OPT_MUXTREE pass (detect dead branches in mux trees).
4.3.60. Executing OPT_REDUCE pass (consolidate $*mux and $reduce_* inputs).
4.3.61. Executing OPT_MERGE pass (detect identical cells).
4.3.62. Executing OPT_SHARE pass.
4.3.63. Executing OPT_DFF pass (perform DFF optimizations).
4.3.64. Executing OPT_CLEAN pass (remove unused cells and wires).
4.3.65. Executing OPT_EXPR pass (perform const folding).
4.3.66. Finished fast OPT passes. (There is nothing left to do.)
4.4. Executing TECHMAP pass (map to technology primitives).
4.4.1. Executing Verilog-2005 frontend: /OpenROAD-flow-scripts/tools/install/yosys/bin/../share/yosys/techmap.v
4.4.2. Executing Verilog-2005 frontend: /OpenROAD-flow-scripts/flow/platforms/common/lcu_kogge_stone.v
4.4.3. Continuing TECHMAP pass.
4.5. Executing OPT pass (performing simple optimizations).
4.5.1. Executing OPT_EXPR pass (perform const folding).
4.5.2. Executing OPT_MERGE pass (detect identical cells).
4.5.3. Executing OPT_DFF pass (perform DFF optimizations).
4.5.4. Executing OPT_CLEAN pass (remove unused cells and wires).
4.5.5. Finished fast OPT passes.
4.6. Executing HIERARCHY pass (managing design hierarchy).
4.6.1. Analyzing design hierarchy..
4.6.2. Analyzing design hierarchy..
4.7. Printing statistics.
4.8. Executing CHECK pass (checking for obvious problems).
5. Executing OPT pass (performing simple optimizations).
5.1. Executing OPT_EXPR pass (perform const folding).
5.2. Executing OPT_MERGE pass (detect identical cells).
5.3. Executing OPT_MUXTREE pass (detect dead branches in mux trees).
5.4. Executing OPT_REDUCE pass (consolidate $*mux and $reduce_* inputs).
5.5. Executing OPT_MERGE pass (detect identical cells).
5.6. Executing OPT_DFF pass (perform DFF optimizations).
5.7. Executing OPT_CLEAN pass (remove unused cells and wires).
5.8. Executing OPT_EXPR pass (perform const folding).
5.9. Rerunning OPT passes. (Maybe there is more to do..)
5.10. Executing OPT_MUXTREE pass (detect dead branches in mux trees).
5.11. Executing OPT_REDUCE pass (consolidate $*mux and $reduce_* inputs).
5.12. Executing OPT_MERGE pass (detect identical cells).
5.13. Executing OPT_DFF pass (perform DFF optimizations).
5.14. Executing OPT_CLEAN pass (remove unused cells and wires).
5.15. Executing OPT_EXPR pass (perform const folding).
5.16. Finished fast OPT passes. (There is nothing left to do.)
6. Executing EXTRACT_FA pass (find and extract full/half adders).
7. Executing TECHMAP pass (map to technology primitives).
7.1. Executing Verilog-2005 frontend: /OpenROAD-flow-scripts/flow/platforms/sky130hd/cells_adders_hd.v
7.2. Continuing TECHMAP pass.
8. Executing TECHMAP pass (map to technology primitives).
8.1. Executing Verilog-2005 frontend: /OpenROAD-flow-scripts/tools/install/yosys/bin/../share/yosys/techmap.v
8.2. Continuing TECHMAP pass.
9. Executing OPT pass (performing simple optimizations).
9.1. Executing OPT_EXPR pass (perform const folding).
9.2. Executing OPT_MERGE pass (detect identical cells).
9.3. Executing OPT_DFF pass (perform DFF optimizations).
9.4. Executing OPT_CLEAN pass (remove unused cells and wires).
9.5. Finished fast OPT passes.
10. Executing DFFLEGALIZE pass (convert FFs to types supported by the target).
11. Executing TECHMAP pass (map to technology primitives).
11.1. Executing Verilog-2005 frontend: /OpenROAD-flow-scripts/flow/platforms/sky130hd/cells_latch_hd.v
11.2. Continuing TECHMAP pass.
12. Executing DFFLIBMAP pass (mapping DFF cells to sequential cells from liberty file).
12.1. Executing DFFLEGALIZE pass (convert FFs to types supported by the target).
13. Executing OPT pass (performing simple optimizations).
13.1. Executing OPT_EXPR pass (perform const folding).
13.2. Executing OPT_MERGE pass (detect identical cells).
13.3. Executing OPT_MUXTREE pass (detect dead branches in mux trees).
13.4. Executing OPT_REDUCE pass (consolidate $*mux and $reduce_* inputs).
13.5. Executing OPT_MERGE pass (detect identical cells).
13.6. Executing OPT_DFF pass (perform DFF optimizations).
13.7. Executing OPT_CLEAN pass (remove unused cells and wires).
13.8. Executing OPT_EXPR pass (perform const folding).
13.9. Finished fast OPT passes. (There is nothing left to do.)
14. Executing SETUNDEF pass (replace undef values with defined constants).
abc -script /OpenROAD-flow-scripts/flow/scripts/abc_speed.script -liberty /OpenROAD-flow-scripts/flow/platforms/sky130hd/lib/sky130_fd_sc_hd__tt_025C_1v80.lib -dont_use sky130_fd_sc_hd__probe_p_8 -dont_use sky130_fd_sc_hd__probec_p_8 -dont_use sky130_fd_sc_hd__lpflow_bleeder_1 -dont_use sky130_fd_sc_hd__lpflow_clkbufkapwr_1 -dont_use sky130_fd_sc_hd__lpflow_clkbufkapwr_16 -dont_use sky130_fd_sc_hd__lpflow_clkbufkapwr_2 -dont_use sky130_fd_sc_hd__lpflow_clkbufkapwr_4 -dont_use sky130_fd_sc_hd__lpflow_clkbufkapwr_8 -dont_use sky130_fd_sc_hd__lpflow_clkinvkapwr_1 -dont_use sky130_fd_sc_hd__lpflow_clkinvkapwr_16 -dont_use sky130_fd_sc_hd__lpflow_clkinvkapwr_2 -dont_use sky130_fd_sc_hd__lpflow_clkinvkapwr_4 -dont_use sky130_fd_sc_hd__lpflow_clkinvkapwr_8 -dont_use sky130_fd_sc_hd__lpflow_decapkapwr_12 -dont_use sky130_fd_sc_hd__lpflow_decapkapwr_3 -dont_use sky130_fd_sc_hd__lpflow_decapkapwr_4 -dont_use sky130_fd_sc_hd__lpflow_decapkapwr_6 -dont_use sky130_fd_sc_hd__lpflow_decapkapwr_8 -dont_use sky130_fd_sc_hd__lpflow_inputiso0n_1 -dont_use sky130_fd_sc_hd__lpflow_inputiso0p_1 -dont_use sky130_fd_sc_hd__lpflow_inputiso1n_1 -dont_use sky130_fd_sc_hd__lpflow_inputiso1p_1 -dont_use sky130_fd_sc_hd__lpflow_inputisolatch_1 -dont_use sky130_fd_sc_hd__lpflow_isobufsrc_1 -dont_use sky130_fd_sc_hd__lpflow_isobufsrc_16 -dont_use sky130_fd_sc_hd__lpflow_isobufsrc_2 -dont_use sky130_fd_sc_hd__lpflow_isobufsrc_4 -dont_use sky130_fd_sc_hd__lpflow_isobufsrc_8 -dont_use sky130_fd_sc_hd__lpflow_isobufsrckapwr_16 -dont_use sky130_fd_sc_hd__lpflow_lsbuf_lh_hl_isowell_tap_1 -dont_use sky130_fd_sc_hd__lpflow_lsbuf_lh_hl_isowell_tap_2 -dont_use sky130_fd_sc_hd__lpflow_lsbuf_lh_hl_isowell_tap_4 -dont_use sky130_fd_sc_hd__lpflow_lsbuf_lh_isowell_4 -dont_use sky130_fd_sc_hd__lpflow_lsbuf_lh_isowell_tap_1 -dont_use sky130_fd_sc_hd__lpflow_lsbuf_lh_isowell_tap_2 -dont_use sky130_fd_sc_hd__lpflow_lsbuf_lh_isowell_tap_4 -constr ./objects/sky130hd/similarity_asic_transfer_blocal/base/abc.constr -D 20.0
15. Executing ABC pass (technology mapping using ABC).
15.1. Extracting gate netlist of module `\similarity_asic_transfer_blocal' to `<abc-temp-dir>/input.blif'..
15.1.1. Executed ABC.
15.1.2. Re-integrating ABC results.
Took 13 seconds: abc -script /OpenROAD-flow-scripts/flow/scripts/abc_speed.script -liberty /OpenROAD-flow-scripts/flow/platforms/sky130hd/lib/sky130_fd_sc_hd__tt_025C_1v80.lib -dont_use sky130_fd_sc_hd__probe_p_8 -dont_use sky130_fd_sc_hd__probec_p_8 -dont_use sky130_fd_sc_hd__lpflow_bleeder_1 -dont_use sky130_fd_sc_hd__lpflow_clkbufkapwr_1 -dont_use sky130_fd_sc_hd__lpflow_clkbufkapwr_16 -dont_use sky130_fd_sc_hd__lpflow_clkbufkapwr_2 -dont_use sky130_fd_sc_hd__lpflow_clkbufkapwr_4 -dont_use sky130_fd_sc_hd__lpflow_clkbufkapwr_8 -dont_use sky130_fd_sc_hd__lpflow_clkinvkapwr_1 -dont_use sky130_fd_sc_hd__lpflow_clkinvkapwr_16 -dont_use sky130_fd_sc_hd__lpflow_clkinvkapwr_2 -dont_use sky130_fd_sc_hd__lpflow_clkinvkapwr_4 -dont_use sky130_fd_sc_hd__lpflow_clkinvkapwr_8 -dont_use sky130_fd_sc_hd__lpflow_decapkapwr_12 -dont_use sky130_fd_sc_hd__lpflow_decapkapwr_3 -dont_use sky130_fd_sc_hd__lpflow_decapkapwr_4 -dont_use sky130_fd_sc_hd__lpflow_decapkapwr_6 -dont_use sky130_fd_sc_hd__lpflow_decapkapwr_8 -dont_use sky130_fd_sc_hd__lpflow_inputiso0n_1 -dont_use sky130_fd_sc_hd__lpflow_inputiso0p_1 -dont_use sky130_fd_sc_hd__lpflow_inputiso1n_1 -dont_use sky130_fd_sc_hd__lpflow_inputiso1p_1 -dont_use sky130_fd_sc_hd__lpflow_inputisolatch_1 -dont_use sky130_fd_sc_hd__lpflow_isobufsrc_1 -dont_use sky130_fd_sc_hd__lpflow_isobufsrc_16 -dont_use sky130_fd_sc_hd__lpflow_isobufsrc_2 -dont_use sky130_fd_sc_hd__lpflow_isobufsrc_4 -dont_use sky130_fd_sc_hd__lpflow_isobufsrc_8 -dont_use sky130_fd_sc_hd__lpflow_isobufsrckapwr_16 -dont_use sky130_fd_sc_hd__lpflow_lsbuf_lh_hl_isowell_tap_1 -dont_use sky130_fd_sc_hd__lpflow_lsbuf_lh_hl_isowell_tap_2 -dont_use sky130_fd_sc_hd__lpflow_lsbuf_lh_hl_isowell_tap_4 -dont_use sky130_fd_sc_hd__lpflow_lsbuf_lh_isowell_4 -dont_use sky130_fd_sc_hd__lpflow_lsbuf_lh_isowell_tap_1 -dont_use sky130_fd_sc_hd__lpflow_lsbuf_lh_isowell_tap_2 -dont_use sky130_fd_sc_hd__lpflow_lsbuf_lh_isowell_tap_4 -constr ./objects/sky130hd/similarity_asic_transfer_blocal/base/abc.constr -D 20.0
16. Executing SPLITNETS pass (splitting up multi-bit signals).
17. Executing OPT_CLEAN pass (remove unused cells and wires).
18. Executing HILOMAP pass (mapping to constant drivers).
19. Executing INSBUF pass (insert buffer cells for connected wires).
20. Executing CHECK pass (checking for obvious problems).
21. Printing statistics.
22. Executing CHECK pass (checking for obvious problems).
23. Executing Verilog backend.
23.1. Executing BMUXMAP pass.
23.2. Executing DEMUXMAP pass.
End of script. Logfile hash: 073d827115, time: 36.83s, user: 25.49s, system: 0.72s, MEM: 376.92 MB peak
Yosys 0.68+post (git sha1 UNKNOWN, Release, GNU /usr/local/bin/wrapped-cc/g++ 11.4.0)
Time spent: 34% 1x abc (13 sec), 31% 1x extract_fa (12 sec), ...
Elapsed time: 0:36.94[h:]min:sec. CPU time: user 38.60 sys 0.82 (106%). Peak memory: 385968KB.
Log                       Ext     Elapsed/s Peak Memory/MB sha1sum result [0:20)
1_2_yosys                 .v             36            376 b7dc180cb4672ebbaec3
cp /work/asic/transfer/constraints.sdc results/sky130hd/similarity_asic_transfer_blocal/base/1_2_yosys.sdc
touch -r /work/asic/transfer/constraints.sdc results/sky130hd/similarity_asic_transfer_blocal/base/1_2_yosys.sdc
OpenROAD unknown 
Features included (+) or not (-): -GPU +GUI -Python
This program is licensed under the BSD-3 license. See the LICENSE file for details.
Components of this program may be licensed under more restrictive licenses which must be honored.
[INFO ORD-0030] Using 4 thread(s).
mkdir -p ./objects/sky130hd/similarity_asic_transfer_blocal/base
/OpenROAD-flow-scripts/flow/scripts/flow.sh 1_synth synth_odb
Running synth_odb.tcl, stage 1_synth
read_liberty /OpenROAD-flow-scripts/flow/platforms/sky130hd/lib/sky130_fd_sc_hd__tt_025C_1v80.lib
[INFO ODB-0227] LEF file: /OpenROAD-flow-scripts/flow/platforms/sky130hd/lef/sky130_fd_sc_hd.tlef, created 13 layers, 25 vias
[INFO ODB-0227] LEF file: /OpenROAD-flow-scripts/flow/platforms/sky130hd/lef/sky130_fd_sc_hd_merged.lef, created 441 library cells
link_design similarity_asic_transfer_blocal
read_sdc ./results/sky130hd/similarity_asic_transfer_blocal/base/1_2_yosys.sdc
source /OpenROAD-flow-scripts/flow/platforms/sky130hd/setRC.tcl
eliminate_dead_logic
Removed 43 unused instances and 43 unused nets.
Design area 312725 um^2 100% utilization.
write_db ./results/sky130hd/similarity_asic_transfer_blocal/base/1_synth.odb
write_sdc -no_timestamp ./results/sky130hd/similarity_asic_transfer_blocal/base/1_synth.sdc
Elapsed time: 0:01.01[h:]min:sec. CPU time: user 0.96 sys 0.05 (99%). Peak memory: 205188KB.
Log                       Ext     Elapsed/s Peak Memory/MB sha1sum result [0:20)
1_synth                   .odb            1            200 5a538ef22e3af6b46d52
1_synth                   .sdc                             1517283a0d978805bcd5
/OpenROAD-flow-scripts/flow/scripts/flow.sh 2_1_floorplan floorplan
Running floorplan.tcl, stage 2_1_floorplan
read_liberty /OpenROAD-flow-scripts/flow/platforms/sky130hd/lib/sky130_fd_sc_hd__tt_025C_1v80.lib
read_db ./results/sky130hd/similarity_asic_transfer_blocal/base/1_synth.odb
read_sdc ./results/sky130hd/similarity_asic_transfer_blocal/base/1_synth.sdc
source /OpenROAD-flow-scripts/flow/platforms/sky130hd/setRC.tcl
Master sky130_ef_sc_hd__decap_12 is loaded but not used in the design

==========================================================================
Floorplan check_setup
--------------------------------------------------------------------------
Warning: There is 1 input port missing set_input_delay.
Warning: There are 32 output ports missing set_output_delay.
Warning: There are 34 unconstrained endpoints.
number instances in verilog is 27377
initialize_floorplan -utilization 35 -aspect_ratio 1.0 -core_space 1.0 -site unithd
[INFO IFP-0107] Defining die area using utilization: 35.00% and aspect ratio: 1.
[WARNING IFP-0028] Core area lower left (1.000, 1.000) snapped to (1.380, 2.720).
[INFO IFP-0001] Added 346 rows of 2054 site unithd.
[INFO IFP-0100] Die BBox:  (  0.000  0.000 ) ( 947.250 947.250 ) um
[INFO IFP-0101] Core BBox: (  1.380  2.720 ) ( 946.220 943.840 ) um
[INFO IFP-0102] Core area:                       889207.821 um^2
[INFO IFP-0103] Total instances area:            312724.928 um^2
[INFO IFP-0104] Effective utilization:                0.352
[INFO IFP-0105] Number of instances:                  27377
source /OpenROAD-flow-scripts/flow/platforms/sky130hd/make_tracks.tcl
source /OpenROAD-flow-scripts/flow/platforms/sky130hd/fastroute.tcl
set_dont_use "sky130_fd_sc_hd__probe_p_8 sky130_fd_sc_hd__probec_p_8 sky130_fd_sc_hd__lpflow_bleeder_1 sky130_fd_sc_hd__lpflow_clkbufkapwr_1 sky130_fd_sc_hd__lpflow_clkbufkapwr_16 sky130_fd_sc_hd__lpflow_clkbufkapwr_2 sky130_fd_sc_hd__lpflow_clkbufkapwr_4 sky130_fd_sc_hd__lpflow_clkbufkapwr_8 sky130_fd_sc_hd__lpflow_clkinvkapwr_1 sky130_fd_sc_hd__lpflow_clkinvkapwr_16 sky130_fd_sc_hd__lpflow_clkinvkapwr_2 sky130_fd_sc_hd__lpflow_clkinvkapwr_4 sky130_fd_sc_hd__lpflow_clkinvkapwr_8 sky130_fd_sc_hd__lpflow_decapkapwr_12 sky130_fd_sc_hd__lpflow_decapkapwr_3 sky130_fd_sc_hd__lpflow_decapkapwr_4 sky130_fd_sc_hd__lpflow_decapkapwr_6 sky130_fd_sc_hd__lpflow_decapkapwr_8 sky130_fd_sc_hd__lpflow_inputiso0n_1 sky130_fd_sc_hd__lpflow_inputiso0p_1 sky130_fd_sc_hd__lpflow_inputiso1n_1 sky130_fd_sc_hd__lpflow_inputiso1p_1 sky130_fd_sc_hd__lpflow_inputisolatch_1 sky130_fd_sc_hd__lpflow_isobufsrc_1 sky130_fd_sc_hd__lpflow_isobufsrc_16 sky130_fd_sc_hd__lpflow_isobufsrc_2 sky130_fd_sc_hd__lpflow_isobufsrc_4 sky130_fd_sc_hd__lpflow_isobufsrc_8 sky130_fd_sc_hd__lpflow_isobufsrckapwr_16 sky130_fd_sc_hd__lpflow_lsbuf_lh_hl_isowell_tap_1 sky130_fd_sc_hd__lpflow_lsbuf_lh_hl_isowell_tap_2 sky130_fd_sc_hd__lpflow_lsbuf_lh_hl_isowell_tap_4 sky130_fd_sc_hd__lpflow_lsbuf_lh_isowell_4 sky130_fd_sc_hd__lpflow_lsbuf_lh_isowell_tap_1 sky130_fd_sc_hd__lpflow_lsbuf_lh_isowell_tap_2 sky130_fd_sc_hd__lpflow_lsbuf_lh_isowell_tap_4"
repair_tie_fanout -separation 0 sky130_fd_sc_hd__tt_025C_1v80/sky130_fd_sc_hd__conb_1/LO
repair_tie_fanout -separation 0 sky130_fd_sc_hd__tt_025C_1v80/sky130_fd_sc_hd__conb_1/HI
repair_timing -setup_margin 0 -hold_margin 0 -repair_tns 100 -match_cell_footprint -setup -skip_last_gasp -sequence unbuffer,sizeup,swap,vt_swap -verbose
[WARNING EST-0027] no estimated parasitics. Using wire load models.
[INFO RSZ-0100] Repair move sequence: UnbufferMove SizeUpMove SwapPinsMove 
[INFO RSZ-0098] No setup violations found
[INFO RSZ-0505] Runtime: 0.10s
Default units for flow
 time 1ns
 capacitance 1pF
 resistance 1kohm
 voltage 1v
 current 1mA
 power 1nW
 distance 1um
   Layer   | Unit Resistance | Unit Capacitance 
           |       (kohm/um) |          (pF/um)
------------------------------------------------
       li1 |        7.18e-02 |         1.50e-04
      met1 |        1.21e-03 |         1.72e-04
      met2 |        1.22e-03 |         1.36e-04
      met3 |        1.66e-04 |         2.15e-04
      met4 |        1.68e-04 |         1.48e-04
      met5 |        1.84e-05 |         1.54e-04
------------------------------------------------

   Layer   | Via Resistance 
           |         (kohm) 
----------------------------
      mcon |       9.25e-03 
       via |       4.50e-03 
      via2 |       3.37e-03 
      via3 |       3.77e-04 
      via4 |       5.80e-06 
----------------------------
Report metrics stage 2, floorplan final...

==========================================================================
floorplan final report_design_area
--------------------------------------------------------------------------
Design area 312725 um^2 35% utilization.
write_db ./results/sky130hd/similarity_asic_transfer_blocal/base/2_1_floorplan.odb
write_sdc -no_timestamp ./results/sky130hd/similarity_asic_transfer_blocal/base/2_1_floorplan.sdc
Elapsed time: 0:04.11[h:]min:sec. CPU time: user 4.81 sys 0.10 (119%). Peak memory: 258244KB.
Log                       Ext     Elapsed/s Peak Memory/MB sha1sum result [0:20)
2_1_floorplan             .odb            4            252 dff245e2cd71d129827c
2_1_floorplan             .sdc                             1517283a0d978805bcd5
/OpenROAD-flow-scripts/flow/scripts/flow.sh 2_2_floorplan_macro macro_place
Running macro_place.tcl, stage 2_2_floorplan_macro
read_liberty /OpenROAD-flow-scripts/flow/platforms/sky130hd/lib/sky130_fd_sc_hd__tt_025C_1v80.lib
read_db ./results/sky130hd/similarity_asic_transfer_blocal/base/2_1_floorplan.odb
read_sdc ./results/sky130hd/similarity_asic_transfer_blocal/base/2_1_floorplan.sdc
source /OpenROAD-flow-scripts/flow/platforms/sky130hd/setRC.tcl
No macros found: Skipping macro_placement
Design area 312725 um^2 35% utilization.
write_db ./results/sky130hd/similarity_asic_transfer_blocal/base/2_2_floorplan_macro.odb
Elapsed time: 0:00.51[h:]min:sec. CPU time: user 0.47 sys 0.04 (99%). Peak memory: 155720KB.
Log                       Ext     Elapsed/s Peak Memory/MB sha1sum result [0:20)
2_2_floorplan_macro       .odb            0            152 dff245e2cd71d129827c
/OpenROAD-flow-scripts/flow/scripts/flow.sh 2_3_floorplan_tapcell tapcell
Running tapcell.tcl, stage 2_3_floorplan_tapcell
read_liberty /OpenROAD-flow-scripts/flow/platforms/sky130hd/lib/sky130_fd_sc_hd__tt_025C_1v80.lib
read_db ./results/sky130hd/similarity_asic_transfer_blocal/base/2_2_floorplan_macro.odb
read_sdc ./results/sky130hd/similarity_asic_transfer_blocal/base/2_1_floorplan.sdc
source /OpenROAD-flow-scripts/flow/platforms/sky130hd/setRC.tcl
[INFO TAP-0005] Inserted 11832 tapcells.
Design area 327529 um^2 37% utilization.
write_db ./results/sky130hd/similarity_asic_transfer_blocal/base/2_3_floorplan_tapcell.odb
Elapsed time: 0:00.50[h:]min:sec. CPU time: user 0.45 sys 0.05 (99%). Peak memory: 160776KB.
Log                       Ext     Elapsed/s Peak Memory/MB sha1sum result [0:20)
2_3_floorplan_tapcell     .odb            0            157 153e318a1d3f4101e0ea
/OpenROAD-flow-scripts/flow/scripts/flow.sh 2_4_floorplan_pdn pdn
Running pdn.tcl, stage 2_4_floorplan_pdn
read_liberty /OpenROAD-flow-scripts/flow/platforms/sky130hd/lib/sky130_fd_sc_hd__tt_025C_1v80.lib
read_db ./results/sky130hd/similarity_asic_transfer_blocal/base/2_3_floorplan_tapcell.odb
read_sdc ./results/sky130hd/similarity_asic_transfer_blocal/base/2_1_floorplan.sdc
source /OpenROAD-flow-scripts/flow/platforms/sky130hd/setRC.tcl
[WARNING PDN-1051] No instances found for grid (CORE_macro_grid_1).
[WARNING PDN-1051] No instances found for grid (CORE_macro_grid_2).
[INFO PDN-0001] Inserting grid: grid
[INFO PDN-0500] Runtime: 0.36s
Design area 327529 um^2 37% utilization.
write_db ./results/sky130hd/similarity_asic_transfer_blocal/base/2_4_floorplan_pdn.odb
Elapsed time: 0:01.45[h:]min:sec. CPU time: user 1.40 sys 0.04 (99%). Peak memory: 205732KB.
Log                       Ext     Elapsed/s Peak Memory/MB sha1sum result [0:20)
2_4_floorplan_pdn         .odb            1            200 299a8095362520890cf1
cp ./results/sky130hd/similarity_asic_transfer_blocal/base/2_4_floorplan_pdn.odb ./results/sky130hd/similarity_asic_transfer_blocal/base/2_floorplan.odb
cp ./results/sky130hd/similarity_asic_transfer_blocal/base/2_1_floorplan.sdc ./results/sky130hd/similarity_asic_transfer_blocal/base/2_floorplan.sdc
/OpenROAD-flow-scripts/flow/scripts/flow.sh 3_1_place_gp_skip_io global_place_skip_io
Running global_place_skip_io.tcl, stage 3_1_place_gp_skip_io
read_liberty /OpenROAD-flow-scripts/flow/platforms/sky130hd/lib/sky130_fd_sc_hd__tt_025C_1v80.lib
read_db ./results/sky130hd/similarity_asic_transfer_blocal/base/2_floorplan.odb
read_sdc ./results/sky130hd/similarity_asic_transfer_blocal/base/2_floorplan.sdc
source /OpenROAD-flow-scripts/flow/platforms/sky130hd/setRC.tcl
global_placement -skip_io -density 0.5 -pad_left 0 -pad_right 0 -random_seed 173
[INFO GPL-0190] Using 2 of 4 threads for placement: one per core, SMT siblings idle.
[INFO GPL-0001] ---- Initialize GPL Main Data Structures
[INFO GPL-0002] DBU: 1000
[INFO GPL-0003] SiteSize: (  0.460  2.720 ) um
[INFO GPL-0004] CoreBBox: (  1.380  2.720 ) ( 946.220 943.840 ) um
[INFO GPL-0016] Core area:                  889207.821 um^2
[INFO GPL-0036] Movable instances area:     312724.928 um^2
[INFO GPL-0037] Total instances area:       327529.126 um^2
[INFO GPL-0035] Pin density area adjust:     10957.421 um^2
[INFO GPL-0032] ---- Initialize Region: Top-level
[INFO GPL-0006] Number of instances:             39209
[INFO GPL-0007] Movable instances:               27377
[INFO GPL-0008] Fixed instances:                 11832
[INFO GPL-0009] Dummy instances:                     0
[INFO GPL-0010] Number of nets:                  36921
[INFO GPL-0011] Number of pins:                 103874
[INFO GPL-0012] Die BBox:       (  0.000  0.000 ) ( 947.250 947.250 ) um
[INFO GPL-0013] Placement BBox: (  1.380  2.720 ) ( 946.220 943.840 ) um
[INFO GPL-0014] Region name: top-level.
[INFO GPL-0015] Region area:                889207.821 um^2
[INFO GPL-0017] Fixed instances area:        14804.198 um^2
[INFO GPL-0018] Movable instances area:     323682.349 um^2
[INFO GPL-0019] Utilization:                    37.017 %
[INFO GPL-0020] Standard cells area:        323682.349 um^2
[INFO GPL-0021] Large instances area:            0.000 um^2
[INFO GPL-0005] ---- Execute Conjugate Gradient Initial Placement.
[INFO GPL-0051] Source of initial instance position counters:
	Odb location = 0	Core center = 27377	Region center = 0
[INFO GPL-0033] ---- Initialize Nesterov Region: Top-level
[INFO GPL-0023] Placement target density:       0.5000
[INFO GPL-0024] Movable insts average area:     11.823 um^2
[INFO GPL-0025] Ideal bin area:                 23.646 um^2
[INFO GPL-0026] Ideal bin count:                 37604
[INFO GPL-0027] Total bin area:             889207.821 um^2
[INFO GPL-0028] Bin count (X, Y):         128 ,    128
[INFO GPL-0029] Bin size (W * H):       7.382 *  7.353 um
[INFO GPL-0030] Number of bins:                  16384
[INFO GPL-0084] ---- Execute Nesterov Global Placement.
[INFO GPL-0031] HPWL: Half-Perimeter Wirelength
Iteration | Overflow |     HPWL (um) |  HPWL(%) |   Penalty | Group
---------------------------------------------------------------
        0 |   0.9996 |  9.469697e+04 |   +0.00% |  7.36e-16 |      
       10 |   0.9992 |  7.982702e+04 |  -15.70% |  1.20e-15 |      
       20 |   0.9992 |  7.928641e+04 |   -0.68% |  1.95e-15 |      
       30 |   0.9991 |  7.919948e+04 |   -0.11% |  3.18e-15 |      
       40 |   0.9991 |  7.913463e+04 |   -0.08% |  5.18e-15 |      
       50 |   0.9991 |  7.911655e+04 |   -0.02% |  8.44e-15 |      
       60 |   0.9991 |  7.913632e+04 |   +0.02% |  1.38e-14 |      
       70 |   0.9991 |  7.923664e+04 |   +0.13% |  2.24e-14 |      
       80 |   0.9990 |  7.957869e+04 |   +0.43% |  3.65e-14 |      
       90 |   0.9987 |  8.047254e+04 |   +1.12% |  5.94e-14 |      
      100 |   0.9987 |  8.265214e+04 |   +2.71% |  9.68e-14 |      
      110 |   0.9984 |  8.700381e+04 |   +5.27% |  1.58e-13 |      
      120 |   0.9979 |  9.396212e+04 |   +8.00% |  2.57e-13 |      
      130 |   0.9965 |  1.045139e+05 |  +11.23% |  4.17e-13 |      
      140 |   0.9943 |  1.239360e+05 |  +18.58% |  6.79e-13 |      
      150 |   0.9889 |  1.583153e+05 |  +27.74% |  1.10e-12 |      
      160 |   0.9809 |  1.998529e+05 |  +26.24% |  1.79e-12 |      
      170 |   0.9708 |  2.387310e+05 |  +19.45% |  2.90e-12 |      
      180 |   0.9588 |  2.755913e+05 |  +15.44% |  4.70e-12 |      
      190 |   0.9424 |  3.176772e+05 |  +15.27% |  7.62e-12 |      
      200 |   0.9183 |  3.699775e+05 |  +16.46% |  1.23e-11 |      
      210 |   0.8881 |  4.284834e+05 |  +15.81% |  2.00e-11 |      
      220 |   0.8547 |  4.879314e+05 |  +13.87% |  3.23e-11 |      
      230 |   0.8217 |  5.461515e+05 |  +11.93% |  5.23e-11 |      
      240 |   0.7858 |  6.039394e+05 |  +10.58% |  8.47e-11 |      
      250 |   0.7450 |  6.565337e+05 |   +8.71% |  1.37e-10 |      
      260 |   0.7040 |  7.059459e+05 |   +7.53% |  2.22e-10 |      
      270 |   0.6643 |  7.623034e+05 |   +7.98% |  3.60e-10 |      
      280 |   0.6226 |  8.277848e+05 |   +8.59% |  5.82e-10 |      
      290 |   0.5818 |  8.592370e+05 |   +3.80% |  9.44e-10 |      
      300 |   0.5433 |  8.779145e+05 |   +2.17% |  1.53e-09 |      
      310 |   0.5030 |  8.834684e+05 |   +0.63% |  2.50e-09 |      
      320 |   0.4624 |  8.854077e+05 |   +0.22% |  4.07e-09 |      
      330 |   0.4245 |  8.879455e+05 |   +0.29% |  6.62e-09 |      
      340 |   0.3838 |  8.914516e+05 |   +0.39% |  1.08e-08 |      
      350 |   0.3398 |  8.942325e+05 |   +0.31% |  1.74e-08 |      
      360 |   0.3070 |  8.939658e+05 |   -0.03% |  2.56e-08 |      
      370 |   0.2720 |  8.953683e+05 |   +0.16% |  3.77e-08 |      
      380 |   0.2366 |  8.982170e+05 |   +0.32% |  5.55e-08 |      
      390 |   0.2061 |  9.013078e+05 |   +0.34% |  8.18e-08 |      
      400 |   0.1782 |  9.038781e+05 |   +0.29% |  1.20e-07 |      
      410 |   0.1542 |  9.062607e+05 |   +0.26% |  1.77e-07 |      
      420 |   0.1334 |  9.086435e+05 |   +0.26% |  2.61e-07 |      
      430 |   0.1151 |  9.106396e+05 |   +0.22% |  3.85e-07 |      
      439 |   0.0990 |  9.122563e+05 |          |  5.67e-07 |      
---------------------------------------------------------------
[INFO GPL-1001] Global placement finished at iteration 439
[INFO GPL-1002] Placed Cell Area            323682.3488
[INFO GPL-1003] Available Free Area         874403.6224
[INFO GPL-1004] Minimum Feasible Density        0.3800 (cell_area / free_area)
[INFO GPL-1006]   Suggested Target Densities:
[INFO GPL-1007]     - For 90% usage of free space: 0.4113
[INFO GPL-1008]     - For 80% usage of free space: 0.4627
[INFO GPL-1009]     - For 50% usage of free space: 0.7403
[INFO GPL-1014] Final placement area: 323682.35 (+0.00%)
[INFO GPL-1018] Final HPWL (um): 913185.77
Design area 327529 um^2 37% utilization.
write_db ./results/sky130hd/similarity_asic_transfer_blocal/base/3_1_place_gp_skip_io.odb
Elapsed time: 0:04.69[h:]min:sec. CPU time: user 7.40 sys 0.08 (159%). Peak memory: 225208KB.
Log                       Ext     Elapsed/s Peak Memory/MB sha1sum result [0:20)
3_1_place_gp_skip_io      .odb            4            219 cf42cceb4d1d5104932b
/OpenROAD-flow-scripts/flow/scripts/flow.sh 3_2_place_iop io_placement
Running io_placement.tcl, stage 3_2_place_iop
read_liberty /OpenROAD-flow-scripts/flow/platforms/sky130hd/lib/sky130_fd_sc_hd__tt_025C_1v80.lib
read_db ./results/sky130hd/similarity_asic_transfer_blocal/base/3_1_place_gp_skip_io.odb
read_sdc ./results/sky130hd/similarity_asic_transfer_blocal/base/2_floorplan.sdc
source /OpenROAD-flow-scripts/flow/platforms/sky130hd/setRC.tcl
place_pins -hor_layers met3 -ver_layers met2
Found 0 macro blocks.
Using 2 tracks default min distance between IO pins.
[INFO PPL-0001] Number of available slots 3442
[INFO PPL-0002] Number of I/O             34
[INFO PPL-0003] Number of I/O w/sink      34
[INFO PPL-0004] Number of I/O w/o sink    0
[INFO PPL-0005] Slots per section         200
[INFO PPL-0008] Successfully assigned pins to sections.
[INFO PPL-0012] I/O nets HPWL: 15935.02 um.
Design area 327529 um^2 37% utilization.
write_db ./results/sky130hd/similarity_asic_transfer_blocal/base/3_2_place_iop.odb
Elapsed time: 0:00.54[h:]min:sec. CPU time: user 0.49 sys 0.05 (99%). Peak memory: 171688KB.
Log                       Ext     Elapsed/s Peak Memory/MB sha1sum result [0:20)
3_2_place_iop             .odb            0            167 642a86a764a52a3a804d
/OpenROAD-flow-scripts/flow/scripts/flow.sh 3_3_place_gp global_place
Running global_place.tcl, stage 3_3_place_gp
read_liberty /OpenROAD-flow-scripts/flow/platforms/sky130hd/lib/sky130_fd_sc_hd__tt_025C_1v80.lib
read_db ./results/sky130hd/similarity_asic_transfer_blocal/base/3_2_place_iop.odb
read_sdc ./results/sky130hd/similarity_asic_transfer_blocal/base/2_floorplan.sdc
source /OpenROAD-flow-scripts/flow/platforms/sky130hd/setRC.tcl
[INFO RSZ-0026] Removed 661 buffers.
Perform port buffering...
[INFO RSZ-0027] Inserted 1 sky130_fd_sc_hd__clkdlybuf4s50_1 input buffers.
[INFO RSZ-0028] Inserted 32 sky130_fd_sc_hd__clkdlybuf4s50_1 output buffers.
global_placement -density 0.5 -pad_left 0 -pad_right 0 -routability_driven -random_seed 173 -timing_driven -force_center_initial_place -min_phi_coef 0.95 -max_phi_coef 1.05
[INFO GPL-0190] Using 2 of 4 threads for placement: one per core, SMT siblings idle.
[INFO GPL-0001] ---- Initialize GPL Main Data Structures
[INFO GPL-0002] DBU: 1000
[INFO GPL-0003] SiteSize: (  0.460  2.720 ) um
[INFO GPL-0004] CoreBBox: (  1.380  2.720 ) ( 946.220 943.840 ) um
[INFO GPL-0016] Core area:                  889207.821 um^2
[INFO GPL-0036] Movable instances area:     310572.864 um^2
[INFO GPL-0037] Total instances area:       325377.062 um^2
[INFO GPL-0035] Pin density area adjust:     11347.179 um^2
[INFO GPL-0032] ---- Initialize Region: Top-level
[INFO GPL-0006] Number of instances:             38581
[INFO GPL-0007] Movable instances:               26749
[INFO GPL-0008] Fixed instances:                 11832
[INFO GPL-0009] Dummy instances:                     0
[INFO GPL-0010] Number of nets:                  36293
[INFO GPL-0011] Number of pins:                 102652
[INFO GPL-0012] Die BBox:       (  0.000  0.000 ) ( 947.250 947.250 ) um
[INFO GPL-0013] Placement BBox: (  1.380  2.720 ) ( 946.220 943.840 ) um
[INFO GPL-0014] Region name: top-level.
[INFO GPL-0015] Region area:                889207.821 um^2
[INFO GPL-0017] Fixed instances area:        14804.198 um^2
[INFO GPL-0018] Movable instances area:     321920.043 um^2
[INFO GPL-0019] Utilization:                    36.816 %
[INFO GPL-0020] Standard cells area:        321920.043 um^2
[INFO GPL-0021] Large instances area:            0.000 um^2
[INFO GPL-0005] ---- Execute Conjugate Gradient Initial Placement.
[INFO GPL-0051] Source of initial instance position counters:
	Odb location = 0	Core center = 26749	Region center = 0
[InitialPlace]  Iter: 1 conjugate gradient residual: 0.00040930 HPWL: 1025657760
[InitialPlace]  Iter: 2 conjugate gradient residual: 0.00052829 HPWL: 349985900
[InitialPlace]  Iter: 3 conjugate gradient residual: 0.00079302 HPWL: 356882810
[InitialPlace]  Iter: 4 conjugate gradient residual: 0.00045302 HPWL: 360640414
[InitialPlace]  Iter: 5 conjugate gradient residual: 0.00063853 HPWL: 362074931
[InitialPlace]  Iter: 6 conjugate gradient residual: 0.00045331 HPWL: 363112687
[InitialPlace]  Iter: 7 conjugate gradient residual: 0.00063102 HPWL: 363424470
[InitialPlace]  Iter: 8 conjugate gradient residual: 0.00040431 HPWL: 364024547
[InitialPlace]  Iter: 9 conjugate gradient residual: 0.00049531 HPWL: 364115905
[InitialPlace]  Iter: 10 conjugate gradient residual: 0.00044136 HPWL: 364607530
[InitialPlace]  Iter: 11 conjugate gradient residual: 0.00049756 HPWL: 364610388
[InitialPlace]  Iter: 12 conjugate gradient residual: 0.00053200 HPWL: 364954008
[InitialPlace]  Iter: 13 conjugate gradient residual: 0.00046345 HPWL: 364893022
[InitialPlace]  Iter: 14 conjugate gradient residual: 0.00039834 HPWL: 365232811
[InitialPlace]  Iter: 15 conjugate gradient residual: 0.00033258 HPWL: 365159886
[InitialPlace]  Iter: 16 conjugate gradient residual: 0.00038500 HPWL: 365458778
[InitialPlace]  Iter: 17 conjugate gradient residual: 0.00032245 HPWL: 365350038
[InitialPlace]  Iter: 18 conjugate gradient residual: 0.00027481 HPWL: 365619127
[InitialPlace]  Iter: 19 conjugate gradient residual: 0.00038750 HPWL: 365519610
[InitialPlace]  Iter: 20 conjugate gradient residual: 0.00027194 HPWL: 365766940
[INFO GPL-0033] ---- Initialize Nesterov Region: Top-level
[INFO GPL-0023] Placement target density:       0.5000
[INFO GPL-0024] Movable insts average area:     12.035 um^2
[INFO GPL-0025] Ideal bin area:                 24.070 um^2
[INFO GPL-0026] Ideal bin count:                 36943
[INFO GPL-0027] Total bin area:             889207.821 um^2
[INFO GPL-0028] Bin count (X, Y):         128 ,    128
[INFO GPL-0029] Bin size (W * H):       7.382 *  7.353 um
[INFO GPL-0030] Number of bins:                  16384
[INFO GPL-0084] ---- Execute Nesterov Global Placement.
[INFO GPL-0031] HPWL: Half-Perimeter Wirelength
Iteration | Overflow |     HPWL (um) |  HPWL(%) |   Penalty | Group
---------------------------------------------------------------
        0 |   0.9972 |  9.482428e+04 |   +0.00% |  9.07e-17 |      
       10 |   0.9929 |  1.208864e+05 |  +27.48% |  1.47e-16 |      
       20 |   0.9927 |  1.297013e+05 |   +7.29% |  2.40e-16 |      
       30 |   0.9925 |  1.297239e+05 |   +0.02% |  3.91e-16 |      
       40 |   0.9926 |  1.297618e+05 |   +0.03% |  6.36e-16 |      
       50 |   0.9926 |  1.297340e+05 |   -0.02% |  1.04e-15 |      
       60 |   0.9926 |  1.298585e+05 |   +0.10% |  1.69e-15 |      
       70 |   0.9926 |  1.301992e+05 |   +0.26% |  2.75e-15 |      
       80 |   0.9926 |  1.303384e+05 |   +0.11% |  4.48e-15 |      
       90 |   0.9926 |  1.304546e+05 |   +0.09% |  7.30e-15 |      
      100 |   0.9925 |  1.306919e+05 |   +0.18% |  1.19e-14 |      
      110 |   0.9924 |  1.311298e+05 |   +0.34% |  1.94e-14 |      
      120 |   0.9922 |  1.319825e+05 |   +0.65% |  3.15e-14 |      
      130 |   0.9918 |  1.335556e+05 |   +1.19% |  5.14e-14 |      
      140 |   0.9912 |  1.361939e+05 |   +1.98% |  8.36e-14 |      
      150 |   0.9900 |  1.401007e+05 |   +2.87% |  1.36e-13 |      
      160 |   0.9883 |  1.453756e+05 |   +3.77% |  2.22e-13 |      
      170 |   0.9861 |  1.526300e+05 |   +4.99% |  3.61e-13 |      
      180 |   0.9828 |  1.627639e+05 |   +6.64% |  5.87e-13 |      
      190 |   0.9784 |  1.763627e+05 |   +8.35% |  9.55e-13 |      
      200 |   0.9713 |  1.938774e+05 |   +9.93% |  1.55e-12 |      
      210 |   0.9607 |  2.159284e+05 |  +11.37% |  2.52e-12 |      
      220 |   0.9457 |  2.436987e+05 |  +12.86% |  4.10e-12 |      
      230 |   0.9259 |  2.770181e+05 |  +13.67% |  6.65e-12 |      
      240 |   0.9016 |  3.141996e+05 |  +13.42% |  1.08e-11 |      
      250 |   0.8742 |  3.532522e+05 |  +12.43% |  1.75e-11 |      
      260 |   0.8417 |  3.942157e+05 |  +11.60% |  2.84e-11 |      
      270 |   0.8069 |  4.361660e+05 |  +10.64% |  4.60e-11 |      
      280 |   0.7718 |  4.799405e+05 |  +10.04% |  7.46e-11 |      
      290 |   0.7333 |  5.225407e+05 |   +8.88% |  1.21e-10 |      
      300 |   0.6885 |  5.637394e+05 |   +7.88% |  1.96e-10 |      
      310 |   0.6464 |  6.215864e+05 |  +10.26% |  3.17e-10 |      
[INFO GPL-0100] Timing-driven iteration 1/2, virtual: false.
[INFO GPL-0101]    Iter: 314, overflow: 0.634, keep resizer changes at: 1, HPWL: 629435788
Iteration |   Area    | Resized | Buffers | Nets repaired | Remaining
---------------------------------------------------------------------
        0 |     +0.0% |       0 |       0 |             0 |     36293
    final |     +0.4% |     178 |     116 |           106 |         0
---------------------------------------------------------------------
[INFO RSZ-0034] Found 107 slew violations.
[INFO RSZ-0035] Found 18 fanout violations.
[INFO RSZ-0036] Found 4 capacitance violations.
[INFO RSZ-0039] Resized 178 instances.
[INFO RSZ-0038] Inserted 116 buffers in 106 nets.
   Iter   |    Area   | Removed | Inserted |   Pins
          |           | Buffers | Buffers  | Remaining
-------------------------------------------------------
        0 |     +0.0% |       0 |        0 |     36291
     3600 |     +0.0% |       0 |        0 |     32691
     7200 |     +0.0% |       0 |        0 |     29091
    10800 |     +0.0% |       0 |        0 |     25491
    14400 |     +0.0% |       0 |        7 |     21891
    18000 |     +0.0% |       0 |       11 |     18291
    21600 |     +0.0% |       0 |       17 |     14691
    25200 |     +0.1% |       3 |       57 |     11091
    28800 |     +0.1% |       6 |       71 |      7491
    32400 |     +0.2% |      69 |      164 |      3891
    36000 |     +0.3% |     101 |      231 |       291
    final |     +0.3% |     116 |      245 |         0
-------------------------------------------------------
[INFO GPL-0106] Timing-driven: worst slack 1.2773249e-08
[INFO GPL-0107] Timing-driven: repair_design delta area: 1999.931 um^2 (+0.62%)
[INFO GPL-0108] Timing-driven: repair_design, gpl delta gcells: 245 (+0.92%)
[INFO GPL-0109] Timing-driven: repair_design, gcells created: 361, deleted: 116
[INFO GPL-0110] Timing-driven: new target density: 0.5022872
Iteration | Overflow |     HPWL (um) |  HPWL(%) |   Penalty | Group
---------------------------------------------------------------
      320 |   0.6177 |  6.716979e+05 |   +8.06% |  5.14e-10 |      
[INFO GPL-0038] Routability snapshot saved at iter = 328
      327 |   0.5988 |  6.777019e+05 |          |           |      
      330 |   0.5895 |  6.809278e+05 |   +1.37% |  8.36e-10 |      
      340 |   0.5638 |  6.914731e+05 |   +1.55% |  1.36e-09 |      
      350 |   0.5241 |  7.038637e+05 |   +1.79% |  2.21e-09 |      
      360 |   0.4831 |  7.149364e+05 |   +1.57% |  3.60e-09 |      
      370 |   0.4461 |  7.238326e+05 |   +1.24% |  5.86e-09 |      
      380 |   0.4080 |  7.266943e+05 |   +0.40% |  9.54e-09 |      
      390 |   0.3681 |  7.295160e+05 |   +0.39% |  1.55e-08 |      
      400 |   0.3230 |  7.339548e+05 |   +0.61% |  2.41e-08 |      
[INFO GPL-0040] Routability iteration: 1
[WARNING GRT-0281] Net clk has a large fanout of 2318 terminals.
[INFO GPL-0088] Tiles the placer can act on: 9279 of 18769 (49.44%)
[INFO GPL-0041] Total routing overflow: 11.0747
[INFO GPL-0042] Number of overflowed tiles: 74 (0.80%)
[INFO GPL-0043] Average top 0.5% routing congestion: 1.2179
[INFO GPL-0044] Average top 1.0% routing congestion: 1.1158
[INFO GPL-0045] Average top 2.0% routing congestion: 1.0165
[INFO GPL-0046] Average top 5.0% routing congestion: 0.8854
[INFO GPL-0047] Routability iteration weighted routing congestion: 1.1668
[INFO GPL-0048] Routing congestion (1.1668) lower than previous minimum (1e+30). Updating minimum.
[INFO GPL-0086] Inflated area:                3392.062 um^2 (+1.05%)
[INFO GPL-0052] Placement target density:       0.5023
[INFO GPL-0076] Removing fillers, count: Before: 9182, After: 8912 (-2.94%)
[INFO GPL-0077] Filler area (um^2)     : Before: 115281.754, After: 111882.139 (-2.95%)
[INFO GPL-0078] Removed fillers count: 270, area removed: 3389.607 um^2. Remaining area to be compensated by modifying density: 2.454 um^2
[INFO GPL-0058] White space area:           874403.622 um^2 (+0.00%)
[INFO GPL-0059] Movable instances area:     439201.726 um^2 (+0.00%)
[INFO GPL-0060] Total filler area:          111882.139 um^2 (-2.95%)
[INFO GPL-0061] Total non-inflated area:    439194.175 um^2 (-0.00%)
[INFO GPL-0062] Total inflated area:        442586.236 um^2 (-0.00%)
[INFO GPL-0063] New Target Density:             0.5023
[INFO GPL-0087] Routability end iteration: increase inflation and revert back to snapshot.
Iteration | Overflow |     HPWL (um) |  HPWL(%) |   Penalty | Group
---------------------------------------------------------------
      410 |   0.5932 |  6.808909e+05 |   +0.00% |  8.20e-10 |      
      420 |   0.5687 |  6.924045e+05 |   +1.69% |  1.21e-09 |      
      430 |   0.5394 |  7.012972e+05 |   +1.28% |  1.78e-09 |      
      440 |   0.5066 |  7.096155e+05 |   +1.19% |  2.61e-09 |      
      450 |   0.4789 |  7.153584e+05 |   +0.81% |  3.85e-09 |      
      460 |   0.4500 |  7.184567e+05 |   +0.43% |  5.67e-09 |      
      470 |   0.4214 |  7.221721e+05 |   +0.52% |  8.35e-09 |      
      480 |   0.3849 |  7.274095e+05 |   +0.73% |  1.23e-08 |      
      490 |   0.3510 |  7.313737e+05 |   +0.54% |  1.81e-08 |      
      500 |   0.3150 |  7.337880e+05 |   +0.33% |  2.67e-08 |      
[INFO GPL-0040] Routability iteration: 2
[INFO GPL-0088] Tiles the placer can act on: 9395 of 18769 (50.06%)
[INFO GPL-0041] Total routing overflow: 1.9546
[INFO GPL-0042] Number of overflowed tiles: 21 (0.22%)
[INFO GPL-0043] Average top 0.5% routing congestion: 1.0204
[INFO GPL-0044] Average top 1.0% routing congestion: 0.9477
[INFO GPL-0045] Average top 2.0% routing congestion: 0.8755
[INFO GPL-0046] Average top 5.0% routing congestion: 0.7795
[INFO GPL-0047] Routability iteration weighted routing congestion: 0.9841
[INFO GPL-0050] Weighted routing congestion is lower than target routing congestion(1.0100), end routability optimization.
[INFO GPL-0090] Routability finished. Target routing congestion achieved succesfully.
Iteration | Overflow |     HPWL (um) |  HPWL(%) |   Penalty | Group
---------------------------------------------------------------
      510 |   0.2799 |  7.379190e+05 |   +0.56% |  3.93e-08 |      
      520 |   0.2446 |  7.412300e+05 |   +0.45% |  5.78e-08 |      
      530 |   0.2145 |  7.447519e+05 |   +0.48% |  8.52e-08 |      
[INFO GPL-0100] Timing-driven iteration 2/2, virtual: false.
[INFO GPL-0101]    Iter: 538, overflow: 0.194, keep resizer changes at: 1, HPWL: 747685977
Iteration |   Area    | Resized | Buffers | Nets repaired | Remaining
---------------------------------------------------------------------
        0 |     +0.0% |       0 |       0 |             0 |     36538
    final |     +0.1% |      19 |       6 |            19 |         0
---------------------------------------------------------------------
[INFO RSZ-0034] Found 19 slew violations.
[INFO RSZ-0036] Found 1 capacitance violations.
[INFO RSZ-0039] Resized 19 instances.
[INFO RSZ-0038] Inserted 6 buffers in 19 nets.
   Iter   |    Area   | Removed | Inserted |   Pins
          |           | Buffers | Buffers  | Remaining
-------------------------------------------------------
        0 |     +0.0% |       0 |        0 |     36291
     3600 |     +0.0% |       0 |        2 |     32691
     7200 |     +0.0% |       0 |        3 |     29091
    10800 |     +0.0% |       0 |        3 |     25491
    14400 |     +0.0% |       7 |        9 |     21891
    18000 |     +0.0% |      11 |       12 |     18291
    21600 |     +0.1% |      18 |       41 |     14691
    25200 |     +0.1% |      62 |      113 |     11091
    28800 |     +0.1% |      76 |      141 |      7491
    32400 |     +0.2% |     170 |      261 |      3891
    36000 |     +0.3% |     237 |      349 |       291
    final |     +0.3% |     251 |      392 |         0
-------------------------------------------------------
[INFO GPL-0106] Timing-driven: worst slack 1.2717543e-08
[INFO GPL-0107] Timing-driven: repair_design delta area: 1244.307 um^2 (+0.38%)
[INFO GPL-0108] Timing-driven: repair_design, gpl delta gcells: 147 (+0.54%)
[INFO GPL-0109] Timing-driven: repair_design, gcells created: 398, deleted: 251
[INFO GPL-0110] Timing-driven: new target density: 0.5037016
Iteration | Overflow |     HPWL (um) |  HPWL(%) |   Penalty | Group
---------------------------------------------------------------
      540 |   0.1844 |  7.553267e+05 |   +1.42% |  1.25e-07 |      
      550 |   0.1574 |  7.546631e+05 |   -0.09% |  1.85e-07 |      
      560 |   0.1358 |  7.561291e+05 |   +0.19% |  2.72e-07 |      
      570 |   0.1156 |  7.571016e+05 |   +0.13% |  4.01e-07 |      
      579 |   0.0997 |  7.574485e+05 |          |  5.90e-07 |      
---------------------------------------------------------------
[INFO GPL-1001] Global placement finished at iteration 579
[INFO GPL-1017] Routability mode iteration count: 176
[INFO GPL-1005] Routability final weighted congestion: 0.8336
[INFO GPL-1002] Placed Cell Area            328556.3425
[INFO GPL-1003] Available Free Area         874403.6224
[INFO GPL-1004] Minimum Feasible Density        0.3700 (cell_area / free_area)
[INFO GPL-1006]   Suggested Target Densities:
[INFO GPL-1007]     - For 90% usage of free space: 0.4175
[INFO GPL-1008]     - For 80% usage of free space: 0.4697
[INFO GPL-1009]     - For 50% usage of free space: 0.7515
[INFO GPL-1011] Original area (um^2): 321920.04
[INFO GPL-1012] Total routability artificial inflation: 3392.06 (+1.05%)
[INFO GPL-1013] Total timing-driven delta area: 3244.24 (+1.01%)
[INFO GPL-1014] Final placement area: 328556.34 (+2.06%)
[INFO GPL-1018] Final HPWL (um): 758612.37
Took 21 seconds: global_placement -density 0.5 -pad_left 0 -pad_right 0 -routability_driven -random_seed 173 -timing_driven -force_center_initial_place -min_phi_coef 0.95 -max_phi_coef 1.05
estimate_parasitics -placement
Report metrics stage 3, global place...

==========================================================================
global place report_design_area
--------------------------------------------------------------------------
Design area 328740 um^2 37% utilization.
write_db ./results/sky130hd/similarity_asic_transfer_blocal/base/3_3_place_gp.odb
Elapsed time: 0:27.42[h:]min:sec. CPU time: user 40.25 sys 0.79 (149%). Peak memory: 564024KB.
Log                       Ext     Elapsed/s Peak Memory/MB sha1sum result [0:20)
3_3_place_gp              .odb           27            550 88cc6552f01520cbf57d
/OpenROAD-flow-scripts/flow/scripts/flow.sh 3_4_place_resized resize
Running resize.tcl, stage 3_4_place_resized
read_liberty /OpenROAD-flow-scripts/flow/platforms/sky130hd/lib/sky130_fd_sc_hd__tt_025C_1v80.lib
read_db ./results/sky130hd/similarity_asic_transfer_blocal/base/3_3_place_gp.odb
read_sdc ./results/sky130hd/similarity_asic_transfer_blocal/base/2_floorplan.sdc
source /OpenROAD-flow-scripts/flow/platforms/sky130hd/setRC.tcl
estimate_parasitics -placement
Perform buffer insertion and gate resizing...
repair_design -verbose -cap_margin 20 -slew_margin 20 -match_cell_footprint
Iteration |   Area    | Resized | Buffers | Nets repaired | Remaining
---------------------------------------------------------------------
        0 |     +0.0% |       0 |       0 |             0 |     36685
     1000 |     +0.0% |       0 |       0 |             0 |     35685
     2000 |     +0.0% |       0 |       0 |             0 |     34685
     3000 |     +0.0% |       0 |       0 |             0 |     33685
     4000 |     +0.0% |       0 |       0 |             0 |     32685
     5000 |     +0.0% |       0 |       0 |             0 |     31685
     6000 |     +0.0% |       0 |       0 |             0 |     30685
     7000 |     +0.0% |       0 |       0 |             0 |     29685
     8000 |     +0.0% |       0 |       0 |             0 |     28685
     9000 |     +0.0% |       0 |       0 |             0 |     27685
    10000 |     +0.0% |       0 |       0 |             0 |     26685
    11000 |     +0.0% |       0 |       0 |             0 |     25685
    12000 |     +0.0% |       0 |       0 |             0 |     24685
    13000 |     +0.0% |       0 |       0 |             0 |     23685
    14000 |     +0.0% |       0 |       0 |             0 |     22685
    15000 |     +0.0% |       0 |       0 |             0 |     21685
    16000 |     +0.0% |       0 |       0 |             0 |     20685
    17000 |     +0.0% |       0 |       0 |             0 |     19685
    18000 |     +0.0% |       0 |       0 |             0 |     18685
    19000 |     +0.0% |       1 |       0 |             0 |     17685
    20000 |     +0.0% |       1 |       0 |             0 |     16685
    21000 |     +0.0% |       1 |       0 |             0 |     15685
    22000 |     +0.0% |       3 |       0 |             0 |     14685
    23000 |     +0.0% |       3 |       0 |             0 |     13685
    24000 |     +0.0% |       3 |       0 |             0 |     12685
    25000 |     +0.0% |       3 |       0 |             0 |     11685
    26000 |     +0.0% |       4 |       0 |             0 |     10685
    27000 |     +0.0% |       4 |       0 |             0 |      9685
    28000 |     +0.0% |       4 |       0 |             0 |      8685
    29000 |     +0.0% |       4 |       0 |             0 |      7685
    30000 |     +0.0% |       6 |       0 |             0 |      6685
    31000 |     +0.0% |       7 |       0 |             0 |      5685
    32000 |     +0.0% |       7 |       0 |             0 |      4685
    33000 |     +0.0% |       7 |       0 |             0 |      3685
    34000 |     +0.0% |       7 |       0 |             0 |      2685
    35000 |     +0.0% |       7 |       0 |             0 |      1685
    36000 |     +0.0% |       7 |       0 |             0 |       685
    final |     +0.0% |       7 |       0 |             0 |         0
---------------------------------------------------------------------
[INFO RSZ-0034] Found 7 slew violations.
[INFO RSZ-0039] Resized 7 instances.
[INFO RSZ-0504] Runtime: 2.47s
Floating nets: 
Report metrics stage 3, resizer...

==========================================================================
resizer report_design_area
--------------------------------------------------------------------------
Design area 328778 um^2 37% utilization.
Instance count before 38973, after 38973
Pin count before 103402, after 103402
write_db ./results/sky130hd/similarity_asic_transfer_blocal/base/3_4_place_resized.odb
Elapsed time: 0:10.68[h:]min:sec. CPU time: user 13.88 sys 0.30 (132%). Peak memory: 282676KB.
Log                       Ext     Elapsed/s Peak Memory/MB sha1sum result [0:20)
3_4_place_resized         .odb           10            276 4c3bb4fd132d73197a0d
/OpenROAD-flow-scripts/flow/scripts/flow.sh 3_5_place_dp detail_place
Running detail_place.tcl, stage 3_5_place_dp
read_liberty /OpenROAD-flow-scripts/flow/platforms/sky130hd/lib/sky130_fd_sc_hd__tt_025C_1v80.lib
read_db ./results/sky130hd/similarity_asic_transfer_blocal/base/3_4_place_resized.odb
read_sdc ./results/sky130hd/similarity_asic_transfer_blocal/base/2_floorplan.sdc
source /OpenROAD-flow-scripts/flow/platforms/sky130hd/setRC.tcl
detailed_placement
[INFO DPL-0006] Core area: 889207.82 um^2
[INFO DPL-0007] Movable instances area: 313973.63 um^2
[INFO DPL-0008] Fixed instances area within core: 14804.20 um^2
[INFO DPL-0009] Utilization: 37.0%
[INFO DPL-0005] Diamond search max displacement: +/- 500 sites horizontally, +/- 100 rows vertically.
[INFO DPL-1102] Legalizing using negotiation legalizer.
[INFO DPL-1103] Negotiation base search window: +/-20 sites horizontally, +/-5 rows vertically 
	Automatic search window extension enabled.
	Search window extendable up to the max displacement cap of +/-500 sites, +/-100 rows near walls.
[INFO DPL-1104] NegotiationLegalizer DRC penalty: 5.
[INFO DPL-0392] Negotiation cell height distribution (1 unique row-count(s)):
[INFO DPL-0393]   height 1 row(s): 38973 cells
          |      Total |  Illegal |  Illegal
Iteration | Violations |    Cells |    Sites
---------------------------------------------
        0 |       5217 |      1389 |      3819
        1 |         10 |         4 |         6
        2 |          0 |         0 |         0
Negotiation phase 1 converged at iteration 2.
[INFO DPL-0500] Runtime: 0.45s
Placement Analysis
---------------------------------
total displacement      74362.6 u
average displacement        1.9 u
max displacement           12.7 u
original HPWL          758618.9 u
legalized HPWL         806088.1 u
delta HPWL                    6 %

improve_placement -max_displacement "5 1"
Detailed placement improvement.
[INFO DPL-0401] Setting random seed to 1.
[INFO DPL-0402] Setting maximum displacement 5 1 to 13600 2720 units.
[INFO DPL-0320] Collected 11866 fixed cells.
[INFO DPL-0318] Collected 27141 single height cells.
[INFO DPL-0321] Collected 0 wide cells.
[INFO DPL-0322] Image (1380, 2720) - (946220, 943840)
[INFO DPL-0310] Assigned 27141 cells into segments.  Movement in X-direction is 0.000000, movement in Y-direction is 0.000000.
[INFO DPL-0313] Found 0 cells in wrong regions.
[INFO DPL-0315] Found 0 row alignment problems.
[INFO DPL-0314] Found 0 site alignment problems.
[INFO DPL-0311] Found 0 overlaps between adjacent cells.
[INFO DPL-0312] Found 0 edge spacing violations and 0 padding violations.
[INFO DPL-0303] Running algorithm for independent set matching.
[INFO DPL-0300] Set matching objective is wirelength.
[INFO DPL-0301] Pass   1 of matching; objective is 8.059786e+08.
[INFO DPL-0302] End of matching; objective is 8.055388e+08, improvement is 0.05 percent.
[INFO DPL-0303] Running algorithm for global swaps.
[INFO DPL-0306] Pass   1 of global swaps; hpwl is 7.964407e+08.
[INFO DPL-0306] Pass   2 of global swaps; hpwl is 7.948374e+08.
[INFO DPL-0307] End of global swaps; objective is 7.948374e+08, improvement is 1.33 percent.
[INFO DPL-0303] Running algorithm for vertical swaps.
[INFO DPL-0308] Pass   1 of vertical swaps; hpwl is 7.922855e+08.
[INFO DPL-0309] End of vertical swaps; objective is 7.922855e+08, improvement is 0.32 percent.
[INFO DPL-0303] Running algorithm for reordering.
[INFO DPL-0304] Pass   1 of reordering; objective is 7.919303e+08.
[INFO DPL-0305] End of reordering; objective is 7.919303e+08, improvement is 0.04 percent.
[INFO DPL-0303] Running algorithm for random improvement.
[INFO DPL-0324] Random improver is using random generator.
[INFO DPL-0325] Random improver is using hpwl objective.
[INFO DPL-0326] Random improver cost string is (a).
[INFO DPL-0332] End of pass, Generator random called 542820 times.
[INFO DPL-0335] Generator random, Cumulative attempts 542820, swaps 76218, moves 159085 since last reset.
[INFO DPL-0333] End of pass, Objective hpwl, Initial cost 7.901046e+08, Scratch cost 7.830373e+08, Incremental cost 7.830373e+08, Mismatch? N
[INFO DPL-0338] End of pass, Total cost is 7.830373e+08.
[INFO DPL-0327] Pass   1 of random improver; improvement in cost is 0.89 percent.
[INFO DPL-0328] End of random improver; improvement is 0.894484 percent.
[INFO DPL-0380] Cell flipping.
[INFO DPL-0382] Changed 0 cell orientations for row compatibility.
[INFO DPL-0383] Performed 8408 cell flips.
[INFO DPL-0384] End of flipping; objective is 7.684703e+08, improvement is 2.09 percent.
[INFO DPL-0313] Found 0 cells in wrong regions.
[INFO DPL-0315] Found 0 row alignment problems.
[INFO DPL-0314] Found 0 site alignment problems.
[INFO DPL-0311] Found 0 overlaps between adjacent cells.
[INFO DPL-0312] Found 0 edge spacing violations and 0 padding violations.
Detailed Improvement Results
------------------------------------------
Original HPWL           806088.1 u (  401732.7,   404355.4)
Final HPWL              768303.7 u (  376636.7,   391667.0)
Delta HPWL                  -4.7 % (      -6.2,       -3.1)

Took 5 seconds: improve_placement -max_displacement "5 1"
optimize_mirroring
[INFO DPL-0020] Mirrored 1281 instances
[INFO DPL-0021] HPWL before          768303.7 u
[INFO DPL-0022] HPWL after           767758.0 u
[INFO DPL-0023] HPWL delta               -0.1 %
[INFO FLW-0012] Placement violations .
estimate_parasitics -placement
Report metrics stage 3, detailed place...

==========================================================================
detailed place report_design_area
--------------------------------------------------------------------------
Design area 328778 um^2 37% utilization.
write_db ./results/sky130hd/similarity_asic_transfer_blocal/base/3_5_place_dp.odb
write_sdc -no_timestamp ./results/sky130hd/similarity_asic_transfer_blocal/base/3_place.sdc
Elapsed time: 0:14.83[h:]min:sec. CPU time: user 17.98 sys 0.31 (123%). Peak memory: 445576KB.
Log                       Ext     Elapsed/s Peak Memory/MB sha1sum result [0:20)
3_5_place_dp              .odb           14            435 1fa466612b1fa05340ae
cp ./results/sky130hd/similarity_asic_transfer_blocal/base/3_5_place_dp.odb ./results/sky130hd/similarity_asic_transfer_blocal/base/3_place.odb
/OpenROAD-flow-scripts/flow/scripts/flow.sh 4_1_cts cts
Running cts.tcl, stage 4_1_cts
read_liberty /OpenROAD-flow-scripts/flow/platforms/sky130hd/lib/sky130_fd_sc_hd__tt_025C_1v80.lib
read_db ./results/sky130hd/similarity_asic_transfer_blocal/base/3_place.odb
read_sdc ./results/sky130hd/similarity_asic_transfer_blocal/base/3_place.sdc
source /OpenROAD-flow-scripts/flow/platforms/sky130hd/setRC.tcl
clock_tree_synthesis -sink_clustering_enable -repair_clock_nets
[INFO CTS-0050] Root buffer is sky130_fd_sc_hd__clkbuf_16.
[INFO CTS-0051] Sink buffer is sky130_fd_sc_hd__clkbuf_16.
[INFO CTS-0052] The following clock buffers will be used for CTS:
                    sky130_fd_sc_hd__clkbuf_16
[INFO CTS-0049] Characterization buffer is sky130_fd_sc_hd__clkbuf_16.
[INFO CTS-0007] Net "clk" found for clock "clk".
[INFO CTS-0010]  Clock net "clk" has 2317 sinks.
[INFO CTS-0008] TritonCTS found 1 clock nets.
[INFO CTS-0097] Characterization used 1 buffer(s) types.
[INFO CTS-0201] 0 blockages from hard placement blockages and placed macros will be used.
[INFO CTS-0027] Generating H-Tree topology for net clk.
[INFO CTS-0028]  Total number of sinks: 2317.
[INFO CTS-0090]  Sinks will be clustered based on buffer max cap.
[INFO CTS-0030]  Number of static layers: 0.
[INFO CTS-0020]  Wire segment unit: 13600  dbu (13 um).
[INFO CTS-0206] Best clustering solution was found from max clustering size of 13 and max clustering diameter of 253.
[INFO CTS-0019]  Total number of sinks after clustering: 280.
[INFO CTS-0024]  Normalized sink region: [(2.05505, 4.95), (68.3449, 66.7006)].
[INFO CTS-0025]     Width:  66.2899.
[INFO CTS-0026]     Height: 61.7506.
 Level 1
    Direction: Horizontal
    Sinks per sub-region: 140
    Sub-region size: 33.1449 X 61.7506
[INFO CTS-0034]     Segment length (rounded): 16.
 Level 2
    Direction: Vertical
    Sinks per sub-region: 70
    Sub-region size: 33.1449 X 30.8753
[INFO CTS-0034]     Segment length (rounded): 16.
 Level 3
    Direction: Horizontal
    Sinks per sub-region: 35
    Sub-region size: 16.5725 X 30.8753
[INFO CTS-0034]     Segment length (rounded): 8.
 Level 4
    Direction: Vertical
    Sinks per sub-region: 18
    Sub-region size: 16.5725 X 15.4377
[INFO CTS-0034]     Segment length (rounded): 8.
 Level 5
    Direction: Horizontal
    Sinks per sub-region: 9
    Sub-region size: 8.2862 X 15.4377
[INFO CTS-0034]     Segment length (rounded): 4.
[INFO CTS-0038]  Stop criterion found. Sink region hpwl is smaller than max wirelength (1911.535 um) and max number of sinks is 15.
[INFO CTS-0035]  Number of sinks covered: 280.
[INFO CTS-0018]     Created 317 clock buffers.
[INFO CTS-0012]     Minimum number of buffers in the clock path: 4.
[INFO CTS-0013]     Maximum number of buffers in the clock path: 4.
[INFO CTS-0015]     Created 317 clock nets.
[INFO CTS-0016]     Fanout distribution for the current clock = 4:9, 5:19, 6:35, 7:41, 8:65, 9:60, 10:35, 11:26, 12:15, 13:6, 15:1..
[INFO CTS-0017]     Max level of the clock tree: 5.
[INFO CTS-0098] Clock net "clk"
[INFO CTS-0099]  Sinks 2573
[INFO CTS-0100]  Leaf buffers 280
[INFO CTS-0101]  Average sink wire length 1525.62 um
[INFO CTS-0102]  Path depth 3 - 4
[INFO CTS-0207]  Dummy loads inserted 256
[INFO CTS-0500] Runtime: 2.61s
estimate_parasitics -placement
detailed_placement
[INFO DPL-0006] Core area: 889207.82 um^2
[INFO DPL-0007] Movable instances area: 325231.92 um^2
[INFO DPL-0008] Fixed instances area within core: 14804.20 um^2
[INFO DPL-0009] Utilization: 38.2%
[INFO DPL-0005] Diamond search max displacement: +/- 500 sites horizontally, +/- 100 rows vertically.
[INFO DPL-1102] Legalizing using negotiation legalizer.
[INFO DPL-1103] Negotiation base search window: +/-20 sites horizontally, +/-5 rows vertically 
	Automatic search window extension enabled.
	Search window extendable up to the max displacement cap of +/-500 sites, +/-100 rows near walls.
[INFO DPL-1104] NegotiationLegalizer DRC penalty: 5.
[INFO DPL-0392] Negotiation cell height distribution (1 unique row-count(s)):
[INFO DPL-0393]   height 1 row(s): 39546 cells
          |      Total |  Illegal |  Illegal
Iteration | Violations |    Cells |    Sites
---------------------------------------------
        0 |        988 |       170 |       818
        1 |          0 |         0 |         0
Negotiation phase 1 converged at iteration 1.
[INFO DPL-0500] Runtime: 0.28s
Placement Analysis
---------------------------------
total displacement      37265.4 u
average displacement        0.9 u
max displacement           18.2 u
original HPWL          798471.5 u
legalized HPWL         817068.8 u
delta HPWL                    2 %

estimate_parasitics -placement
Report metrics stage 4, cts final...

==========================================================================
cts final report_design_area
--------------------------------------------------------------------------
Design area 340036 um^2 38% utilization.
write_db ./results/sky130hd/similarity_asic_transfer_blocal/base/4_1_cts.odb
write_sdc -no_timestamp ./results/sky130hd/similarity_asic_transfer_blocal/base/4_cts.sdc
Elapsed time: 0:13.44[h:]min:sec. CPU time: user 19.67 sys 0.53 (150%). Peak memory: 450048KB.
Log                       Ext     Elapsed/s Peak Memory/MB sha1sum result [0:20)
4_1_cts                   .odb           13            439 3bb6b9cea9fca898d9d1
cp ./results/sky130hd/similarity_asic_transfer_blocal/base/4_1_cts.odb ./results/sky130hd/similarity_asic_transfer_blocal/base/4_cts.odb
/OpenROAD-flow-scripts/flow/scripts/flow.sh 5_1_grt global_route
Running global_route.tcl, stage 5_1_grt
read_liberty /OpenROAD-flow-scripts/flow/platforms/sky130hd/lib/sky130_fd_sc_hd__tt_025C_1v80.lib
read_db ./results/sky130hd/similarity_asic_transfer_blocal/base/4_cts.odb
read_sdc ./results/sky130hd/similarity_asic_transfer_blocal/base/4_cts.sdc
source /OpenROAD-flow-scripts/flow/platforms/sky130hd/setRC.tcl
pin_access
[INFO DRT-0149] Reading tech and libs.
[WARNING DRT-0349] LEF58_ENCLOSURE with no CUTCLASS is not supported. Skipping for layer mcon
[WARNING DRT-0349] LEF58_ENCLOSURE with no CUTCLASS is not supported. Skipping for layer mcon
[WARNING DRT-0349] LEF58_ENCLOSURE with no CUTCLASS is not supported. Skipping for layer via
[WARNING DRT-0349] LEF58_ENCLOSURE with no CUTCLASS is not supported. Skipping for layer via
[WARNING DRT-0349] LEF58_ENCLOSURE with no CUTCLASS is not supported. Skipping for layer via2
[WARNING DRT-0349] LEF58_ENCLOSURE with no CUTCLASS is not supported. Skipping for layer via2
[WARNING DRT-0349] LEF58_ENCLOSURE with no CUTCLASS is not supported. Skipping for layer via3
[WARNING DRT-0349] LEF58_ENCLOSURE with no CUTCLASS is not supported. Skipping for layer via3
[WARNING DRT-0349] LEF58_ENCLOSURE with no CUTCLASS is not supported. Skipping for layer via4
[WARNING DRT-0349] LEF58_ENCLOSURE with no CUTCLASS is not supported. Skipping for layer via4

Units:                1000
Number of layers:     13
Number of macros:     441
Number of vias:       29
Number of viarulegen: 25

[INFO DRT-0150] Reading design.

Design:                   similarity_asic_transfer_blocal
Die area:                 ( 0 0 ) ( 947250 947250 )
Number of track patterns: 12
Number of DEF vias:       0
Number of components:     39546
Number of terminals:      36
Number of snets:          2
Number of nets:           37002

[INFO DRT-0167] List of default vias:
  Layer via
    default via: M1M2_PR
  Layer via2
    default via: M2M3_PR
  Layer via3
    default via: M3M4_PR
  Layer via4
    default via: M4M5_PR
[INFO DRT-0162] Library cell analysis.
[INFO DRT-0163] Instance analysis.
[INFO DRT-0164] Number of unique instances = 211.
[INFO DRT-0168] Init region query.
[INFO DRT-0024]   Complete FR_MASTERSLICE.
[INFO DRT-0024]   Complete Fr_VIA.
[INFO DRT-0024]   Complete li1.
[INFO DRT-0024]   Complete mcon.
[INFO DRT-0024]   Complete met1.
[INFO DRT-0024]   Complete via.
[INFO DRT-0024]   Complete met2.
[INFO DRT-0024]   Complete via2.
[INFO DRT-0024]   Complete met3.
[INFO DRT-0024]   Complete via3.
[INFO DRT-0024]   Complete met4.
[INFO DRT-0024]   Complete via4.
[INFO DRT-0024]   Complete met5.
[INFO DRT-0033] FR_MASTERSLICE shape region query size = 0.
[INFO DRT-0033] FR_VIA shape region query size = 0.
[INFO DRT-0033] li1 shape region query size = 1073001.
[INFO DRT-0033] mcon shape region query size = 614468.
[INFO DRT-0033] met1 shape region query size = 230264.
[INFO DRT-0033] via shape region query size = 59860.
[INFO DRT-0033] met2 shape region query size = 35948.
[INFO DRT-0033] via2 shape region query size = 47888.
[INFO DRT-0033] met3 shape region query size = 35918.
[INFO DRT-0033] via3 shape region query size = 47888.
[INFO DRT-0033] met4 shape region query size = 14422.
[INFO DRT-0033] via4 shape region query size = 2381.
[INFO DRT-0033] met5 shape region query size = 2519.
[INFO DRT-0165] Start pin access.
[INFO DRT-0076]   Complete 1000 pins.
[INFO DRT-0078]   Complete 1747 pins.
[INFO DRT-0079]   Complete 100 unique inst patterns.
[INFO DRT-0079]   Complete 200 unique inst patterns.
[INFO DRT-0081]   Complete 211 unique inst patterns.
[INFO DRT-0082]   Complete 10000 groups.
[INFO DRT-0084]   Complete 19460 groups.
#scanned instances     = 39546
#unique  instances     = 211
#stdCellGenAp          = 7504
#stdCellValidPlanarAp  = 90
#stdCellValidViaAp     = 5221
#stdCellPinNoAp        = 10
#stdCellPinCnt         = 104292
#instTermValidViaApCnt = 0
#macroGenAp            = 0
#macroValidPlanarAp    = 0
#macroValidViaAp       = 0
#macroNoAp             = 0
[INFO DRT-0166] Complete pin access.
[INFO DRT-0267] cpu time = 00:10:16, elapsed time = 00:02:37, memory = 353.78 (MB), peak = 368.55 (MB)
Took 158 seconds: pin_access
set_global_routing_random -seed 173
global_route -congestion_report_file ./reports/sky130hd/similarity_asic_transfer_blocal/base/congestion.rpt -congestion_iterations 30 -congestion_report_iter_step 5 -verbose
[INFO GRT-0020] Min routing layer: met1
[INFO GRT-0021] Max routing layer: met5
[INFO GRT-0022] Global adjustment: 0%
[INFO GRT-0023] Grid origin: (0, 0)
[INFO GRT-0088] Layer li1     Track-Pitch = 0.4600  line-2-Via Pitch: 0.3400
[INFO GRT-0088] Layer met1    Track-Pitch = 0.3400  line-2-Via Pitch: 0.3400
[INFO GRT-0088] Layer met2    Track-Pitch = 0.4600  line-2-Via Pitch: 0.3500
[INFO GRT-0088] Layer met3    Track-Pitch = 0.6800  line-2-Via Pitch: 0.6150
[INFO GRT-0088] Layer met4    Track-Pitch = 0.9200  line-2-Via Pitch: 1.0400
[INFO GRT-0088] Layer met5    Track-Pitch = 3.4000  line-2-Via Pitch: 3.1100
[INFO GRT-0003] Macros: 0
[INFO GRT-0004] Blockages: 64243
[INFO GRT-0019] Found 318 clock nets.
[INFO GRT-0001] Minimum degree: 2
[INFO GRT-0002] Maximum degree: 51

[INFO GRT-0053] Routing resources analysis:
          Routing      Original      Derated      Resource
Layer     Direction    Resources     Resources    Reduction (%)
---------------------------------------------------------------
li1        Vertical            0             0          0.00%
met1       Horizontal     283749        219189          22.75%
met2       Vertical       240856        184824          23.26%
met3       Horizontal     179995        141255          21.52%
met4       Vertical       118728         86088          27.49%
met5       Horizontal      26248         18904          27.98%
---------------------------------------------------------------

[INFO GRT-0101] Running extra iterations to remove congestion.
[INFO GRT-0102] Start extra iteration 1/30
[INFO GRT-0197] Via related to pin nodes: 171738
[INFO GRT-0198] Via related Steiner nodes: 2626
[INFO GRT-0199] Via filling finished.
[INFO GRT-0111] Final number of vias: 217586
[INFO GRT-0112] Final usage 3D: 788554

[INFO GRT-0096] Final congestion report:
Layer         Resource        Demand        Usage (%)    Max H / Max V / Total Congestion
---------------------------------------------------------------------------------------
li1                  0             0            0.00%             0 /  0 /  0
met1            219189         65292           29.79%             0 /  0 /  0
met2            184824         61263           33.15%             0 /  0 /  0
met3            141255          4172            2.95%             0 /  0 /  0
met4             86088          5069            5.89%             0 /  0 /  0
met5             18904             0            0.00%             0 /  0 /  0
---------------------------------------------------------------------------------------
Total           650260        135796           20.88%             0 /  0 /  0

[INFO GRT-0018] Total wirelength: 1420130 um
[INFO GRT-0014] Routed nets: 36906
[INFO GRT-0303] Global routing runtime = 00:00:01
estimate_parasitics -global_routing
Perform buffer insertion and gate resizing...
repair_design -verbose -cap_margin 20 -slew_margin 20
Iteration |   Area    | Resized | Buffers | Nets repaired | Remaining
---------------------------------------------------------------------
        0 |     +0.0% |       0 |       0 |             0 |     37258
     1000 |     +0.0% |       0 |       0 |             0 |     36258
     2000 |     +0.0% |       0 |       0 |             0 |     35258
     3000 |     +0.0% |       0 |       0 |             0 |     34258
     4000 |     +0.0% |       0 |       0 |             0 |     33258
     5000 |     +0.0% |       0 |       0 |             0 |     32258
     6000 |     +0.0% |       0 |       0 |             0 |     31258
     7000 |     +0.0% |       0 |       0 |             0 |     30258
     8000 |     +0.0% |       0 |       0 |             0 |     29258
     9000 |     +0.0% |       0 |       0 |             0 |     28258
    10000 |     +0.0% |       0 |       0 |             0 |     27258
    11000 |     +0.0% |       0 |       0 |             0 |     26258
    12000 |     +0.0% |       0 |       0 |             0 |     25258
    13000 |     +0.0% |       0 |       0 |             0 |     24258
    14000 |     +0.0% |       0 |       0 |             0 |     23258
[WARNING RSZ-0104] Net _34499_ only has one pin. Check if it is intended to be dangling.
[WARNING RSZ-0104] Net _34043_ only has one pin. Check if it is intended to be dangling.
[WARNING RSZ-0104] Net _33456_ only has one pin. Check if it is intended to be dangling.
    15000 |     +0.0% |       0 |       0 |             0 |     22258
[WARNING RSZ-0104] Net _33211_ only has one pin. Check if it is intended to be dangling.
[WARNING RSZ-0104] Net _31822_ only has one pin. Check if it is intended to be dangling.
    16000 |     +0.0% |       0 |       0 |             0 |     21258
    17000 |     +0.0% |       0 |       0 |             0 |     20258
[WARNING RSZ-0104] Net _34565_ only has one pin. Check if it is intended to be dangling.
[WARNING RSZ-0104] Net _34551_ only has one pin. Check if it is intended to be dangling.
[WARNING RSZ-0104] Net _34542_ only has one pin. Check if it is intended to be dangling.
[WARNING RSZ-0104] Net _34510_ only has one pin. Check if it is intended to be dangling.
[WARNING RSZ-0104] Net _34509_ only has one pin. Check if it is intended to be dangling.
[WARNING RSZ-0104] Net _34504_ only has one pin. Check if it is intended to be dangling.
    18000 |     +0.0% |       0 |       0 |             0 |     19258
[WARNING RSZ-0104] Net _34441_ only has one pin. Check if it is intended to be dangling.
[WARNING RSZ-0104] Net _34394_ only has one pin. Check if it is intended to be dangling.
[WARNING RSZ-0104] Net _34380_ only has one pin. Check if it is intended to be dangling.
[WARNING RSZ-0104] Net _34357_ only has one pin. Check if it is intended to be dangling.
[WARNING RSZ-0104] Net _34255_ only has one pin. Check if it is intended to be dangling.
[WARNING RSZ-0104] Net _34182_ only has one pin. Check if it is intended to be dangling.
[WARNING RSZ-0104] Net _34150_ only has one pin. Check if it is intended to be dangling.
[WARNING RSZ-0104] Net _34074_ only has one pin. Check if it is intended to be dangling.
[WARNING RSZ-0104] Net _33979_ only has one pin. Check if it is intended to be dangling.
[WARNING RSZ-0104] Net _33901_ only has one pin. Check if it is intended to be dangling.
[WARNING RSZ-0104] Net _33896_ only has one pin. Check if it is intended to be dangling.
[WARNING RSZ-0104] Net _33807_ only has one pin. Check if it is intended to be dangling.
[WARNING RSZ-0104] Net _33700_ only has one pin. Check if it is intended to be dangling.
[WARNING RSZ-0104] Net _33572_ only has one pin. Check if it is intended to be dangling.
[WARNING RSZ-0104] Net _33518_ only has one pin. Check if it is intended to be dangling.
[WARNING RSZ-0104] Net _33323_ only has one pin. Check if it is intended to be dangling.
[WARNING RSZ-0104] Net _33199_ only has one pin. Check if it is intended to be dangling.
[WARNING RSZ-0104] Net _33083_ only has one pin. Check if it is intended to be dangling.
[WARNING RSZ-0104] Net _33038_ only has one pin. Check if it is intended to be dangling.
[WARNING RSZ-0104] Net _32966_ only has one pin. Check if it is intended to be dangling.
[WARNING RSZ-0104] Net _32871_ only has one pin. Check if it is intended to be dangling.
[WARNING RSZ-0104] Net _32857_ only has one pin. Check if it is intended to be dangling.
[WARNING RSZ-0104] Net _32721_ only has one pin. Check if it is intended to be dangling.
[WARNING RSZ-0104] Net _32694_ only has one pin. Check if it is intended to be dangling.
[WARNING RSZ-0104] Net _32587_ only has one pin. Check if it is intended to be dangling.
[WARNING RSZ-0104] Net _32538_ only has one pin. Check if it is intended to be dangling.
[WARNING RSZ-0104] Net _32481_ only has one pin. Check if it is intended to be dangling.
[WARNING RSZ-0104] Net _32451_ only has one pin. Check if it is intended to be dangling.
[WARNING RSZ-0104] Net _32321_ only has one pin. Check if it is intended to be dangling.
[WARNING RSZ-0104] Net _32230_ only has one pin. Check if it is intended to be dangling.
[WARNING RSZ-0104] Net _32135_ only has one pin. Check if it is intended to be dangling.
[WARNING RSZ-0104] Net _31974_ only has one pin. Check if it is intended to be dangling.
[WARNING RSZ-0104] Net _31969_ only has one pin. Check if it is intended to be dangling.
[WARNING RSZ-0104] Net _31968_ only has one pin. Check if it is intended to be dangling.
[WARNING RSZ-0104] Net _31823_ only has one pin. Check if it is intended to be dangling.
[WARNING RSZ-0104] Net _31814_ only has one pin. Check if it is intended to be dangling.
[WARNING RSZ-0104] Net _31808_ only has one pin. Check if it is intended to be dangling.
    19000 |     +0.0% |       0 |       0 |             0 |     18258
    20000 |     +0.0% |       0 |       0 |             0 |     17258
    21000 |     +0.0% |       0 |       0 |             0 |     16258
[WARNING RSZ-0104] Net _33885_ only has one pin. Check if it is intended to be dangling.
[WARNING RSZ-0104] Net _33868_ only has one pin. Check if it is intended to be dangling.
[WARNING RSZ-0104] Net _33462_ only has one pin. Check if it is intended to be dangling.
[WARNING RSZ-0104] Net _33444_ only has one pin. Check if it is intended to be dangling.
[WARNING RSZ-0104] Net _33399_ only has one pin. Check if it is intended to be dangling.
[WARNING RSZ-0104] Net _32938_ only has one pin. Check if it is intended to be dangling.
[WARNING RSZ-0104] Net _32403_ only has one pin. Check if it is intended to be dangling.
    22000 |     +0.0% |       1 |       0 |             0 |     15258
    23000 |     +0.0% |       1 |       0 |             0 |     14258
    24000 |     +0.0% |       1 |       0 |             0 |     13258
[WARNING RSZ-0104] Net _34560_ only has one pin. Check if it is intended to be dangling.
[WARNING RSZ-0104] Net _34557_ only has one pin. Check if it is intended to be dangling.
[WARNING RSZ-0104] Net _34556_ only has one pin. Check if it is intended to be dangling.
[WARNING RSZ-0104] Net _34517_ only has one pin. Check if it is intended to be dangling.
[WARNING RSZ-0104] Net _34475_ only has one pin. Check if it is intended to be dangling.
[WARNING RSZ-0104] Net _34409_ only has one pin. Check if it is intended to be dangling.
[WARNING RSZ-0104] Net _34392_ only has one pin. Check if it is intended to be dangling.
[WARNING RSZ-0104] Net _34235_ only has one pin. Check if it is intended to be dangling.
[WARNING RSZ-0104] Net _34231_ only has one pin. Check if it is intended to be dangling.
[WARNING RSZ-0104] Net _34151_ only has one pin. Check if it is intended to be dangling.
[WARNING RSZ-0104] Net _34083_ only has one pin. Check if it is intended to be dangling.
[WARNING RSZ-0104] Net _34047_ only has one pin. Check if it is intended to be dangling.
[WARNING RSZ-0104] Net _33950_ only has one pin. Check if it is intended to be dangling.
[WARNING RSZ-0104] Net _33866_ only has one pin. Check if it is intended to be dangling.
[WARNING RSZ-0104] Net _33778_ only has one pin. Check if it is intended to be dangling.
[WARNING RSZ-0104] Net _33775_ only has one pin. Check if it is intended to be dangling.
[WARNING RSZ-0104] Net _33771_ only has one pin. Check if it is intended to be dangling.
[WARNING RSZ-0104] Net _33704_ only has one pin. Check if it is intended to be dangling.
[WARNING RSZ-0104] Net _33668_ only has one pin. Check if it is intended to be dangling.
[WARNING RSZ-0104] Net _33525_ only has one pin. Check if it is intended to be dangling.
[WARNING RSZ-0104] Net _33433_ only has one pin. Check if it is intended to be dangling.
[WARNING RSZ-0104] Net _33278_ only has one pin. Check if it is intended to be dangling.
[WARNING RSZ-0104] Net _33171_ only has one pin. Check if it is intended to be dangling.
[WARNING RSZ-0104] Net _33044_ only has one pin. Check if it is intended to be dangling.
[WARNING RSZ-0104] Net _32831_ only has one pin. Check if it is intended to be dangling.
[WARNING RSZ-0104] Net _32684_ only has one pin. Check if it is intended to be dangling.
[WARNING RSZ-0104] Net _32683_ only has one pin. Check if it is intended to be dangling.
[WARNING RSZ-0104] Net _32673_ only has one pin. Check if it is intended to be dangling.
[WARNING RSZ-0104] Net _32586_ only has one pin. Check if it is intended to be dangling.
    25000 |     +0.0% |       1 |       0 |             0 |     12258
[WARNING RSZ-0104] Net _32555_ only has one pin. Check if it is intended to be dangling.
[WARNING RSZ-0104] Net _32541_ only has one pin. Check if it is intended to be dangling.
[WARNING RSZ-0104] Net _32432_ only has one pin. Check if it is intended to be dangling.
[WARNING RSZ-0104] Net _32274_ only has one pin. Check if it is intended to be dangling.
[WARNING RSZ-0104] Net _32255_ only has one pin. Check if it is intended to be dangling.
[WARNING RSZ-0104] Net _32061_ only has one pin. Check if it is intended to be dangling.
[WARNING RSZ-0104] Net _32048_ only has one pin. Check if it is intended to be dangling.
[WARNING RSZ-0104] Net _32047_ only has one pin. Check if it is intended to be dangling.
[WARNING RSZ-0104] Net _32035_ only has one pin. Check if it is intended to be dangling.
[WARNING RSZ-0104] Net _31961_ only has one pin. Check if it is intended to be dangling.
[WARNING RSZ-0104] Net _31927_ only has one pin. Check if it is intended to be dangling.
[WARNING RSZ-0104] Net _31798_ only has one pin. Check if it is intended to be dangling.
    26000 |     +0.0% |       1 |       1 |             1 |     11258
    27000 |     +0.0% |       1 |       1 |             1 |     10258
    28000 |     +0.0% |       1 |       1 |             1 |      9258
    29000 |     +0.0% |       6 |       2 |             2 |      8258
    30000 |     +0.0% |       6 |       2 |             2 |      7258
    31000 |     +0.0% |      12 |       2 |             2 |      6258
    32000 |     +0.0% |      12 |       2 |             2 |      5258
    33000 |     +0.0% |      13 |       2 |             2 |      4258
    34000 |     +0.0% |      13 |       2 |             2 |      3258
    35000 |     +0.0% |      13 |       2 |             2 |      2258
    36000 |     +0.0% |      13 |       2 |             2 |      1258
    37000 |     +0.0% |      13 |       2 |             2 |       258
    final |     +0.0% |      13 |       2 |             2 |         0
---------------------------------------------------------------------
[INFO RSZ-0034] Found 13 slew violations.
[INFO RSZ-0036] Found 2 capacitance violations.
[INFO RSZ-0039] Resized 13 instances.
[INFO RSZ-0038] Inserted 2 buffers in 2 nets.
[INFO RSZ-0504] Runtime: 3.50s
global_route -start_incremental
detailed_placement
[INFO DPL-0006] Core area: 889207.82 um^2
[INFO DPL-0007] Movable instances area: 325347.03 um^2
[INFO DPL-0008] Fixed instances area within core: 14804.20 um^2
[INFO DPL-0009] Utilization: 38.3%
[INFO DPL-0005] Diamond search max displacement: +/- 500 sites horizontally, +/- 100 rows vertically.
[INFO DPL-1102] Legalizing using negotiation legalizer.
[INFO DPL-1103] Negotiation base search window: +/-20 sites horizontally, +/-5 rows vertically 
	Automatic search window extension enabled.
	Search window extendable up to the max displacement cap of +/-500 sites, +/-100 rows near walls.
[INFO DPL-1104] NegotiationLegalizer DRC penalty: 5.
[INFO DPL-0392] Negotiation cell height distribution (1 unique row-count(s)):
[INFO DPL-0393]   height 1 row(s): 39548 cells
          |      Total |  Illegal |  Illegal
Iteration | Violations |    Cells |    Sites
---------------------------------------------
        0 |         16 |         4 |        12
        1 |          0 |         0 |         0
Negotiation phase 1 converged at iteration 1.
[INFO DPL-0500] Runtime: 0.25s
Placement Analysis
---------------------------------
total displacement         31.0 u
average displacement        0.0 u
max displacement            5.4 u
original HPWL          817100.3 u
legalized HPWL         817137.9 u
delta HPWL                    0 %

global_route -end_incremental -congestion_report_file ./reports/sky130hd/similarity_asic_transfer_blocal/base/congestion_post_repair_design.rpt
Repair setup and hold violations...
estimate_parasitics -global_routing
repair_timing -setup_margin 0 -hold_margin 0 -repair_tns 100 -verbose
[INFO RSZ-0100] Repair move sequence: UnbufferMove SizeUpMove SwapPinsMove BufferMove CloneMove SplitLoadMove 
[INFO RSZ-0098] No setup violations found
[INFO RSZ-0505] Runtime: 1.10s
[INFO RSZ-0033] No hold violations found.
[INFO RSZ-0506] Runtime: 0.29s
global_route -start_incremental
detailed_placement
[INFO DPL-0006] Core area: 889207.82 um^2
[INFO DPL-0007] Movable instances area: 325347.03 um^2
[INFO DPL-0008] Fixed instances area within core: 14804.20 um^2
[INFO DPL-0009] Utilization: 38.3%
[INFO DPL-0005] Diamond search max displacement: +/- 500 sites horizontally, +/- 100 rows vertically.
[INFO DPL-1102] Legalizing using negotiation legalizer.
[INFO DPL-1103] Negotiation base search window: +/-20 sites horizontally, +/-5 rows vertically 
	Automatic search window extension enabled.
	Search window extendable up to the max displacement cap of +/-500 sites, +/-100 rows near walls.
[INFO DPL-1104] NegotiationLegalizer DRC penalty: 5.
[INFO DPL-0392] Negotiation cell height distribution (1 unique row-count(s)):
[INFO DPL-0393]   height 1 row(s): 39548 cells
[INFO DPL-0500] Runtime: 0.19s
Placement Analysis
---------------------------------
total displacement          0.0 u
average displacement        0.0 u
max displacement            0.0 u
original HPWL          817137.9 u
legalized HPWL         817137.9 u
delta HPWL                    0 %

check_placement -verbose
global_route -end_incremental -congestion_report_file ./reports/sky130hd/similarity_asic_transfer_blocal/base/congestion_post_repair_timing.rpt
estimate_parasitics -global_routing
global_route -start_incremental
global_route -end_incremental -congestion_report_file ./reports/sky130hd/similarity_asic_transfer_blocal/base/congestion_post_recover_power.rpt
Repair antennas...
[INFO GRT-0012] Found 77 antenna violations.
[INFO GRT-0302] Inserted 76 jumpers for 69 nets.
[INFO GRT-0012] Found 8 antenna violations.
[INFO DPL-0006] Core area: 889207.82 um^2
[INFO DPL-0007] Movable instances area: 325211.90 um^2
[INFO DPL-0008] Fixed instances area within core: 15011.90 um^2
[INFO DPL-0009] Utilization: 38.3%
[INFO DPL-0005] Diamond search max displacement: +/- 500 sites horizontally, +/- 100 rows vertically.
[INFO DPL-1102] Legalizing using negotiation legalizer.
[INFO DPL-1103] Negotiation base search window: +/-20 sites horizontally, +/-5 rows vertically 
	Automatic search window extension enabled.
	Search window extendable up to the max displacement cap of +/-500 sites, +/-100 rows near walls.
[INFO DPL-1104] NegotiationLegalizer DRC penalty: 5.
[INFO DPL-0392] Negotiation cell height distribution (1 unique row-count(s)):
[INFO DPL-0393]   height 1 row(s): 39577 cells
          |      Total |  Illegal |  Illegal
Iteration | Violations |    Cells |    Sites
---------------------------------------------
        0 |          0 |         0 |         0
Negotiation phase 1 converged at iteration 0.
[INFO DPL-0500] Runtime: 0.21s
[INFO GRT-0015] Inserted 29 diodes.
[INFO GRT-0012] Found 1 antenna violations.
[INFO GRT-0302] Inserted 0 jumpers for 0 nets.
[INFO GRT-0012] Found 1 antenna violations.
[INFO DPL-0006] Core area: 889207.82 um^2
[INFO DPL-0007] Movable instances area: 325399.58 um^2
[INFO DPL-0008] Fixed instances area within core: 14849.24 um^2
[INFO DPL-0009] Utilization: 38.3%
[INFO DPL-0005] Diamond search max displacement: +/- 500 sites horizontally, +/- 100 rows vertically.
[INFO DPL-1102] Legalizing using negotiation legalizer.
[INFO DPL-1103] Negotiation base search window: +/-20 sites horizontally, +/-5 rows vertically 
	Automatic search window extension enabled.
	Search window extendable up to the max displacement cap of +/-500 sites, +/-100 rows near walls.
[INFO DPL-1104] NegotiationLegalizer DRC penalty: 5.
[INFO DPL-0392] Negotiation cell height distribution (1 unique row-count(s)):
[INFO DPL-0393]   height 1 row(s): 39587 cells
          |      Total |  Illegal |  Illegal
Iteration | Violations |    Cells |    Sites
---------------------------------------------
        0 |          4 |         2 |         2
        1 |          0 |         0 |         0
Negotiation phase 1 converged at iteration 1.
[INFO DPL-0500] Runtime: 0.24s
[INFO GRT-0015] Inserted 10 diodes.
[INFO GRT-0012] Found 0 antenna violations.
[INFO ANT-0002] Found 0 net violations.
[INFO ANT-0001] Found 0 pin violations.
Estimate parasitics...
estimate_parasitics -global_routing
Report metrics stage 5, global route...

==========================================================================
global route report_design_area
--------------------------------------------------------------------------
Design area 340249 um^2 38% utilization.
[INFO FLW-0007] clock clk period 20.000000
[INFO FLW-0008] Clock clk period 7.074
[INFO FLW-0009] Clock clk slack 12.553
write_sdc -no_timestamp ./results/sky130hd/similarity_asic_transfer_blocal/base/updated_clks.sdc
[INFO FLW-0011] Path endpoint path count 2740
write_db ./results/sky130hd/similarity_asic_transfer_blocal/base/5_1_grt.odb
write_sdc -no_timestamp ./results/sky130hd/similarity_asic_transfer_blocal/base/5_1_grt.sdc
Elapsed time: 3:31.30[h:]min:sec. CPU time: user 773.55 sys 0.93 (366%). Peak memory: 858396KB.
Log                       Ext     Elapsed/s Peak Memory/MB sha1sum result [0:20)
5_1_grt                   .odb          211            838 9fbc713846223f9fa3fb
5_1_grt                   .sdc                             64ff760e9112f1865db9
/OpenROAD-flow-scripts/flow/scripts/flow.sh 5_2_route detail_route
Running detail_route.tcl, stage 5_2_route
read_liberty /OpenROAD-flow-scripts/flow/platforms/sky130hd/lib/sky130_fd_sc_hd__tt_025C_1v80.lib
read_db ./results/sky130hd/similarity_asic_transfer_blocal/base/5_1_grt.odb
read_sdc ./results/sky130hd/similarity_asic_transfer_blocal/base/5_1_grt.sdc
source /OpenROAD-flow-scripts/flow/platforms/sky130hd/setRC.tcl
detailed_route -output_drc ./reports/sky130hd/similarity_asic_transfer_blocal/base/5_route_drc.rpt -output_maze ./results/sky130hd/similarity_asic_transfer_blocal/base/maze.log -droute_end_iter 64 -verbose 1 -drc_report_iter_step 5
[INFO DRT-0149] Reading tech and libs.
[WARNING DRT-0349] LEF58_ENCLOSURE with no CUTCLASS is not supported. Skipping for layer mcon
[WARNING DRT-0349] LEF58_ENCLOSURE with no CUTCLASS is not supported. Skipping for layer mcon
[WARNING DRT-0349] LEF58_ENCLOSURE with no CUTCLASS is not supported. Skipping for layer via
[WARNING DRT-0349] LEF58_ENCLOSURE with no CUTCLASS is not supported. Skipping for layer via
[WARNING DRT-0349] LEF58_ENCLOSURE with no CUTCLASS is not supported. Skipping for layer via2
[WARNING DRT-0349] LEF58_ENCLOSURE with no CUTCLASS is not supported. Skipping for layer via2
[WARNING DRT-0349] LEF58_ENCLOSURE with no CUTCLASS is not supported. Skipping for layer via3
[WARNING DRT-0349] LEF58_ENCLOSURE with no CUTCLASS is not supported. Skipping for layer via3
[WARNING DRT-0349] LEF58_ENCLOSURE with no CUTCLASS is not supported. Skipping for layer via4
[WARNING DRT-0349] LEF58_ENCLOSURE with no CUTCLASS is not supported. Skipping for layer via4

Units:                1000
Number of layers:     13
Number of macros:     441
Number of vias:       29
Number of viarulegen: 25

[INFO DRT-0150] Reading design.

Design:                   similarity_asic_transfer_blocal
Die area:                 ( 0 0 ) ( 947250 947250 )
Number of track patterns: 12
Number of DEF vias:       0
Number of components:     39587
Number of terminals:      36
Number of snets:          2
Number of nets:           37004

[INFO DRT-0167] List of default vias:
  Layer via
    default via: M1M2_PR
  Layer via2
    default via: M2M3_PR
  Layer via3
    default via: M3M4_PR
  Layer via4
    default via: M4M5_PR
[INFO DRT-0162] Library cell analysis.
[INFO DRT-0163] Instance analysis.
[INFO DRT-0164] Number of unique instances = 214.
[INFO DRT-0168] Init region query.
[INFO DRT-0024]   Complete FR_MASTERSLICE.
[INFO DRT-0024]   Complete Fr_VIA.
[INFO DRT-0024]   Complete li1.
[INFO DRT-0024]   Complete mcon.
[INFO DRT-0024]   Complete met1.
[INFO DRT-0024]   Complete via.
[INFO DRT-0024]   Complete met2.
[INFO DRT-0024]   Complete via2.
[INFO DRT-0024]   Complete met3.
[INFO DRT-0024]   Complete via3.
[INFO DRT-0024]   Complete met4.
[INFO DRT-0024]   Complete via4.
[INFO DRT-0024]   Complete met5.
[INFO DRT-0033] FR_MASTERSLICE shape region query size = 0.
[INFO DRT-0033] FR_VIA shape region query size = 0.
[INFO DRT-0033] li1 shape region query size = 1073402.
[INFO DRT-0033] mcon shape region query size = 614832.
[INFO DRT-0033] met1 shape region query size = 230382.
[INFO DRT-0033] via shape region query size = 59860.
[INFO DRT-0033] met2 shape region query size = 35948.
[INFO DRT-0033] via2 shape region query size = 47888.
[INFO DRT-0033] met3 shape region query size = 35918.
[INFO DRT-0033] via3 shape region query size = 47888.
[INFO DRT-0033] met4 shape region query size = 14422.
[INFO DRT-0033] via4 shape region query size = 2381.
[INFO DRT-0033] met5 shape region query size = 2519.
[INFO DRT-0165] Start pin access.
[INFO DRT-0076]   Complete 1000 pins.
[INFO DRT-0078]   Complete 1763 pins.
[INFO DRT-0079]   Complete 100 unique inst patterns.
[INFO DRT-0079]   Complete 200 unique inst patterns.
[INFO DRT-0081]   Complete 214 unique inst patterns.
[INFO DRT-0082]   Complete 10000 groups.
[INFO DRT-0084]   Complete 19477 groups.
#scanned instances     = 39587
#unique  instances     = 214
#stdCellGenAp          = 7544
#stdCellValidPlanarAp  = 90
#stdCellValidViaAp     = 5256
#stdCellPinNoAp        = 10
#stdCellPinCnt         = 104296
#instTermValidViaApCnt = 0
#macroGenAp            = 0
#macroValidPlanarAp    = 0
#macroValidViaAp       = 0
#macroNoAp             = 0
[INFO DRT-0166] Complete pin access.
[INFO DRT-0267] cpu time = 00:10:15, elapsed time = 00:02:36, memory = 556.89 (MB), peak = 572.08 (MB)
[INFO DRT-0156] guideIn read 100000 guides.
[INFO DRT-0156] guideIn read 200000 guides.

[INFO DRT-0157] Number of guides:     231836

[INFO DRT-0169] Post process guides.
[INFO DRT-0176] GCELLGRID X 0 DO 137 STEP 6900 ;
[INFO DRT-0177] GCELLGRID Y 0 DO 137 STEP 6900 ;
[INFO DRT-0026]   Complete 100000 origin guides.
[INFO DRT-0026]   Complete 200000 origin guides.
[INFO DRT-0028]   Complete FR_MASTERSLICE.
[INFO DRT-0028]   Complete Fr_VIA.
[INFO DRT-0028]   Complete li1.
[INFO DRT-0028]   Complete mcon.
[INFO DRT-0028]   Complete met1.
[INFO DRT-0028]   Complete via.
[INFO DRT-0028]   Complete met2.
[INFO DRT-0028]   Complete via2.
[INFO DRT-0028]   Complete met3.
[INFO DRT-0028]   Complete via3.
[INFO DRT-0028]   Complete met4.
[INFO DRT-0028]   Complete via4.
[INFO DRT-0028]   Complete met5.
[INFO DRT-0178] Init guide query.
[INFO DRT-0035]   Complete FR_MASTERSLICE (guide).
[INFO DRT-0035]   Complete Fr_VIA (guide).
[INFO DRT-0035]   Complete li1 (guide).
[INFO DRT-0035]   Complete mcon (guide).
[INFO DRT-0035]   Complete met1 (guide).
[INFO DRT-0035]   Complete via (guide).
[INFO DRT-0035]   Complete met2 (guide).
[INFO DRT-0035]   Complete via2 (guide).
[INFO DRT-0035]   Complete met3 (guide).
[INFO DRT-0035]   Complete via3 (guide).
[INFO DRT-0035]   Complete met4 (guide).
[INFO DRT-0035]   Complete via4 (guide).
[INFO DRT-0035]   Complete met5 (guide).
[INFO DRT-0036] FR_MASTERSLICE guide region query size = 0.
[INFO DRT-0036] FR_VIA guide region query size = 0.
[INFO DRT-0036] li1 guide region query size = 76762.
[INFO DRT-0036] mcon guide region query size = 0.
[INFO DRT-0036] met1 guide region query size = 69860.
[INFO DRT-0036] via guide region query size = 0.
[INFO DRT-0036] met2 guide region query size = 33234.
[INFO DRT-0036] via2 guide region query size = 0.
[INFO DRT-0036] met3 guide region query size = 1066.
[INFO DRT-0036] via3 guide region query size = 0.
[INFO DRT-0036] met4 guide region query size = 536.
[INFO DRT-0036] via4 guide region query size = 0.
[INFO DRT-0036] met5 guide region query size = 18.
[INFO DRT-0179] Init gr pin query.
[INFO DRT-0267] cpu time = 00:00:00, elapsed time = 00:00:00, memory = 625.13 (MB), peak = 624.95 (MB)
[INFO DRT-0245] skipped writing guide updates to database.
[INFO DRT-0181] Start track assignment.
[INFO DRT-0184] Done with 110532 vertical wires in 3 frboxes and 70944 horizontal wires in 3 frboxes.
[INFO DRT-0186] Done with 10437 vertical wires in 3 frboxes and 18956 horizontal wires in 3 frboxes.
[INFO DRT-0182] Complete track assignment.
[INFO DRT-0267] cpu time = 00:00:13, elapsed time = 00:00:05, memory = 934.61 (MB), peak = 934.45 (MB)
[INFO DRT-0187] Start routing data preparation.
[INFO DRT-0267] cpu time = 00:00:00, elapsed time = 00:00:00, memory = 934.67 (MB), peak = 934.45 (MB)
[INFO DRT-0194] Start detail routing.
[INFO DRT-0195] Start 0th optimization iteration.
    Completing 10% with 0 violations.
    elapsed time = 00:00:11, memory = 1197.85 (MB).
    Completing 20% with 0 violations.
    elapsed time = 00:00:25, memory = 1577.66 (MB).
    Completing 30% with 2392 violations.
    elapsed time = 00:00:40, memory = 1610.34 (MB).
    Completing 40% with 2392 violations.
    elapsed time = 00:00:55, memory = 1566.41 (MB).
    Completing 50% with 2392 violations.
    elapsed time = 00:01:11, memory = 1859.23 (MB).
    Completing 60% with 4774 violations.
    elapsed time = 00:01:28, memory = 1815.25 (MB).
    Completing 70% with 4774 violations.
    elapsed time = 00:01:40, memory = 1805.30 (MB).
    Completing 80% with 7343 violations.
    elapsed time = 00:02:02, memory = 1809.32 (MB).
    Completing 90% with 7343 violations.
    elapsed time = 00:02:16, memory = 1779.34 (MB).
    Completing 100% with 9943 violations.
    elapsed time = 00:02:36, memory = 1867.40 (MB).
[INFO DRT-0199]   Number of violations = 11577.
Viol/Layer         li1   mcon   met1    via   met2   met3   met4   met5
Cut Spacing          0     24      0      0      0      0      0      0
Metal Spacing        0      0   1878      0    427      5      4      0
Min Hole             0      0     31      0      0      0      0      0
Recheck             24      0   1115      0    482      8      5      0
Short                0      4   6840      1    727      0      1      1
[INFO DRT-0267] cpu time = 00:10:08, elapsed time = 00:02:37, memory = 1821.46 (MB), peak = 1977.40 (MB)
Total wire length = 932143 um.
Total wire length on LAYER li1 = 0 um.
Total wire length on LAYER met1 = 452213 um.
Total wire length on LAYER met2 = 420281 um.
Total wire length on LAYER met3 = 28937 um.
Total wire length on LAYER met4 = 30576 um.
Total wire length on LAYER met5 = 133 um.
Total number of vias = 200063.
Up-via summary (total 200063):

-------------------------
 FR_MASTERSLICE         0
            li1     92439
           met1    105120
           met2      1631
           met3       851
           met4        22
-------------------------
               200063


[INFO DRT-0195] Start 1st optimization iteration.
    Completing 10% with 11577 violations.
    elapsed time = 00:00:11, memory = 1881.46 (MB).
    Completing 20% with 11577 violations.
    elapsed time = 00:00:26, memory = 1875.47 (MB).
    Completing 30% with 9893 violations.
    elapsed time = 00:00:39, memory = 1917.48 (MB).
    Completing 40% with 9893 violations.
    elapsed time = 00:00:55, memory = 1895.48 (MB).
    Completing 50% with 9893 violations.
    elapsed time = 00:01:09, memory = 1911.48 (MB).
    Completing 60% with 8460 violations.
    elapsed time = 00:01:24, memory = 1937.48 (MB).
    Completing 70% with 8460 violations.
    elapsed time = 00:01:38, memory = 1941.48 (MB).
    Completing 80% with 6592 violations.
    elapsed time = 00:01:53, memory = 1935.49 (MB).
    Completing 90% with 6592 violations.
    elapsed time = 00:02:08, memory = 1947.49 (MB).
    Completing 100% with 5025 violations.
    elapsed time = 00:02:24, memory = 1877.50 (MB).
[INFO DRT-0199]   Number of violations = 5025.
Viol/Layer        mcon   met1   met2
Cut Spacing         13      0      0
Metal Spacing        0    771    120
Short                0   3908    213
[INFO DRT-0267] cpu time = 00:09:20, elapsed time = 00:02:25, memory = 1863.50 (MB), peak = 1999.42 (MB)
Total wire length = 923330 um.
Total wire length on LAYER li1 = 0 um.
Total wire length on LAYER met1 = 447836 um.
Total wire length on LAYER met2 = 415946 um.
Total wire length on LAYER met3 = 29180 um.
Total wire length on LAYER met4 = 30229 um.
Total wire length on LAYER met5 = 137 um.
Total number of vias = 197557.
Up-via summary (total 197557):

-------------------------
 FR_MASTERSLICE         0
            li1     92404
           met1    102697
           met2      1638
           met3       798
           met4        20
-------------------------
               197557


[INFO DRT-0195] Start 2nd optimization iteration.
    Completing 10% with 5025 violations.
    elapsed time = 00:00:10, memory = 1937.50 (MB).
    Completing 20% with 5025 violations.
    elapsed time = 00:00:25, memory = 1933.50 (MB).
    Completing 30% with 4918 violations.
    elapsed time = 00:00:32, memory = 1879.50 (MB).
    Completing 40% with 4918 violations.
    elapsed time = 00:00:48, memory = 1923.50 (MB).
    Completing 50% with 4918 violations.
    elapsed time = 00:01:00, memory = 1927.50 (MB).
    Completing 60% with 4761 violations.
    elapsed time = 00:01:14, memory = 1903.51 (MB).
    Completing 70% with 4761 violations.
    elapsed time = 00:01:26, memory = 1905.51 (MB).
    Completing 80% with 4599 violations.
    elapsed time = 00:01:41, memory = 1959.51 (MB).
    Completing 90% with 4599 violations.
    elapsed time = 00:01:56, memory = 1949.51 (MB).
    Completing 100% with 4175 violations.
    elapsed time = 00:02:13, memory = 1863.51 (MB).
[INFO DRT-0199]   Number of violations = 4175.
Viol/Layer        mcon   met1    via   met2   met4
Cut Spacing         12      0      1      0      0
Metal Spacing        0    662      0    115      1
Min Hole             0      1      0      0      0
Short                0   3253      0    130      0
[INFO DRT-0267] cpu time = 00:08:37, elapsed time = 00:02:13, memory = 1881.51 (MB), peak = 2009.45 (MB)
Total wire length = 922147 um.
Total wire length on LAYER li1 = 0 um.
Total wire length on LAYER met1 = 447566 um.
Total wire length on LAYER met2 = 415122 um.
Total wire length on LAYER met3 = 29075 um.
Total wire length on LAYER met4 = 30238 um.
Total wire length on LAYER met5 = 144 um.
Total number of vias = 197231.
Up-via summary (total 197231):

-------------------------
 FR_MASTERSLICE         0
            li1     92400
           met1    102399
           met2      1623
           met3       789
           met4        20
-------------------------
               197231


[INFO DRT-0195] Start 3rd optimization iteration.
    Completing 10% with 4175 violations.
    elapsed time = 00:00:07, memory = 1939.51 (MB).
    Completing 20% with 4175 violations.
    elapsed time = 00:00:17, memory = 1955.51 (MB).
    Completing 30% with 3245 violations.
    elapsed time = 00:00:26, memory = 1979.51 (MB).
    Completing 40% with 3245 violations.
    elapsed time = 00:00:35, memory = 1933.51 (MB).
    Completing 50% with 3245 violations.
    elapsed time = 00:00:45, memory = 1865.51 (MB).
    Completing 60% with 2276 violations.
    elapsed time = 00:00:53, memory = 1949.51 (MB).
    Completing 70% with 2276 violations.
    elapsed time = 00:01:04, memory = 1945.51 (MB).
    Completing 80% with 1270 violations.
    elapsed time = 00:01:14, memory = 1971.51 (MB).
    Completing 90% with 1270 violations.
    elapsed time = 00:01:24, memory = 1939.51 (MB).
    Completing 100% with 350 violations.
    elapsed time = 00:01:35, memory = 1869.51 (MB).
[INFO DRT-0199]   Number of violations = 350.
Viol/Layer        met1    via   met2   met3
Cut Spacing          0      1      0      0
Metal Spacing       82      0     21      1
Min Hole             1      0      0      0
NS Metal             0      0      1      0
Short              233      0     10      0
[INFO DRT-0267] cpu time = 00:06:05, elapsed time = 00:01:36, memory = 1873.51 (MB), peak = 2009.45 (MB)
Total wire length = 921229 um.
Total wire length on LAYER li1 = 0 um.
Total wire length on LAYER met1 = 432417 um.
Total wire length on LAYER met2 = 415597 um.
Total wire length on LAYER met3 = 42656 um.
Total wire length on LAYER met4 = 30413 um.
Total wire length on LAYER met5 = 144 um.
Total number of vias = 200042.
Up-via summary (total 200042):

-------------------------
 FR_MASTERSLICE         0
            li1     92409
           met1    103485
           met2      3320
           met3       808
           met4        20
-------------------------
               200042


[INFO DRT-0195] Start 4th optimization iteration.
    Completing 10% with 350 violations.
    elapsed time = 00:00:01, memory = 1949.51 (MB).
    Completing 20% with 350 violations.
    elapsed time = 00:00:02, memory = 2003.51 (MB).
    Completing 30% with 277 violations.
    elapsed time = 00:00:06, memory = 1913.57 (MB).
    Completing 40% with 277 violations.
    elapsed time = 00:00:07, memory = 1963.57 (MB).
    Completing 50% with 277 violations.
    elapsed time = 00:00:08, memory = 1899.57 (MB).
    Completing 60% with 197 violations.
    elapsed time = 00:00:09, memory = 1923.57 (MB).
    Completing 70% with 197 violations.
    elapsed time = 00:00:10, memory = 1947.57 (MB).
    Completing 80% with 134 violations.
    elapsed time = 00:00:11, memory = 1929.57 (MB).
    Completing 90% with 134 violations.
    elapsed time = 00:00:12, memory = 1953.57 (MB).
    Completing 100% with 6 violations.
    elapsed time = 00:00:13, memory = 1911.57 (MB).
[INFO DRT-0199]   Number of violations = 6.
Viol/Layer        met1   met2
Metal Spacing        2      1
Short                3      0
[INFO DRT-0267] cpu time = 00:00:41, elapsed time = 00:00:13, memory = 1911.57 (MB), peak = 2009.45 (MB)
Total wire length = 921160 um.
Total wire length on LAYER li1 = 0 um.
Total wire length on LAYER met1 = 431630 um.
Total wire length on LAYER met2 = 415617 um.
Total wire length on LAYER met3 = 43360 um.
Total wire length on LAYER met4 = 30408 um.
Total wire length on LAYER met5 = 144 um.
Total number of vias = 200094.
Up-via summary (total 200094):

-------------------------
 FR_MASTERSLICE         0
            li1     92403
           met1    103487
           met2      3380
           met3       804
           met4        20
-------------------------
               200094


[INFO DRT-0195] Start 5th guides tiles iteration.
    Completing 30% with 6 violations.
    elapsed time = 00:00:00, memory = 1911.57 (MB).
    Completing 60% with 6 violations.
    elapsed time = 00:00:00, memory = 1911.57 (MB).
    Completing 100% with 1 violations.
    elapsed time = 00:00:00, memory = 1911.57 (MB).
[INFO DRT-0199]   Number of violations = 1.
Viol/Layer        met1
Metal Spacing        1
[INFO DRT-0267] cpu time = 00:00:00, elapsed time = 00:00:00, memory = 1909.70 (MB), peak = 2009.45 (MB)
Total wire length = 921164 um.
Total wire length on LAYER li1 = 0 um.
Total wire length on LAYER met1 = 431616 um.
Total wire length on LAYER met2 = 415619 um.
Total wire length on LAYER met3 = 43376 um.
Total wire length on LAYER met4 = 30408 um.
Total wire length on LAYER met5 = 144 um.
Total number of vias = 200101.
Up-via summary (total 200101):

-------------------------
 FR_MASTERSLICE         0
            li1     92403
           met1    103488
           met2      3386
           met3       804
           met4        20
-------------------------
               200101


[INFO DRT-0195] Start 6th guides tiles iteration.
    Completing 100% with 0 violations.
    elapsed time = 00:00:00, memory = 1909.70 (MB).
[INFO DRT-0199]   Number of violations = 0.
[INFO DRT-0267] cpu time = 00:00:00, elapsed time = 00:00:00, memory = 1909.70 (MB), peak = 2009.45 (MB)
Total wire length = 921160 um.
Total wire length on LAYER li1 = 0 um.
Total wire length on LAYER met1 = 431619 um.
Total wire length on LAYER met2 = 415617 um.
Total wire length on LAYER met3 = 43371 um.
Total wire length on LAYER met4 = 30408 um.
Total wire length on LAYER met5 = 144 um.
Total number of vias = 200098.
Up-via summary (total 200098):

-------------------------
 FR_MASTERSLICE         0
            li1     92403
           met1    103487
           met2      3384
           met3       804
           met4        20
-------------------------
               200098


[INFO DRT-0198] Complete detail routing.
Total wire length = 921160 um.
Total wire length on LAYER li1 = 0 um.
Total wire length on LAYER met1 = 431619 um.
Total wire length on LAYER met2 = 415617 um.
Total wire length on LAYER met3 = 43371 um.
Total wire length on LAYER met4 = 30408 um.
Total wire length on LAYER met5 = 144 um.
Total number of vias = 200098.
Up-via summary (total 200098):

-------------------------
 FR_MASTERSLICE         0
            li1     92403
           met1    103487
           met2      3384
           met3       804
           met4        20
-------------------------
               200098


[INFO DRT-0267] cpu time = 00:34:55, elapsed time = 00:09:07, memory = 1909.70 (MB), peak = 2009.45 (MB)

[INFO DRT-0180] Post processing.
[INFO DRT-0501] Runtime: 710.75s
Took 710 seconds: detailed_route -output_drc ./reports/sky130hd/similarity_asic_transfer_blocal/base/5_route_drc.rpt -output_maze ./results/sky130hd/similarity_asic_transfer_blocal/base/maze.log -droute_end_iter 64 -verbose 1 -drc_report_iter_step 5
[INFO GRT-0012] Found 32 antenna violations.
[INFO DPL-0006] Core area: 889207.82 um^2
[INFO DPL-0007] Movable instances area: 7.51 um^2
[INFO DPL-0008] Fixed instances area within core: 340371.44 um^2
[INFO DPL-0009] Utilization: 38.3%
[INFO DPL-0005] Diamond search max displacement: +/- 500 sites horizontally, +/- 100 rows vertically.
[INFO DPL-1102] Legalizing using negotiation legalizer.
[INFO DPL-1103] Negotiation base search window: +/-20 sites horizontally, +/-5 rows vertically 
	Automatic search window extension enabled.
	Search window extendable up to the max displacement cap of +/-500 sites, +/-100 rows near walls.
[INFO DPL-1104] NegotiationLegalizer DRC penalty: 5.
[INFO DPL-0392] Negotiation cell height distribution (1 unique row-count(s)):
[INFO DPL-0393]   height 1 row(s): 39639 cells
          |      Total |  Illegal |  Illegal
Iteration | Violations |    Cells |    Sites
---------------------------------------------
        0 |          6 |         2 |         4
        1 |          0 |         0 |         0
Negotiation phase 1 converged at iteration 1.
[INFO DPL-0500] Runtime: 0.20s
[INFO GRT-0015] Inserted 52 diodes.
[INFO DRT-0024]   Complete FR_MASTERSLICE.
[INFO DRT-0024]   Complete Fr_VIA.
[INFO DRT-0024]   Complete li1.
[INFO DRT-0024]   Complete mcon.
[INFO DRT-0024]   Complete met1.
[INFO DRT-0024]   Complete via.
[INFO DRT-0024]   Complete met2.
[INFO DRT-0024]   Complete via2.
[INFO DRT-0024]   Complete met3.
[INFO DRT-0024]   Complete via3.
[INFO DRT-0024]   Complete met4.
[INFO DRT-0024]   Complete via4.
[INFO DRT-0024]   Complete met5.
[INFO DRT-0165] Start pin access.
[INFO DRT-0076]   Complete 1000 pins.
[INFO DRT-0078]   Complete 1763 pins.
[INFO DRT-0079]   Complete 100 unique inst patterns.
[INFO DRT-0079]   Complete 200 unique inst patterns.
[INFO DRT-0081]   Complete 214 unique inst patterns.
[INFO DRT-0082]   Complete 10000 groups.
[INFO DRT-0084]   Complete 19490 groups.
#scanned instances     = 39639
#unique  instances     = 214
#stdCellGenAp          = 7544
#stdCellValidPlanarAp  = 90
#stdCellValidViaAp     = 5256
#stdCellPinNoAp        = 10
#stdCellPinCnt         = 104296
#instTermValidViaApCnt = 0
#macroGenAp            = 0
#macroValidPlanarAp    = 0
#macroValidViaAp       = 0
#macroNoAp             = 0
[INFO DRT-0166] Complete pin access.
[INFO DRT-0267] cpu time = 00:10:20, elapsed time = 00:02:37, memory = 1813.39 (MB), peak = 2009.45 (MB)
[INFO DRT-0156] guideIn read 100000 guides.
[INFO DRT-0156] guideIn read 200000 guides.

[INFO DRT-0157] Number of guides:     231714

[INFO DRT-0169] Post process guides.
[INFO DRT-0176] GCELLGRID X 0 DO 137 STEP 6900 ;
[INFO DRT-0177] GCELLGRID Y 0 DO 137 STEP 6900 ;
[INFO DRT-0026]   Complete 100000 origin guides.
[INFO DRT-0026]   Complete 200000 origin guides.
[INFO DRT-0028]   Complete FR_MASTERSLICE.
[INFO DRT-0028]   Complete Fr_VIA.
[INFO DRT-0028]   Complete li1.
[INFO DRT-0028]   Complete mcon.
[INFO DRT-0028]   Complete met1.
[INFO DRT-0028]   Complete via.
[INFO DRT-0028]   Complete met2.
[INFO DRT-0028]   Complete via2.
[INFO DRT-0028]   Complete met3.
[INFO DRT-0028]   Complete via3.
[INFO DRT-0028]   Complete met4.
[INFO DRT-0028]   Complete via4.
[INFO DRT-0028]   Complete met5.
[INFO DRT-0178] Init guide query.
[INFO DRT-0035]   Complete FR_MASTERSLICE (guide).
[INFO DRT-0035]   Complete Fr_VIA (guide).
[INFO DRT-0035]   Complete li1 (guide).
[INFO DRT-0035]   Complete mcon (guide).
[INFO DRT-0035]   Complete met1 (guide).
[INFO DRT-0035]   Complete via (guide).
[INFO DRT-0035]   Complete met2 (guide).
[INFO DRT-0035]   Complete via2 (guide).
[INFO DRT-0035]   Complete met3 (guide).
[INFO DRT-0035]   Complete via3 (guide).
[INFO DRT-0035]   Complete met4 (guide).
[INFO DRT-0035]   Complete via4 (guide).
[INFO DRT-0035]   Complete met5 (guide).
[INFO DRT-0036] FR_MASTERSLICE guide region query size = 0.
[INFO DRT-0036] FR_VIA guide region query size = 0.
[INFO DRT-0036] li1 guide region query size = 76784.
[INFO DRT-0036] mcon guide region query size = 0.
[INFO DRT-0036] met1 guide region query size = 69849.
[INFO DRT-0036] via guide region query size = 0.
[INFO DRT-0036] met2 guide region query size = 33205.
[INFO DRT-0036] via2 guide region query size = 0.
[INFO DRT-0036] met3 guide region query size = 1041.
[INFO DRT-0036] via3 guide region query size = 0.
[INFO DRT-0036] met4 guide region query size = 516.
[INFO DRT-0036] via4 guide region query size = 0.
[INFO DRT-0036] met5 guide region query size = 10.
[INFO DRT-0179] Init gr pin query.
[INFO DRT-0267] cpu time = 00:00:00, elapsed time = 00:00:00, memory = 1779.41 (MB), peak = 2009.45 (MB)
[INFO DRT-0245] skipped writing guide updates to database.
[INFO DRT-0181] Start track assignment.
[INFO DRT-0184] Done with 110505 vertical wires in 3 frboxes and 70900 horizontal wires in 3 frboxes.
[INFO DRT-0186] Done with 10441 vertical wires in 3 frboxes and 18988 horizontal wires in 3 frboxes.
[INFO DRT-0182] Complete track assignment.
[INFO DRT-0267] cpu time = 00:00:12, elapsed time = 00:00:05, memory = 1981.41 (MB), peak = 2009.45 (MB)
[INFO DRT-0187] Start routing data preparation.
[INFO DRT-0267] cpu time = 00:00:00, elapsed time = 00:00:00, memory = 1981.41 (MB), peak = 2009.45 (MB)
[INFO DRT-0194] Start detail routing.
[INFO DRT-0195] Start 0th optimization iteration.
    Completing 10% with 0 violations.
    elapsed time = 00:00:04, memory = 1939.43 (MB).
    Completing 20% with 0 violations.
    elapsed time = 00:00:08, memory = 1923.91 (MB).
    Completing 30% with 292 violations.
    elapsed time = 00:00:13, memory = 2076.62 (MB).
    Completing 40% with 292 violations.
    elapsed time = 00:00:18, memory = 2038.62 (MB).
    Completing 50% with 292 violations.
    elapsed time = 00:00:22, memory = 2056.68 (MB).
    Completing 60% with 476 violations.
    elapsed time = 00:00:28, memory = 2166.68 (MB).
    Completing 70% with 476 violations.
    elapsed time = 00:00:32, memory = 2164.68 (MB).
    Completing 80% with 801 violations.
    elapsed time = 00:00:38, memory = 2134.68 (MB).
    Completing 90% with 801 violations.
    elapsed time = 00:00:42, memory = 2134.68 (MB).
    Completing 100% with 1007 violations.
    elapsed time = 00:00:48, memory = 2134.68 (MB).
[INFO DRT-0199]   Number of violations = 1165.
Viol/Layer        mcon   met1   met2
Metal Spacing        0     71     41
Min Hole             0      2      0
Recheck              0     97     61
Short                1    686    206
[INFO DRT-0267] cpu time = 00:03:04, elapsed time = 00:00:48, memory = 2134.68 (MB), peak = 2182.52 (MB)
Total wire length = 921476 um.
Total wire length on LAYER li1 = 0 um.
Total wire length on LAYER met1 = 434743 um.
Total wire length on LAYER met2 = 415465 um.
Total wire length on LAYER met3 = 40956 um.
Total wire length on LAYER met4 = 30191 um.
Total wire length on LAYER met5 = 119 um.
Total number of vias = 200153.
Up-via summary (total 200153):

-------------------------
 FR_MASTERSLICE         0
            li1     92465
           met1    103571
           met2      3305
           met3       794
           met4        18
-------------------------
               200153


[INFO DRT-0195] Start 1st optimization iteration.
    Completing 10% with 1165 violations.
    elapsed time = 00:00:04, memory = 2134.68 (MB).
    Completing 20% with 1165 violations.
    elapsed time = 00:00:08, memory = 2134.68 (MB).
    Completing 30% with 1003 violations.
    elapsed time = 00:00:13, memory = 2116.70 (MB).
    Completing 40% with 1003 violations.
    elapsed time = 00:00:18, memory = 2116.70 (MB).
    Completing 50% with 1003 violations.
    elapsed time = 00:00:22, memory = 2116.70 (MB).
    Completing 60% with 824 violations.
    elapsed time = 00:00:27, memory = 2116.70 (MB).
    Completing 70% with 824 violations.
    elapsed time = 00:00:31, memory = 2116.70 (MB).
    Completing 80% with 646 violations.
    elapsed time = 00:00:37, memory = 2112.70 (MB).
    Completing 90% with 646 violations.
    elapsed time = 00:00:41, memory = 2112.70 (MB).
    Completing 100% with 470 violations.
    elapsed time = 00:00:46, memory = 2116.70 (MB).
[INFO DRT-0199]   Number of violations = 470.
Viol/Layer        met1   met2
Metal Spacing       25      8
Short              391     46
[INFO DRT-0267] cpu time = 00:02:57, elapsed time = 00:00:46, memory = 2116.70 (MB), peak = 2182.52 (MB)
Total wire length = 921332 um.
Total wire length on LAYER li1 = 0 um.
Total wire length on LAYER met1 = 434631 um.
Total wire length on LAYER met2 = 415387 um.
Total wire length on LAYER met3 = 40998 um.
Total wire length on LAYER met4 = 30190 um.
Total wire length on LAYER met5 = 125 um.
Total number of vias = 200169.
Up-via summary (total 200169):

-------------------------
 FR_MASTERSLICE         0
            li1     92467
           met1    103581
           met2      3309
           met3       794
           met4        18
-------------------------
               200169


[INFO DRT-0195] Start 2nd optimization iteration.
    Completing 10% with 470 violations.
    elapsed time = 00:00:00, memory = 2130.70 (MB).
    Completing 20% with 470 violations.
    elapsed time = 00:00:03, memory = 2130.70 (MB).
    Completing 30% with 448 violations.
    elapsed time = 00:00:04, memory = 2120.70 (MB).
    Completing 40% with 448 violations.
    elapsed time = 00:00:05, memory = 2120.70 (MB).
    Completing 50% with 448 violations.
    elapsed time = 00:00:07, memory = 2118.70 (MB).
    Completing 60% with 397 violations.
    elapsed time = 00:00:08, memory = 2116.70 (MB).
    Completing 70% with 397 violations.
    elapsed time = 00:00:09, memory = 2116.70 (MB).
    Completing 80% with 389 violations.
    elapsed time = 00:00:11, memory = 2114.70 (MB).
    Completing 90% with 389 violations.
    elapsed time = 00:00:12, memory = 2114.70 (MB).
    Completing 100% with 364 violations.
    elapsed time = 00:00:14, memory = 2114.70 (MB).
[INFO DRT-0199]   Number of violations = 364.
Viol/Layer        met1   met2
Metal Spacing       23      4
Short              309     28
[INFO DRT-0267] cpu time = 00:00:52, elapsed time = 00:00:14, memory = 2114.70 (MB), peak = 2182.52 (MB)
Total wire length = 921260 um.
Total wire length on LAYER li1 = 0 um.
Total wire length on LAYER met1 = 434617 um.
Total wire length on LAYER met2 = 415336 um.
Total wire length on LAYER met3 = 40990 um.
Total wire length on LAYER met4 = 30190 um.
Total wire length on LAYER met5 = 126 um.
Total number of vias = 200167.
Up-via summary (total 200167):

-------------------------
 FR_MASTERSLICE         0
            li1     92465
           met1    103579
           met2      3311
           met3       794
           met4        18
-------------------------
               200167


[INFO DRT-0195] Start 3rd optimization iteration.
    Completing 10% with 364 violations.
    elapsed time = 00:00:00, memory = 2116.70 (MB).
    Completing 20% with 364 violations.
    elapsed time = 00:00:02, memory = 2116.70 (MB).
    Completing 30% with 282 violations.
    elapsed time = 00:00:04, memory = 2112.70 (MB).
    Completing 40% with 282 violations.
    elapsed time = 00:00:05, memory = 2112.70 (MB).
    Completing 50% with 282 violations.
    elapsed time = 00:00:08, memory = 2112.70 (MB).
    Completing 60% with 227 violations.
    elapsed time = 00:00:09, memory = 2110.70 (MB).
    Completing 70% with 227 violations.
    elapsed time = 00:00:11, memory = 2110.70 (MB).
    Completing 80% with 142 violations.
    elapsed time = 00:00:13, memory = 2110.70 (MB).
    Completing 90% with 142 violations.
    elapsed time = 00:00:14, memory = 2110.70 (MB).
    Completing 100% with 20 violations.
    elapsed time = 00:00:18, memory = 2108.70 (MB).
[INFO DRT-0199]   Number of violations = 20.
Viol/Layer        met1
Metal Spacing        4
Short               16
[INFO DRT-0267] cpu time = 00:00:54, elapsed time = 00:00:18, memory = 2102.70 (MB), peak = 2182.52 (MB)
Total wire length = 921264 um.
Total wire length on LAYER li1 = 0 um.
Total wire length on LAYER met1 = 432726 um.
Total wire length on LAYER met2 = 415422 um.
Total wire length on LAYER met3 = 42777 um.
Total wire length on LAYER met4 = 30211 um.
Total wire length on LAYER met5 = 126 um.
Total number of vias = 200457.
Up-via summary (total 200457):

-------------------------
 FR_MASTERSLICE         0
            li1     92465
           met1    103714
           met2      3465
           met3       795
           met4        18
-------------------------
               200457


[INFO DRT-0195] Start 4th guides tiles iteration.
    Completing 10% with 20 violations.
    elapsed time = 00:00:00, memory = 2102.70 (MB).
    Completing 20% with 20 violations.
    elapsed time = 00:00:00, memory = 2102.70 (MB).
    Completing 30% with 13 violations.
    elapsed time = 00:00:00, memory = 2102.70 (MB).
    Completing 40% with 13 violations.
    elapsed time = 00:00:00, memory = 2102.70 (MB).
    Completing 50% with 13 violations.
    elapsed time = 00:00:01, memory = 2102.70 (MB).
    Completing 60% with 0 violations.
    elapsed time = 00:00:01, memory = 2102.70 (MB).
    Completing 70% with 0 violations.
    elapsed time = 00:00:01, memory = 2102.70 (MB).
    Completing 80% with 0 violations.
    elapsed time = 00:00:01, memory = 2102.70 (MB).
    Completing 100% with 0 violations.
    elapsed time = 00:00:01, memory = 2102.70 (MB).
[INFO DRT-0199]   Number of violations = 0.
[INFO DRT-0267] cpu time = 00:00:01, elapsed time = 00:00:01, memory = 2102.70 (MB), peak = 2182.52 (MB)
Total wire length = 921231 um.
Total wire length on LAYER li1 = 0 um.
Total wire length on LAYER met1 = 432347 um.
Total wire length on LAYER met2 = 415398 um.
Total wire length on LAYER met3 = 43147 um.
Total wire length on LAYER met4 = 30211 um.
Total wire length on LAYER met5 = 126 um.
Total number of vias = 200435.
Up-via summary (total 200435):

-------------------------
 FR_MASTERSLICE         0
            li1     92466
           met1    103692
           met2      3464
           met3       795
           met4        18
-------------------------
               200435


[INFO DRT-0198] Complete detail routing.
Total wire length = 921231 um.
Total wire length on LAYER li1 = 0 um.
Total wire length on LAYER met1 = 432347 um.
Total wire length on LAYER met2 = 415398 um.
Total wire length on LAYER met3 = 43147 um.
Total wire length on LAYER met4 = 30211 um.
Total wire length on LAYER met5 = 126 um.
Total number of vias = 200435.
Up-via summary (total 200435):

-------------------------
 FR_MASTERSLICE         0
            li1     92466
           met1    103692
           met2      3464
           met3       795
           met4        18
-------------------------
               200435


[INFO DRT-0267] cpu time = 00:07:50, elapsed time = 00:02:10, memory = 2102.77 (MB), peak = 2182.52 (MB)

[INFO DRT-0180] Post processing.
[INFO DRT-0501] Runtime: 294.89s
[INFO ANT-0002] Found 4 net violations.
[INFO ANT-0001] Found 4 pin violations.
[INFO GRT-0012] Found 4 antenna violations.
[INFO DPL-0006] Core area: 889207.82 um^2
[INFO DPL-0007] Movable instances area: 0.00 um^2
[INFO DPL-0008] Fixed instances area within core: 340396.47 um^2
[INFO DPL-0009] Utilization: 38.3%
[INFO DPL-0005] Diamond search max displacement: +/- 500 sites horizontally, +/- 100 rows vertically.
[INFO DPL-1102] Legalizing using negotiation legalizer.
[INFO DPL-1103] Negotiation base search window: +/-20 sites horizontally, +/-5 rows vertically 
	Automatic search window extension enabled.
	Search window extendable up to the max displacement cap of +/-500 sites, +/-100 rows near walls.
[INFO DPL-1104] NegotiationLegalizer DRC penalty: 5.
[INFO DPL-0392] Negotiation cell height distribution (1 unique row-count(s)):
[INFO DPL-0393]   height 1 row(s): 39646 cells
[INFO DPL-0500] Runtime: 0.21s
[INFO GRT-0015] Inserted 7 diodes.
[INFO DRT-0024]   Complete FR_MASTERSLICE.
[INFO DRT-0024]   Complete Fr_VIA.
[INFO DRT-0024]   Complete li1.
[INFO DRT-0024]   Complete mcon.
[INFO DRT-0024]   Complete met1.
[INFO DRT-0024]   Complete via.
[INFO DRT-0024]   Complete met2.
[INFO DRT-0024]   Complete via2.
[INFO DRT-0024]   Complete met3.
[INFO DRT-0024]   Complete via3.
[INFO DRT-0024]   Complete met4.
[INFO DRT-0024]   Complete via4.
[INFO DRT-0024]   Complete met5.
[INFO DRT-0165] Start pin access.
[INFO DRT-0076]   Complete 1000 pins.
[INFO DRT-0078]   Complete 1763 pins.
[INFO DRT-0079]   Complete 100 unique inst patterns.
[INFO DRT-0079]   Complete 200 unique inst patterns.
[INFO DRT-0081]   Complete 214 unique inst patterns.
[INFO DRT-0082]   Complete 10000 groups.
[INFO DRT-0084]   Complete 19493 groups.
#scanned instances     = 39646
#unique  instances     = 214
#stdCellGenAp          = 7544
#stdCellValidPlanarAp  = 90
#stdCellValidViaAp     = 5256
#stdCellPinNoAp        = 10
#stdCellPinCnt         = 104296
#instTermValidViaApCnt = 0
#macroGenAp            = 0
#macroValidPlanarAp    = 0
#macroValidViaAp       = 0
#macroNoAp             = 0
[INFO DRT-0166] Complete pin access.
[INFO DRT-0267] cpu time = 00:10:24, elapsed time = 00:02:38, memory = 2004.77 (MB), peak = 2182.52 (MB)
[INFO DRT-0156] guideIn read 100000 guides.
[INFO DRT-0156] guideIn read 200000 guides.

[INFO DRT-0157] Number of guides:     231708

[INFO DRT-0169] Post process guides.
[INFO DRT-0176] GCELLGRID X 0 DO 137 STEP 6900 ;
[INFO DRT-0177] GCELLGRID Y 0 DO 137 STEP 6900 ;
[INFO DRT-0026]   Complete 100000 origin guides.
[INFO DRT-0026]   Complete 200000 origin guides.
[INFO DRT-0028]   Complete FR_MASTERSLICE.
[INFO DRT-0028]   Complete Fr_VIA.
[INFO DRT-0028]   Complete li1.
[INFO DRT-0028]   Complete mcon.
[INFO DRT-0028]   Complete met1.
[INFO DRT-0028]   Complete via.
[INFO DRT-0028]   Complete met2.
[INFO DRT-0028]   Complete via2.
[INFO DRT-0028]   Complete met3.
[INFO DRT-0028]   Complete via3.
[INFO DRT-0028]   Complete met4.
[INFO DRT-0028]   Complete via4.
[INFO DRT-0028]   Complete met5.
[INFO DRT-0178] Init guide query.
[INFO DRT-0035]   Complete FR_MASTERSLICE (guide).
[INFO DRT-0035]   Complete Fr_VIA (guide).
[INFO DRT-0035]   Complete li1 (guide).
[INFO DRT-0035]   Complete mcon (guide).
[INFO DRT-0035]   Complete met1 (guide).
[INFO DRT-0035]   Complete via (guide).
[INFO DRT-0035]   Complete met2 (guide).
[INFO DRT-0035]   Complete via2 (guide).
[INFO DRT-0035]   Complete met3 (guide).
[INFO DRT-0035]   Complete via3 (guide).
[INFO DRT-0035]   Complete met4 (guide).
[INFO DRT-0035]   Complete via4 (guide).
[INFO DRT-0035]   Complete met5 (guide).
[INFO DRT-0036] FR_MASTERSLICE guide region query size = 0.
[INFO DRT-0036] FR_VIA guide region query size = 0.
[INFO DRT-0036] li1 guide region query size = 76785.
[INFO DRT-0036] mcon guide region query size = 0.
[INFO DRT-0036] met1 guide region query size = 69849.
[INFO DRT-0036] via guide region query size = 0.
[INFO DRT-0036] met2 guide region query size = 33204.
[INFO DRT-0036] via2 guide region query size = 0.
[INFO DRT-0036] met3 guide region query size = 1039.
[INFO DRT-0036] via3 guide region query size = 0.
[INFO DRT-0036] met4 guide region query size = 515.
[INFO DRT-0036] via4 guide region query size = 0.
[INFO DRT-0036] met5 guide region query size = 10.
[INFO DRT-0179] Init gr pin query.
[INFO DRT-0267] cpu time = 00:00:00, elapsed time = 00:00:00, memory = 2004.77 (MB), peak = 2182.52 (MB)
[INFO DRT-0245] skipped writing guide updates to database.
[INFO DRT-0181] Start track assignment.
[INFO DRT-0184] Done with 110504 vertical wires in 3 frboxes and 70898 horizontal wires in 3 frboxes.
[INFO DRT-0186] Done with 10451 vertical wires in 3 frboxes and 18897 horizontal wires in 3 frboxes.
[INFO DRT-0182] Complete track assignment.
[INFO DRT-0267] cpu time = 00:00:12, elapsed time = 00:00:05, memory = 2208.77 (MB), peak = 2228.54 (MB)
[INFO DRT-0187] Start routing data preparation.
[INFO DRT-0267] cpu time = 00:00:00, elapsed time = 00:00:00, memory = 2208.77 (MB), peak = 2228.54 (MB)
[INFO DRT-0194] Start detail routing.
[INFO DRT-0195] Start 0th optimization iteration.
    Completing 10% with 0 violations.
    elapsed time = 00:00:03, memory = 2214.77 (MB).
    Completing 20% with 0 violations.
    elapsed time = 00:00:08, memory = 2220.77 (MB).
    Completing 30% with 66 violations.
    elapsed time = 00:00:12, memory = 2194.90 (MB).
    Completing 40% with 66 violations.
    elapsed time = 00:00:16, memory = 2194.90 (MB).
    Completing 50% with 66 violations.
    elapsed time = 00:00:21, memory = 2240.91 (MB).
    Completing 60% with 86 violations.
    elapsed time = 00:00:26, memory = 2240.91 (MB).
    Completing 70% with 86 violations.
    elapsed time = 00:00:30, memory = 2240.91 (MB).
    Completing 80% with 137 violations.
    elapsed time = 00:00:34, memory = 2224.91 (MB).
    Completing 90% with 137 violations.
    elapsed time = 00:00:38, memory = 2216.91 (MB).
    Completing 100% with 153 violations.
    elapsed time = 00:00:44, memory = 2216.91 (MB).
[INFO DRT-0199]   Number of violations = 163.
Viol/Layer        mcon   met1   met2
Metal Spacing        0     12     12
Recheck              0      6      4
Short                1     87     41
[INFO DRT-0267] cpu time = 00:02:46, elapsed time = 00:00:44, memory = 2216.91 (MB), peak = 2268.54 (MB)
Total wire length = 921287 um.
Total wire length on LAYER li1 = 0 um.
Total wire length on LAYER met1 = 432644 um.
Total wire length on LAYER met2 = 415658 um.
Total wire length on LAYER met3 = 42869 um.
Total wire length on LAYER met4 = 29988 um.
Total wire length on LAYER met5 = 126 um.
Total number of vias = 200452.
Up-via summary (total 200452):

-------------------------
 FR_MASTERSLICE         0
            li1     92478
           met1    103707
           met2      3458
           met3       791
           met4        18
-------------------------
               200452


[INFO DRT-0195] Start 1st optimization iteration.
    Completing 10% with 163 violations.
    elapsed time = 00:00:04, memory = 2216.91 (MB).
    Completing 20% with 163 violations.
    elapsed time = 00:00:07, memory = 2216.91 (MB).
    Completing 30% with 151 violations.
    elapsed time = 00:00:12, memory = 2211.08 (MB).
    Completing 40% with 151 violations.
    elapsed time = 00:00:16, memory = 2211.08 (MB).
    Completing 50% with 151 violations.
    elapsed time = 00:00:20, memory = 2211.08 (MB).
    Completing 60% with 131 violations.
    elapsed time = 00:00:25, memory = 2207.08 (MB).
    Completing 70% with 131 violations.
    elapsed time = 00:00:29, memory = 2207.08 (MB).
    Completing 80% with 87 violations.
    elapsed time = 00:00:34, memory = 2203.12 (MB).
    Completing 90% with 87 violations.
    elapsed time = 00:00:38, memory = 2203.12 (MB).
    Completing 100% with 69 violations.
    elapsed time = 00:00:42, memory = 2203.12 (MB).
[INFO DRT-0199]   Number of violations = 69.
Viol/Layer        met1   met2
Metal Spacing        3      4
Short               45     17
[INFO DRT-0267] cpu time = 00:02:41, elapsed time = 00:00:42, memory = 2203.12 (MB), peak = 2268.54 (MB)
Total wire length = 921279 um.
Total wire length on LAYER li1 = 0 um.
Total wire length on LAYER met1 = 432660 um.
Total wire length on LAYER met2 = 415635 um.
Total wire length on LAYER met3 = 42869 um.
Total wire length on LAYER met4 = 29988 um.
Total wire length on LAYER met5 = 126 um.
Total number of vias = 200450.
Up-via summary (total 200450):

-------------------------
 FR_MASTERSLICE         0
            li1     92476
           met1    103707
           met2      3458
           met3       791
           met4        18
-------------------------
               200450


[INFO DRT-0195] Start 2nd optimization iteration.
    Completing 10% with 69 violations.
    elapsed time = 00:00:00, memory = 2203.12 (MB).
    Completing 20% with 69 violations.
    elapsed time = 00:00:00, memory = 2203.12 (MB).
    Completing 30% with 66 violations.
    elapsed time = 00:00:01, memory = 2203.12 (MB).
    Completing 40% with 66 violations.
    elapsed time = 00:00:01, memory = 2203.12 (MB).
    Completing 50% with 66 violations.
    elapsed time = 00:00:01, memory = 2203.12 (MB).
    Completing 60% with 62 violations.
    elapsed time = 00:00:01, memory = 2203.12 (MB).
    Completing 70% with 62 violations.
    elapsed time = 00:00:02, memory = 2203.12 (MB).
    Completing 80% with 59 violations.
    elapsed time = 00:00:02, memory = 2201.12 (MB).
    Completing 90% with 59 violations.
    elapsed time = 00:00:02, memory = 2201.12 (MB).
    Completing 100% with 59 violations.
    elapsed time = 00:00:03, memory = 2201.12 (MB).
[INFO DRT-0199]   Number of violations = 59.
Viol/Layer        met1   met2
Metal Spacing        5      3
Short               38     13
[INFO DRT-0267] cpu time = 00:00:08, elapsed time = 00:00:03, memory = 2199.12 (MB), peak = 2268.54 (MB)
Total wire length = 921279 um.
Total wire length on LAYER li1 = 0 um.
Total wire length on LAYER met1 = 432656 um.
Total wire length on LAYER met2 = 415638 um.
Total wire length on LAYER met3 = 42869 um.
Total wire length on LAYER met4 = 29988 um.
Total wire length on LAYER met5 = 126 um.
Total number of vias = 200449.
Up-via summary (total 200449):

-------------------------
 FR_MASTERSLICE         0
            li1     92476
           met1    103706
           met2      3458
           met3       791
           met4        18
-------------------------
               200449


[INFO DRT-0195] Start 3rd guides tiles iteration.
    Completing 10% with 59 violations.
    elapsed time = 00:00:00, memory = 2199.12 (MB).
    Completing 20% with 59 violations.
    elapsed time = 00:00:00, memory = 2199.12 (MB).
    Completing 30% with 59 violations.
    elapsed time = 00:00:00, memory = 2199.12 (MB).
    Completing 40% with 59 violations.
    elapsed time = 00:00:00, memory = 2199.12 (MB).
    Completing 50% with 20 violations.
    elapsed time = 00:00:00, memory = 2199.12 (MB).
    Completing 60% with 20 violations.
    elapsed time = 00:00:00, memory = 2199.12 (MB).
    Completing 70% with 20 violations.
    elapsed time = 00:00:01, memory = 2199.12 (MB).
    Completing 80% with 0 violations.
    elapsed time = 00:00:01, memory = 2199.12 (MB).
    Completing 90% with 0 violations.
    elapsed time = 00:00:01, memory = 2199.12 (MB).
    Completing 100% with 0 violations.
    elapsed time = 00:00:01, memory = 2197.12 (MB).
[INFO DRT-0199]   Number of violations = 0.
[INFO DRT-0267] cpu time = 00:00:02, elapsed time = 00:00:01, memory = 2197.12 (MB), peak = 2268.54 (MB)
Total wire length = 921235 um.
Total wire length on LAYER li1 = 0 um.
Total wire length on LAYER met1 = 432177 um.
Total wire length on LAYER met2 = 415302 um.
Total wire length on LAYER met3 = 43338 um.
Total wire length on LAYER met4 = 30291 um.
Total wire length on LAYER met5 = 126 um.
Total number of vias = 200457.
Up-via summary (total 200457):

-------------------------
 FR_MASTERSLICE         0
            li1     92476
           met1    103693
           met2      3471
           met3       799
           met4        18
-------------------------
               200457


[INFO DRT-0198] Complete detail routing.
Total wire length = 921235 um.
Total wire length on LAYER li1 = 0 um.
Total wire length on LAYER met1 = 432177 um.
Total wire length on LAYER met2 = 415302 um.
Total wire length on LAYER met3 = 43338 um.
Total wire length on LAYER met4 = 30291 um.
Total wire length on LAYER met5 = 126 um.
Total number of vias = 200457.
Up-via summary (total 200457):

-------------------------
 FR_MASTERSLICE         0
            li1     92476
           met1    103693
           met2      3471
           met3       799
           met4        18
-------------------------
               200457


[INFO DRT-0267] cpu time = 00:05:39, elapsed time = 00:01:31, memory = 2197.12 (MB), peak = 2268.54 (MB)

[INFO DRT-0180] Post processing.
[INFO DRT-0501] Runtime: 257.75s
[INFO ANT-0002] Found 1 net violations.
[INFO ANT-0001] Found 1 pin violations.
[INFO GRT-0012] Found 1 antenna violations.
[INFO DPL-0006] Core area: 889207.82 um^2
[INFO DPL-0007] Movable instances area: 0.00 um^2
[INFO DPL-0008] Fixed instances area within core: 340406.48 um^2
[INFO DPL-0009] Utilization: 38.3%
[INFO DPL-0005] Diamond search max displacement: +/- 500 sites horizontally, +/- 100 rows vertically.
[INFO DPL-1102] Legalizing using negotiation legalizer.
[INFO DPL-1103] Negotiation base search window: +/-20 sites horizontally, +/-5 rows vertically 
	Automatic search window extension enabled.
	Search window extendable up to the max displacement cap of +/-500 sites, +/-100 rows near walls.
[INFO DPL-1104] NegotiationLegalizer DRC penalty: 5.
[INFO DPL-0392] Negotiation cell height distribution (1 unique row-count(s)):
[INFO DPL-0393]   height 1 row(s): 39650 cells
[INFO DPL-0500] Runtime: 0.19s
[INFO GRT-0015] Inserted 4 diodes.
[INFO DRT-0024]   Complete FR_MASTERSLICE.
[INFO DRT-0024]   Complete Fr_VIA.
[INFO DRT-0024]   Complete li1.
[INFO DRT-0024]   Complete mcon.
[INFO DRT-0024]   Complete met1.
[INFO DRT-0024]   Complete via.
[INFO DRT-0024]   Complete met2.
[INFO DRT-0024]   Complete via2.
[INFO DRT-0024]   Complete met3.
[INFO DRT-0024]   Complete via3.
[INFO DRT-0024]   Complete met4.
[INFO DRT-0024]   Complete via4.
[INFO DRT-0024]   Complete met5.
[INFO DRT-0165] Start pin access.
[INFO DRT-0076]   Complete 1000 pins.
[INFO DRT-0078]   Complete 1763 pins.
[INFO DRT-0079]   Complete 100 unique inst patterns.
[INFO DRT-0079]   Complete 200 unique inst patterns.
[INFO DRT-0081]   Complete 214 unique inst patterns.
[INFO DRT-0082]   Complete 10000 groups.
[INFO DRT-0084]   Complete 19493 groups.
#scanned instances     = 39650
#unique  instances     = 214
#stdCellGenAp          = 7544
#stdCellValidPlanarAp  = 90
#stdCellValidViaAp     = 5256
#stdCellPinNoAp        = 10
#stdCellPinCnt         = 104296
#instTermValidViaApCnt = 0
#macroGenAp            = 0
#macroValidPlanarAp    = 0
#macroValidViaAp       = 0
#macroNoAp             = 0
[INFO DRT-0166] Complete pin access.
[INFO DRT-0267] cpu time = 00:10:26, elapsed time = 00:02:39, memory = 2187.12 (MB), peak = 2268.54 (MB)
[INFO DRT-0156] guideIn read 100000 guides.
[INFO DRT-0156] guideIn read 200000 guides.

[INFO DRT-0157] Number of guides:     231712

[INFO DRT-0169] Post process guides.
[INFO DRT-0176] GCELLGRID X 0 DO 137 STEP 6900 ;
[INFO DRT-0177] GCELLGRID Y 0 DO 137 STEP 6900 ;
[INFO DRT-0026]   Complete 100000 origin guides.
[INFO DRT-0026]   Complete 200000 origin guides.
[INFO DRT-0028]   Complete FR_MASTERSLICE.
[INFO DRT-0028]   Complete Fr_VIA.
[INFO DRT-0028]   Complete li1.
[INFO DRT-0028]   Complete mcon.
[INFO DRT-0028]   Complete met1.
[INFO DRT-0028]   Complete via.
[INFO DRT-0028]   Complete met2.
[INFO DRT-0028]   Complete via2.
[INFO DRT-0028]   Complete met3.
[INFO DRT-0028]   Complete via3.
[INFO DRT-0028]   Complete met4.
[INFO DRT-0028]   Complete via4.
[INFO DRT-0028]   Complete met5.
[INFO DRT-0178] Init guide query.
[INFO DRT-0035]   Complete FR_MASTERSLICE (guide).
[INFO DRT-0035]   Complete Fr_VIA (guide).
[INFO DRT-0035]   Complete li1 (guide).
[INFO DRT-0035]   Complete mcon (guide).
[INFO DRT-0035]   Complete met1 (guide).
[INFO DRT-0035]   Complete via (guide).
[INFO DRT-0035]   Complete met2 (guide).
[INFO DRT-0035]   Complete via2 (guide).
[INFO DRT-0035]   Complete met3 (guide).
[INFO DRT-0035]   Complete via3 (guide).
[INFO DRT-0035]   Complete met4 (guide).
[INFO DRT-0035]   Complete via4 (guide).
[INFO DRT-0035]   Complete met5 (guide).
[INFO DRT-0036] FR_MASTERSLICE guide region query size = 0.
[INFO DRT-0036] FR_VIA guide region query size = 0.
[INFO DRT-0036] li1 guide region query size = 76787.
[INFO DRT-0036] mcon guide region query size = 0.
[INFO DRT-0036] met1 guide region query size = 69850.
[INFO DRT-0036] via guide region query size = 0.
[INFO DRT-0036] met2 guide region query size = 33204.
[INFO DRT-0036] via2 guide region query size = 0.
[INFO DRT-0036] met3 guide region query size = 1039.
[INFO DRT-0036] via3 guide region query size = 0.
[INFO DRT-0036] met4 guide region query size = 515.
[INFO DRT-0036] via4 guide region query size = 0.
[INFO DRT-0036] met5 guide region query size = 10.
[INFO DRT-0179] Init gr pin query.
[INFO DRT-0267] cpu time = 00:00:00, elapsed time = 00:00:00, memory = 2187.12 (MB), peak = 2268.54 (MB)
[INFO DRT-0245] skipped writing guide updates to database.
[INFO DRT-0181] Start track assignment.
[INFO DRT-0184] Done with 110506 vertical wires in 3 frboxes and 70899 horizontal wires in 3 frboxes.
[INFO DRT-0186] Done with 10501 vertical wires in 3 frboxes and 18910 horizontal wires in 3 frboxes.
[INFO DRT-0182] Complete track assignment.
[INFO DRT-0267] cpu time = 00:00:12, elapsed time = 00:00:05, memory = 2319.12 (MB), peak = 2342.90 (MB)
[INFO DRT-0187] Start routing data preparation.
[INFO DRT-0267] cpu time = 00:00:00, elapsed time = 00:00:00, memory = 2319.12 (MB), peak = 2342.90 (MB)
[INFO DRT-0194] Start detail routing.
[INFO DRT-0195] Start 0th optimization iteration.
    Completing 10% with 0 violations.
    elapsed time = 00:00:03, memory = 2257.12 (MB).
    Completing 20% with 0 violations.
    elapsed time = 00:00:07, memory = 2257.12 (MB).
    Completing 30% with 14 violations.
    elapsed time = 00:00:12, memory = 2251.12 (MB).
    Completing 40% with 14 violations.
    elapsed time = 00:00:16, memory = 2231.12 (MB).
    Completing 50% with 14 violations.
    elapsed time = 00:00:20, memory = 2241.12 (MB).
    Completing 60% with 18 violations.
    elapsed time = 00:00:25, memory = 2249.12 (MB).
    Completing 70% with 18 violations.
    elapsed time = 00:00:29, memory = 2249.12 (MB).
    Completing 80% with 27 violations.
    elapsed time = 00:00:34, memory = 2245.12 (MB).
    Completing 90% with 27 violations.
    elapsed time = 00:00:38, memory = 2245.12 (MB).
    Completing 100% with 27 violations.
    elapsed time = 00:00:43, memory = 2243.12 (MB).
[INFO DRT-0199]   Number of violations = 30.
Viol/Layer        met1   met2
Metal Spacing        2      2
Recheck              2      1
Short               17      6
[INFO DRT-0267] cpu time = 00:02:43, elapsed time = 00:00:43, memory = 2243.12 (MB), peak = 2342.90 (MB)
Total wire length = 921267 um.
Total wire length on LAYER li1 = 0 um.
Total wire length on LAYER met1 = 432469 um.
Total wire length on LAYER met2 = 415391 um.
Total wire length on LAYER met3 = 43073 um.
Total wire length on LAYER met4 = 30207 um.
Total wire length on LAYER met5 = 126 um.
Total number of vias = 200449.
Up-via summary (total 200449):

-------------------------
 FR_MASTERSLICE         0
            li1     92480
           met1    103689
           met2      3465
           met3       797
           met4        18
-------------------------
               200449


[INFO DRT-0195] Start 1st optimization iteration.
    Completing 10% with 30 violations.
    elapsed time = 00:00:03, memory = 2243.12 (MB).
    Completing 20% with 30 violations.
    elapsed time = 00:00:07, memory = 2243.12 (MB).
    Completing 30% with 20 violations.
    elapsed time = 00:00:12, memory = 2233.12 (MB).
    Completing 40% with 20 violations.
    elapsed time = 00:00:16, memory = 2233.12 (MB).
    Completing 50% with 20 violations.
    elapsed time = 00:00:20, memory = 2233.12 (MB).
    Completing 60% with 18 violations.
    elapsed time = 00:00:25, memory = 2229.12 (MB).
    Completing 70% with 18 violations.
    elapsed time = 00:00:29, memory = 2229.12 (MB).
    Completing 80% with 7 violations.
    elapsed time = 00:00:34, memory = 2227.12 (MB).
    Completing 90% with 7 violations.
    elapsed time = 00:00:37, memory = 2227.12 (MB).
    Completing 100% with 7 violations.
    elapsed time = 00:00:42, memory = 2227.12 (MB).
[INFO DRT-0199]   Number of violations = 7.
Viol/Layer        met1
Short                7
[INFO DRT-0267] cpu time = 00:02:41, elapsed time = 00:00:42, memory = 2227.12 (MB), peak = 2342.90 (MB)
Total wire length = 921256 um.
Total wire length on LAYER li1 = 0 um.
Total wire length on LAYER met1 = 432458 um.
Total wire length on LAYER met2 = 415391 um.
Total wire length on LAYER met3 = 43073 um.
Total wire length on LAYER met4 = 30207 um.
Total wire length on LAYER met5 = 126 um.
Total number of vias = 200453.
Up-via summary (total 200453):

-------------------------
 FR_MASTERSLICE         0
            li1     92481
           met1    103692
           met2      3465
           met3       797
           met4        18
-------------------------
               200453


[INFO DRT-0195] Start 2nd optimization iteration.
    Completing 10% with 7 violations.
    elapsed time = 00:00:00, memory = 2227.12 (MB).
    Completing 20% with 7 violations.
    elapsed time = 00:00:00, memory = 2227.12 (MB).
    Completing 30% with 4 violations.
    elapsed time = 00:00:00, memory = 2227.12 (MB).
    Completing 40% with 4 violations.
    elapsed time = 00:00:00, memory = 2227.12 (MB).
    Completing 50% with 4 violations.
    elapsed time = 00:00:00, memory = 2227.12 (MB).
    Completing 60% with 2 violations.
    elapsed time = 00:00:00, memory = 2227.12 (MB).
    Completing 70% with 2 violations.
    elapsed time = 00:00:00, memory = 2227.12 (MB).
    Completing 80% with 2 violations.
    elapsed time = 00:00:01, memory = 2227.12 (MB).
    Completing 90% with 2 violations.
    elapsed time = 00:00:01, memory = 2227.12 (MB).
    Completing 100% with 2 violations.
    elapsed time = 00:00:01, memory = 2227.12 (MB).
[INFO DRT-0199]   Number of violations = 2.
Viol/Layer        met1
Short                2
[INFO DRT-0267] cpu time = 00:00:01, elapsed time = 00:00:01, memory = 2227.12 (MB), peak = 2342.90 (MB)
Total wire length = 921257 um.
Total wire length on LAYER li1 = 0 um.
Total wire length on LAYER met1 = 432452 um.
Total wire length on LAYER met2 = 415398 um.
Total wire length on LAYER met3 = 43073 um.
Total wire length on LAYER met4 = 30207 um.
Total wire length on LAYER met5 = 126 um.
Total number of vias = 200456.
Up-via summary (total 200456):

-------------------------
 FR_MASTERSLICE         0
            li1     92481
           met1    103695
           met2      3465
           met3       797
           met4        18
-------------------------
               200456


[INFO DRT-0195] Start 3rd guides tiles iteration.
    Completing 100% with 0 violations.
    elapsed time = 00:00:00, memory = 2227.12 (MB).
[INFO DRT-0199]   Number of violations = 0.
[INFO DRT-0267] cpu time = 00:00:00, elapsed time = 00:00:00, memory = 2227.12 (MB), peak = 2342.90 (MB)
Total wire length = 921235 um.
Total wire length on LAYER li1 = 0 um.
Total wire length on LAYER met1 = 432187 um.
Total wire length on LAYER met2 = 415386 um.
Total wire length on LAYER met3 = 43328 um.
Total wire length on LAYER met4 = 30207 um.
Total wire length on LAYER met5 = 126 um.
Total number of vias = 200453.
Up-via summary (total 200453):

-------------------------
 FR_MASTERSLICE         0
            li1     92482
           met1    103689
           met2      3467
           met3       797
           met4        18
-------------------------
               200453


[INFO DRT-0198] Complete detail routing.
Total wire length = 921235 um.
Total wire length on LAYER li1 = 0 um.
Total wire length on LAYER met1 = 432187 um.
Total wire length on LAYER met2 = 415386 um.
Total wire length on LAYER met3 = 43328 um.
Total wire length on LAYER met4 = 30207 um.
Total wire length on LAYER met5 = 126 um.
Total number of vias = 200453.
Up-via summary (total 200453):

-------------------------
 FR_MASTERSLICE         0
            li1     92482
           met1    103689
           met2      3467
           met3       797
           met4        18
-------------------------
               200453


[INFO DRT-0267] cpu time = 00:05:26, elapsed time = 00:01:27, memory = 2227.12 (MB), peak = 2342.90 (MB)

[INFO DRT-0180] Post processing.
[INFO DRT-0501] Runtime: 254.54s
[INFO ANT-0002] Found 0 net violations.
[INFO ANT-0001] Found 0 pin violations.
[INFO ANT-0002] Found 0 net violations.
[INFO ANT-0001] Found 0 pin violations.
Design area 340406 um^2 38% utilization.
write_db ./results/sky130hd/similarity_asic_transfer_blocal/base/5_2_route.odb
Elapsed time: 26:22.99[h:]min:sec. CPU time: user 6023.09 sys 2.01 (380%). Peak memory: 2399128KB.
Log                       Ext     Elapsed/s Peak Memory/MB sha1sum result [0:20)
5_2_route                 .odb         1582           2342 f98c0b53c22cbe23ce2b
/OpenROAD-flow-scripts/flow/scripts/flow.sh 5_3_fillcell fillcell
Running fillcell.tcl, stage 5_3_fillcell
read_liberty /OpenROAD-flow-scripts/flow/platforms/sky130hd/lib/sky130_fd_sc_hd__tt_025C_1v80.lib
read_db ./results/sky130hd/similarity_asic_transfer_blocal/base/5_2_route.odb
read_sdc ./results/sky130hd/similarity_asic_transfer_blocal/base/5_1_grt.sdc
source /OpenROAD-flow-scripts/flow/platforms/sky130hd/setRC.tcl
filler_placement "sky130_fd_sc_hd__fill_1 sky130_fd_sc_hd__fill_2 sky130_fd_sc_hd__fill_4 sky130_fd_sc_hd__fill_8"
[INFO DPL-0001] Placed 85305 filler instances.
Design area 340406 um^2 38% utilization.
write_db ./results/sky130hd/similarity_asic_transfer_blocal/base/5_3_fillcell.odb
Elapsed time: 0:01.16[h:]min:sec. CPU time: user 1.08 sys 0.08 (99%). Peak memory: 343180KB.
Log                       Ext     Elapsed/s Peak Memory/MB sha1sum result [0:20)
5_3_fillcell              .odb            1            335 702822363298b23b580f
cp ./results/sky130hd/similarity_asic_transfer_blocal/base/5_3_fillcell.odb ./results/sky130hd/similarity_asic_transfer_blocal/base/5_route.odb
cp ./results/sky130hd/similarity_asic_transfer_blocal/base/5_1_grt.sdc ./results/sky130hd/similarity_asic_transfer_blocal/base/5_route.sdc
/OpenROAD-flow-scripts/flow/scripts/flow.sh 6_1_fill density_fill
Running density_fill.tcl, stage 6_1_fill
read_liberty /OpenROAD-flow-scripts/flow/platforms/sky130hd/lib/sky130_fd_sc_hd__tt_025C_1v80.lib
read_db ./results/sky130hd/similarity_asic_transfer_blocal/base/5_route.odb
read_sdc ./results/sky130hd/similarity_asic_transfer_blocal/base/5_route.sdc
source /OpenROAD-flow-scripts/flow/platforms/sky130hd/setRC.tcl
exec cp ./results/sky130hd/similarity_asic_transfer_blocal/base/5_route.odb ./results/sky130hd/similarity_asic_transfer_blocal/base/6_1_fill.odb
Elapsed time: 0:00.72[h:]min:sec. CPU time: user 0.65 sys 0.07 (99%). Peak memory: 256244KB.
Log                       Ext     Elapsed/s Peak Memory/MB sha1sum result [0:20)
6_1_fill                  .odb            0            250 702822363298b23b580f

===== emulated final report (163.29s) =====
OPENROAD: /OpenROAD-flow-scripts/tools/OpenROAD
unknown 
/OpenROAD-flow-scripts/flow/scripts/flow.sh 6_report final_report
Running final_report.tcl, stage 6_report
read_liberty /OpenROAD-flow-scripts/flow/platforms/sky130hd/lib/sky130_fd_sc_hd__tt_025C_1v80.lib
read_db ./results/sky130hd/similarity_asic_transfer_blocal/base/6_1_fill.odb
read_sdc ./results/sky130hd/similarity_asic_transfer_blocal/base/6_1_fill.sdc
source /OpenROAD-flow-scripts/flow/platforms/sky130hd/setRC.tcl
write_db ./results/sky130hd/similarity_asic_transfer_blocal/base/6_final.odb
write_sdc -no_timestamp ./results/sky130hd/similarity_asic_transfer_blocal/base/6_final.sdc
Deleted 0 routing obstructions
Warning: master sky130_ef_sc_hd__decap_12 has signal pins but no liberty cell
[INFO RCX-0431] Defined process_corner X with ext_model_index 0
[INFO RCX-0029] Defined extraction corner X
[INFO RCX-0435] Reading extraction model file /OpenROAD-flow-scripts/flow/platforms/sky130hd/rcx_patterns.rules ...
[INFO RCX-0436] RC segment generation similarity_asic_transfer_blocal (max_merge_res 50.0) ...
[INFO RCX-0040] Final 105312 rc segments
[INFO RCX-0439] Coupling Cap extraction similarity_asic_transfer_blocal ...
[INFO RCX-0440] Coupling threshhold is 0.1000 fF, coupling capacitance less than 0.1000 fF will be grounded.
[INFO RCX-0442] 27% of 218010 wires extracted
[INFO RCX-0442] 56% of 218010 wires extracted
[INFO RCX-0442] 75% of 218010 wires extracted
[INFO RCX-0442] 100% of 218010 wires extracted
[INFO RCX-0045] Extract 37004 nets, 142216 rsegs, 142216 caps, 220552 ccs
[INFO RCX-0443] 37004 nets finished
[INFO PSM-0040] All shapes on net VDD are connected.
########## IR report #################
Net              : VDD
Corner           : default
Total power      : 2.58e-02 W
Supply voltage   : 1.80e+00 V
Worstcase voltage: 1.80e+00 V
Average voltage  : 1.80e+00 V
Average IR drop  : 6.06e-06 V
Worstcase IR drop: 2.46e-04 V
Percentage drop  : 0.01 %
######################################
[INFO PSM-0040] All shapes on net VSS are connected.
########## IR report #################
Net              : VSS
Corner           : default
Total power      : 2.58e-02 W
Supply voltage   : 0.00e+00 V
Worstcase voltage: 2.67e-04 V
Average voltage  : 5.80e-06 V
Average IR drop  : 5.80e-06 V
Worstcase IR drop: 2.67e-04 V
Percentage drop  : 0.01 %
######################################
Cell type report:                        Count        Area
  Fill cell                              85305   548801.34
  Tap cell                               11832    14804.20
  Antenna cell                             102      255.24
  Clock buffer                             407     8788.43
  Timing Repair Buffer                     427     3320.68
  Inverter                                 304     1142.35
  Clock inverter                           166     2469.87
  Sequential cell                         2317    46388.24
  Multi-Input combinational cell         24095   263237.47
  Total                                 124955   889207.82
Report metrics stage 6, finish...

==========================================================================
finish report_design_area
--------------------------------------------------------------------------
Design area 340406 um^2 38% utilization.
Elapsed time: 2:41.66[h:]min:sec. CPU time: user 217.02 sys 1.06 (134%). Peak memory: 954812KB.
Log                       Ext     Elapsed/s Peak Memory/MB sha1sum result [0:20)
6_report                                161            932                  N/A

===== native finish (5.98s) =====
OPENROAD: /OpenROAD-flow-scripts/tools/OpenROAD
cp /OpenROAD-flow-scripts/flow/platforms/sky130hd/lef/sky130_fd_sc_hd.tlef ./objects/sky130hd/similarity_asic_transfer_blocal/base/klayout_tech.lef
/usr/bin/python3 /OpenROAD-flow-scripts/flow/util/generate_klayout_tech.py \
	--template /OpenROAD-flow-scripts/flow/platforms/sky130hd/sky130hd.lyt \
	--output ./objects/sky130hd/similarity_asic_transfer_blocal/base/klayout.lyt \
	--lef-files ./objects/sky130hd/similarity_asic_transfer_blocal/base/klayout_tech.lef /OpenROAD-flow-scripts/flow/platforms/sky130hd/lef/sky130_fd_sc_hd_merged.lef   \
	--map-files 
/usr/bin/python3 /OpenROAD-flow-scripts/flow/scripts/run_command.py --log /OpenROAD-flow-scripts/flow/logs/sky130hd/similarity_asic_transfer_blocal/base/6_1_merge.log --tee -- \
        /OpenROAD-flow-scripts/flow/scripts/klayout.sh -zz -rd design_name=similarity_asic_transfer_blocal \
        -rd in_def=./results/sky130hd/similarity_asic_transfer_blocal/base/6_final.def \
        -rd in_files="/OpenROAD-flow-scripts/flow/platforms/sky130hd/gds/sky130_fd_sc_hd.gds  " \
        -rd seal_file="" \
        -rd out_file=./results/sky130hd/similarity_asic_transfer_blocal/base/6_1_merged.gds \
        -rd tech_file=./objects/sky130hd/similarity_asic_transfer_blocal/base/klayout.lyt \
        -rd layer_map= \
        -r /OpenROAD-flow-scripts/flow/util/def2stream.py
KLayout 0.30.12
[INFO] Reporting cells prior to loading DEF ...
	/OpenROAD-flow-scripts/flow/platforms/sky130hd/gds/sky130_fd_sc_hd.gds
[INFO] All LEF cells have matching GDS/OAS cells
[INFO] No orphan cells in the final layout
Elapsed time: 0:04.09[h:]min:sec. CPU time: user 3.77 sys 0.32 (99%). Peak memory: 622480KB.
cp results/sky130hd/similarity_asic_transfer_blocal/base/6_1_merged.gds results/sky130hd/similarity_asic_transfer_blocal/base/6_final.gds
./logs/sky130hd/similarity_asic_transfer_blocal/base
Log                       Ext     Elapsed/s Peak Memory/MB sha1sum result [0:20)
1_1_yosys_canonicalize    .rtlil          0             59 76c84843cc5361b20131
1_2_yosys                 .v             36            376 b7dc180cb4672ebbaec3
1_2_yosys                 .sdc                             7d34f03a79b07a31dbf7
1_synth                   .odb            1            200 5a538ef22e3af6b46d52
1_synth                   .sdc                             1517283a0d978805bcd5
2_1_floorplan             .odb            4            252 dff245e2cd71d129827c
2_1_floorplan             .sdc                             1517283a0d978805bcd5
2_2_floorplan_macro       .odb            0            152 dff245e2cd71d129827c
2_3_floorplan_tapcell     .odb            0            157 153e318a1d3f4101e0ea
2_4_floorplan_pdn         .odb            1            200 299a8095362520890cf1
3_1_place_gp_skip_io      .odb            4            219 cf42cceb4d1d5104932b
3_2_place_iop             .odb            0            167 642a86a764a52a3a804d
3_3_place_gp              .odb           27            550 88cc6552f01520cbf57d
3_4_place_resized         .odb           10            276 4c3bb4fd132d73197a0d
3_5_place_dp              .odb           14            435 1fa466612b1fa05340ae
4_1_cts                   .odb           13            439 3bb6b9cea9fca898d9d1
5_1_grt                   .odb          211            838 9fbc713846223f9fa3fb
5_1_grt                   .sdc                             64ff760e9112f1865db9
5_2_route                 .odb         1582           2342 f98c0b53c22cbe23ce2b
5_3_fillcell              .odb            1            335 702822363298b23b580f
6_1_fill                  .odb            0            250 702822363298b23b580f
6_1_fill                  .sdc                             64ff760e9112f1865db9
6_1_merge                                 4            607                  N/A
6_report                                161            932                  N/A
Total                                  2069           2342                     
